"",".id","tag_serial_number","row_id","animal_project_code","station_name","receiver_id","deploy_latitude","deploy_longitude","arrival","departure","detections","swimtime_s","swimdistance_m","speed_m_s","totaldistance_m","distance_to_source_m","downstream_migration","first_dist_to_use","first_dist_to_use_idx","time_first_dist_to_use","delta_totdist","delta_t","migration_speed","migration","residence","seg_id","downstream","zone","Tw","Q","R","S","turb","O","V","delta_Tw","delta_Q","cluster","photoperiod"
"1",1171746,1171746,1,"2019_Grotenete","rel_grotenete1","none",51.144779,5.003906,2019-10-09 17:30:00,2019-10-09 17:30:00,1,NA,NA,NA,0,0,NA,7635.421578,4,2019-12-14 22:38:28,7635.421578,5720908,0.0013346520478917,FALSE,0,"NA_rel_grotenete1",NA,"non-tidal",15.1175292104037,0.945299594119164,NA,5.13594684656229,57.7970151734188,6.00057559744355,0.415698732290214,NA,NA,NA,664
"2",1171746,1171746,2,"2019_Grotenete","gn-14","VR2W-122358",51.138267,4.996319,2019-12-14 18:43:45,2019-12-14 18:43:45,1,5706825,1048.509145,0.000184,1048.509145,1048.509145,TRUE,7635.421578,4,2019-12-14 22:38:28,6586.912433,14083,0.467720828871689,TRUE,0,"rel_grotenete1_gn-14",TRUE,"non-tidal",9.10686441937293,0.465300747659487,NA,5.03541414386442,105.470149897045,7.59099535197408,0.393066923416767,-6.01066479103078,-0.479998846459678,1,553.417910447761
"3",1171746,1171746,3,"2019_Grotenete","gn-13","VR2W-124066",51.119771,4.990306,2019-12-14 20:03:57,2019-12-14 20:06:33,2,4890,2389.94432,0.488741,3438.453465,3438.453465,TRUE,7635.421578,4,2019-12-14 22:38:28,4196.968113,9271,0.452698534462302,TRUE,156,"gn-14_gn-13",TRUE,"non-tidal",6.45564450453058,0.452651769944286,NA,2.06219164102702,221.321751013163,8.85368790752944,0.492901435817777,-2.65121991484235,-0.0126489777152011,2,475
"4",1171746,1171746,4,"2019_Grotenete","gn-11","VR2W-127720",51.09592,4.957142,2019-12-14 22:38:28,2019-12-14 22:38:28,1,9193,4338.377744,0.471922,7776.831209,7635.421578,TRUE,21357.312272,7,2019-12-15 04:09:01,13721.890694,19833,0.691871663086775,TRUE,0,"gn-13_gn-11",TRUE,"non-tidal",6.53054371133604,0.0602361191459324,NA,1.368803914528,189.203481767681,8.47375310842605,0.48409689419082,0.0748992068054566,-0.392415650798353,2,475
"5",1171746,1171746,5,"2019_Grotenete","gn-10","VR2W-122324",51.091558,4.945793,2019-12-14 23:07:27,2019-12-14 23:09:40,2,1805.5,1107.062052,0.613161,8883.893261,8742.48363,TRUE,21357.312272,7,2019-12-15 04:09:01,12614.828642,18094,0.697182969050514,TRUE,133,"gn-11_gn-10",TRUE,"non-tidal",6.54150362504225,0.0582930984048426,NA,1.17088210409958,169.129317099238,8.45291638656427,0.473592949653203,0.0109599137062117,-0.00194302074108978,2,475
"6",1171746,1171746,6,"2019_Grotenete","gn-9","VR2W-127109",51.081153,4.913762,2019-12-15 00:17:07,2019-12-15 00:19:42,2,4191,2855.524863,0.681347,11739.418124,11598.008493,TRUE,21357.312272,7,2019-12-15 04:09:01,9759.303779,13914,0.701401737746155,TRUE,155,"gn-10_gn-9",TRUE,"non-tidal",6.6054757290482,2.0354871218603,NA,1.06307015839137,126.64097662427,8.50098304878069,0.518920913599981,0.0639721040059475,1.97719402345546,2,475
"7",1171746,1171746,7,"2019_Grotenete","gn-7","VR2W-122340",51.061848,4.787587,2019-12-15 04:09:01,2019-12-15 04:11:04,2,13898,9817.88091,0.706424,21557.299034,21357.312272,TRUE,31338.233487,9,2019-12-15 18:38:13,9980.921215,52152,0.191381370129621,TRUE,123,"gn-9_gn-7",TRUE,"non-tidal",6.73729330036817,1.5545203665665,NA,1.0719444879363,89.6073784541895,8.60853879031955,0.878452336010701,0.131817571319977,-0.480966755293799,2,475
"8",1171746,1171746,8,"2019_Grotenete","gn-6","VR2W-122333",51.078636,4.757592,2019-12-15 05:29:40,2019-12-15 05:31:44,2,4839.5,3296.955011,0.681259,24854.254045,24654.267283,TRUE,31338.233487,9,2019-12-15 18:38:13,6683.966204,47313,0.141271240546996,TRUE,124,"gn-7_gn-6",TRUE,"non-tidal",6.77015092911723,0.412269369918066,NA,1.80884508493911,175.561405232652,8.84417350854315,0.707082146390813,0.0328576287490572,-1.14225099664844,2,475
"9",1171746,1171746,9,"2019_Grotenete","gn-5","VR2W-122332",51.125942,4.718199,2019-12-15 18:38:13,2019-12-15 18:45:45,5,47477,6683.966204,0.140783,31538.220249,31338.233487,TRUE,35783.626426,10,2019-12-15 21:28:33,4445.392939,10220,0.434969954892368,TRUE,452,"gn-6_gn-5",TRUE,"transition",6.81758308929479,0.223404589545936,NA,1.29543423494981,135.989048169196,8.68369381875613,0.531541442036386,0.0474321601775642,-0.18886478037213,2,474.5
"10",1171746,1171746,10,"2019_Grotenete","gn-4","VR2W-122353",51.135075,4.664932,2019-12-15 21:28:33,2019-12-15 21:33:12,3,10133.5,4503.97007,0.444463,36042.190319,35783.626426,TRUE,39887.614896,11,2019-12-15 23:05:41,4103.98847,5828,0.704184706588881,TRUE,279,"gn-5_gn-4",TRUE,"transition",6.75871925556936,0.0615105648190517,NA,1.30545210110812,176.254032187386,8.74139464229895,0.450900889629802,-0.0588638337254386,-0.161894024726884,2,474
"11",1171746,1171746,11,"2019_Grotenete","gn-3","VR2W-122365",51.130352,4.617316,2019-12-15 23:05:41,2019-12-15 23:07:47,2,5751.5,4186.83712,0.727956,40229.027439,39887.614896,TRUE,44215.902021,13,2019-12-16 00:39:48,4328.287125,5647,0.766475495838499,TRUE,126,"gn-4_gn-3",TRUE,"transition",6.82899891256537,1.45987411601286,NA,0.898693478538906,144.6816181537,8.46591992492628,0.389036842965679,0.0702796569960169,1.39836355119381,2,474
"12",1171746,1171746,12,"2019_Grotenete","gn-2","VR2W-127721",51.135829,4.5937,2019-12-15 23:59:39,2019-12-16 00:17:41,6,3716,2138.410314,0.57546,42367.437753,42026.025211,TRUE,46288.624568,14,2019-12-16 01:14:56,4262.599357,4517,0.94367929090104,TRUE,1082,"gn-3_gn-2",TRUE,"transition",6.86920629149745,1.59130656607705,NA,0.802949718777099,110.59628356748,8.32375453662453,0.359513009316715,0.0402073789320729,0.131432450064186,2,474
"13",1171746,1171746,13,"2019_Grotenete","bn-3","VR2W-124063",51.126391,4.571903,2019-12-16 00:39:48,2019-12-16 00:42:41,3,1954.5,2189.87681,1.120428,44557.314563,44215.902021,TRUE,50582.614153,15,2019-12-16 02:34:10,6366.712132,6862,0.927821645584378,TRUE,173,"gn-2_bn-3",TRUE,"tidal",6.87852820310085,1.26546747084595,NA,0.731433414280264,89.1321726156759,8.29427963706687,0.330615331621333,0.00932191160340334,-0.325839095231096,2,474
"14",1171746,1171746,14,"2019_Grotenete","bn-2","VR2W-124078",51.117416,4.549158,2019-12-16 01:14:56,2019-12-16 01:17:33,2,2100,2072.722547,0.987011,46630.03711,46288.624568,TRUE,50582.614153,15,2019-12-16 02:34:10,4293.989585,4754,0.903237186579723,TRUE,157,"bn-3_bn-2",TRUE,"tidal",6.85156113161063,0.613882815559165,NA,0.6889190389365,74.9528282235427,8.32433483177071,0.303595972314389,-0.0269670714902173,-0.651584655286788,2,474
"15",1171746,1171746,15,"2019_Grotenete","bn-1","VR2W-122351",51.093001,4.506837,2019-12-16 02:34:10,2019-12-16 20:13:44,24,36462.5,4293.989585,0.117765,50924.026695,50582.614153,TRUE,55176.559657,17,2019-12-16 21:17:17,4593.945504,67387,0.068172577856263,TRUE,63574,"bn-2_bn-1",TRUE,"tidal",6.80207629947184,0.507342251556987,NA,0.957316989423169,114.465070546443,8.4242319720781,0.249903102813856,-0.049484832138794,-0.106540564002178,2,474
"16",1171746,1171746,17,"2019_Grotenete","bn-Walem","VR2W-122339",51.07183,4.45474,2019-12-16 21:17:17,2019-12-16 21:22:25,4,35754,4593.945504,0.128488,55517.972199,55176.559657,TRUE,62601.734282,18,2019-12-16 23:12:37,7425.174625,6920,1.07300211343931,TRUE,308,"bn-1_bn-Walem",TRUE,"tidal",6.86472722682459,24.7628582518956,NA,0.79202668560543,104.813083136564,8.38034999798833,0.188926575498557,0.0626509273527569,24.2555160003386,2,474
"17",1171746,1171746,18,"2019_Grotenete","ru-1","VR2W-122328",51.082273,4.366215,2019-12-16 23:12:37,2019-12-16 23:12:37,1,6766,7425.174625,1.097425,62943.146824,62601.734282,TRUE,78555.442897,20,2019-12-17 11:35:22,15953.708615,44565,0.357987403006844,TRUE,0,"bn-Walem_ru-1",TRUE,"tidal",7.04583333318044,12.9035840049248,NA,0.327500000195306,87.2500000207871,8.01666666681575,0.0730214154776121,0.181106106355843,-11.8592742469708,2,474
"18",1171746,1171746,19,"2019_Grotenete","me-7-2b","VR2W-113524",51.1008,4.330483,2019-12-17 00:01:15,2019-12-17 00:04:50,3,3025.5,3445.459128,1.138807,66388.605952,66047.19341,TRUE,78555.442897,20,2019-12-17 11:35:22,12508.249487,41647,0.300339748049079,TRUE,215,"ru-1_me-7-2b",TRUE,"tidal",6.93133747418604,11.9564933407826,NA,0.541474159511769,98.1827203463043,8.28466130341205,0.102015056847011,-0.114495858994403,-0.947090664142159,2,474
"19",1171746,1171746,20,"2019_Grotenete","s-9","VR2W-127738",51.19068,4.33602,2019-12-17 11:35:22,2019-12-17 11:35:22,1,41539.5,12266.830326,0.295305,78896.855439,78555.442897,TRUE,86022.171044,21,2019-12-17 13:08:46,7466.728147,5604,1.33239260296217,TRUE,0,"me-7-2b_s-9",TRUE,"tidal",6.73813537143013,1.04027021059929,NA,1.28188407775467,159.596531957509,8.38443999093712,0.111770969884879,-0.193202102755909,-10.9162231301833,2,474
"20",1171746,1171746,21,"2019_Grotenete","s-10a","VR2W-127716",51.235423,4.396673,2019-12-17 13:08:46,2019-12-17 20:45:03,8,19292.5,7708.147308,0.399541,86363.583586,86022.171044,TRUE,100575.552435,23,2019-12-18 00:00:16,14553.381391,39090,0.372304461268867,TRUE,27377,"s-9_s-10a",TRUE,"tidal",6.88901560249188,22.4463728546984,NA,0.961553024622712,120.506723311702,8.65647275669681,0.13379877840844,0.150880231061758,21.4061026440991,2,473.5
"21",1171746,1171746,23,"2019_Grotenete","s-12","VR2W-127732",51.30305,4.28731,2019-12-18 00:00:16,2019-12-18 00:11:51,6,25749,14553.381391,0.565202,100916.964977,100575.552435,TRUE,125685.422688,24,2019-12-18 21:46:32,25109.870253,78376,0.320377031910279,TRUE,695,"s-10a_s-12",TRUE,"tidal",7.61365588628729,31.5663463110562,NA,1.94836173155262,140.006660341363,10.2974732937397,0.0900663079280549,0.724640283795405,9.11997345635787,2,473
"22",1171747,1171747,27,"2019_Grotenete","rel_grotenete1","none",51.144779,5.003906,2019-10-09 17:30:00,2019-10-09 17:30:00,1,NA,NA,NA,0,0,NA,NA,NA,NA,NA,NA,NA,FALSE,0,"NA_rel_grotenete1",NA,"non-tidal",15.1175292104037,0.0360252197987344,NA,5.13594684656229,57.7970151734188,6.00057559744355,0.415698732290214,NA,NA,NA,664
"23",1171748,1171748,28,"2019_Grotenete","rel_grotenete1","none",51.144779,5.003906,2019-10-02 13:00:00,2019-10-02 13:00:00,1,NA,NA,NA,0,0,NA,7635.421578,3,2019-11-01 20:51:00,7635.421578,2620260,0.00291399387007396,FALSE,0,"NA_rel_grotenete1",NA,"non-tidal",12.1393508590185,0.432485759411973,NA,5.62563199133096,57.0214730493612,3.5944588695473,0.384337026809563,NA,NA,NA,691
"24",1171748,1171748,29,"2019_Grotenete","gn-13","VR2W-124066",51.119771,4.990306,2019-10-02 20:27:01,2019-10-02 20:28:46,2,26873.5,3438.453465,0.12795,3438.453465,3438.453465,TRUE,7635.421578,3,2019-11-01 20:51:00,4196.968113,2593439,0.00161830222843105,FALSE,105,"rel_grotenete1_gn-13",TRUE,"non-tidal",15.2226479564584,0.616662430124208,NA,7.87964943322213,88.6462204042798,6.80140991370348,0.405523956860202,3.08329709743988,0.184176670712235,2,691
"25",1171748,1171748,30,"2019_Grotenete","gn-11","VR2W-127720",51.09592,4.957142,2019-11-01 20:51:00,2019-11-01 20:53:25,2,2593459,4338.377744,0.001673,7776.831209,7635.421578,TRUE,21357.312272,6,2019-11-03 19:09:48,13721.890694,166728,0.082301057374886,TRUE,145,"gn-13_gn-11",TRUE,"non-tidal",13.5314632332169,0.699996178173366,NA,5.77439094283247,85.9897191210396,6.52242010708718,0.32368220193009,-1.69118472324145,0.0833337480491582,1,634.129032258065
"26",1171748,1171748,31,"2019_Grotenete","gn-10","VR2W-122324",51.091558,4.945793,2019-11-01 21:25:37,2019-11-01 23:26:52,55,5642,1107.062052,0.196218,8883.893261,8742.48363,TRUE,21357.312272,6,2019-11-03 19:09:48,12614.828642,164651,0.0766155604399609,TRUE,7275,"gn-11_gn-10",TRUE,"non-tidal",10.4094903049657,0.528015223087447,NA,5.9644790438503,180.292845147926,7.26790645765765,0.25721446537235,-3.12197292825119,-0.171980955085919,2,579
"27",1171748,1171748,32,"2019_Grotenete","gn-9","VR2W-127109",51.081153,4.913762,2019-11-02 17:30:59,2019-11-02 17:35:09,3,68809.5,2855.524863,0.041499,11739.418124,11598.008493,TRUE,21357.312272,6,2019-11-03 19:09:48,9759.303779,92329,0.105701391534621,TRUE,250,"gn-10_gn-9",TRUE,"non-tidal",11.2333456507483,0.104650086185341,NA,5.60113676226441,133.598644227603,7.27608175194847,0.39963769469119,0.823855345782553,-0.423365136902106,2,577
"28",1171748,1171748,33,"2019_Grotenete","gn-7","VR2W-122340",51.061848,4.787587,2019-11-03 19:09:48,2019-11-03 19:16:51,5,92415.5,9817.88091,0.106236,21557.299034,21357.312272,TRUE,31338.233487,8,2019-11-04 01:20:57,9980.921215,22269,0.448197997889443,TRUE,423,"gn-9_gn-7",TRUE,"non-tidal",12.0697426787371,0.0275571097100007,NA,5.47489152547491,122.769291520244,7.16141945721138,0.920317226181453,0.836397027988788,-0.0770929764753403,2,573.5
"29",1171748,1171748,34,"2019_Grotenete","gn-6","VR2W-122333",51.078636,4.757592,2019-11-03 20:43:18,2019-11-03 20:43:18,1,5398.5,3296.955011,0.610717,24854.254045,24654.267283,TRUE,31338.233487,8,2019-11-04 01:20:57,6683.966204,16659,0.401222534605919,TRUE,0,"gn-7_gn-6",TRUE,"non-tidal",12.3859504070988,1.10193706789522,NA,7.32237501681134,117.478650626477,7.5084396770374,0.709291138047368,0.316207728361722,1.07437995818522,2,572
"30",1171748,1171748,35,"2019_Grotenete","gn-5","VR2W-122332",51.125942,4.718199,2019-11-04 01:20:57,2019-11-04 01:23:28,2,16734.5,6683.966204,0.399412,31538.220249,31338.233487,TRUE,35783.626426,9,2019-11-04 17:06:56,4445.392939,56759,0.0783204943533184,TRUE,151,"gn-6_gn-5",TRUE,"transition",12.2945753265275,0.8219606345631,NA,5.24768594322443,128.981642905906,7.0062422276867,0.508427936695183,-0.091375080571332,-0.279976433332124,2,572
"31",1171748,1171748,36,"2019_Grotenete","gn-4","VR2W-122353",51.135075,4.664932,2019-11-04 17:06:56,2019-11-04 17:10:26,3,56788.5,4503.97007,0.079311,36042.190319,35783.626426,TRUE,39887.614896,10,2019-11-04 19:10:26,4103.98847,7410,0.553844597840755,TRUE,210,"gn-5_gn-4",TRUE,"transition",12.2617444470157,0.801596252849747,NA,4.45289961806657,93.2085911150131,6.59548591436166,0.425018991678351,-0.0328308795117405,-0.0203643817133531,2,570
"32",1171748,1171748,37,"2019_Grotenete","gn-3","VR2W-122365",51.130352,4.617316,2019-11-04 19:10:26,2019-11-04 19:40:33,15,8208.5,4186.83712,0.510061,40229.027439,39887.614896,TRUE,44215.902021,12,2019-11-04 23:18:19,4328.287125,14873,0.291016413971627,TRUE,1807,"gn-4_gn-3",TRUE,"transition",12.3553321189856,0.357279624916332,NA,4.60139534079539,119.94423646127,6.57912961442384,0.357153800239597,0.0935876719698765,-0.444316627933415,2,568
"33",1171748,1171748,38,"2019_Grotenete","gn-2","VR2W-127721",51.135829,4.5937,2019-11-04 22:05:25,2019-11-04 22:50:13,13,10939.5,2138.410314,0.195476,42367.437753,42026.025211,TRUE,46288.624568,13,2019-11-05 00:01:23,4262.599357,6958,0.61261847614257,TRUE,2688,"gn-3_gn-2",TRUE,"transition",12.4453016443317,0.138592891873236,NA,5.82855848478103,109.226978395634,7.19227445661121,0.326029453868644,0.0899695253461168,-0.218686733043096,2,568
"34",1171748,1171748,39,"2019_Grotenete","bn-3","VR2W-124063",51.126391,4.571903,2019-11-04 23:18:19,2019-11-04 23:23:18,3,3179.5,2189.87681,0.688749,44557.314563,44215.902021,TRUE,50582.614153,14,2019-11-05 01:20:24,6366.712132,7325,0.869175717679181,TRUE,299,"gn-2_bn-3",TRUE,"tidal",12.3325657788964,15.4392844086842,NA,4.88781176378644,129.98193409194,6.92047584431081,0.296806923013797,-0.112735865435283,15.300691516811,2,568
"35",1171748,1171748,40,"2019_Grotenete","bn-2","VR2W-124078",51.117416,4.549158,2019-11-05 00:01:23,2019-11-05 00:06:46,4,2596,2072.722547,0.798429,46630.03711,46288.624568,TRUE,50582.614153,14,2019-11-05 01:20:24,4293.989585,4741,0.905713896857204,TRUE,323,"bn-3_bn-2",TRUE,"tidal",12.288047731418,8.9040718920007,NA,4.12084089313037,127.651794911438,6.46648278187702,0.270561781132605,-0.0445180474784266,-6.5352125166835,2,568
"36",1171748,1171748,41,"2019_Grotenete","bn-1","VR2W-122351",51.093001,4.506837,2019-11-05 01:20:24,2019-11-05 01:32:41,8,4948,4293.989585,0.867823,50924.026695,50582.614153,TRUE,55176.559657,15,2019-11-05 02:59:16,4593.945504,5932,0.77443450842886,TRUE,737,"bn-2_bn-1",TRUE,"tidal",12.2307642236108,8.25053537388713,NA,3.25569263044262,104.139531442921,6.03151404948346,0.217926510645367,-0.0572835078072256,-0.653536518113569,2,568
"37",1171748,1171748,42,"2019_Grotenete","bn-Walem","VR2W-122339",51.07183,4.45474,2019-11-05 02:59:16,2019-11-05 03:07:24,4,5807.5,4593.945504,0.791037,55517.972199,55176.559657,TRUE,62601.734282,16,2019-11-05 12:29:49,7425.174625,34233,0.216901078637572,TRUE,488,"bn-1_bn-Walem",TRUE,"tidal",12.1503115767018,0.719590087544363,NA,2.37009443510451,76.6597532510524,5.798777584082,0.162122608246644,-0.0804526469089382,-7.53094528634277,2,568
"38",1171748,1171748,43,"2019_Grotenete","ru-1","VR2W-122328",51.082273,4.366215,2019-11-05 12:29:49,2019-11-05 13:01:40,10,34944.5,7425.174625,0.212485,62943.146824,62601.734282,TRUE,72906.866784,18,2019-11-05 23:30:27,10305.132502,39638,0.259981141884051,TRUE,1911,"bn-Walem_ru-1",TRUE,"tidal",11.9247863250727,0.334857030926557,NA,0.703247864549092,54.7777777947701,5.40940170981137,0.0532300152574363,-0.225525251629147,-0.384733056617806,2,566.5
"39",1171748,1171748,44,"2019_Grotenete","me-7-2b","VR2W-113524",51.1008,4.330483,2019-11-05 14:02:46,2019-11-05 14:11:57,4,4897,3445.459128,0.703586,66388.605952,66047.19341,TRUE,72906.866784,18,2019-11-05 23:30:27,6859.67337399999,34061,0.201393775109362,TRUE,551,"ru-1_me-7-2b",TRUE,"tidal",12.1695435972817,0.264990916771584,NA,1.92093490707024,88.7720255863636,5.64356929667161,0.0804531881043589,0.244757272209016,-0.069866114154973,2,565
"40",1171748,1171748,45,"2019_Grotenete","s-8","VR2W-112295",51.14319,4.33078,2019-11-05 23:30:27,2019-11-05 23:32:08,2,33836,6859.673374,0.202733,73248.279326,72906.866784,TRUE,78555.442897,19,2019-11-06 00:24:07,5648.576113,3220,1.75421618416149,TRUE,101,"me-7-2b_s-8",TRUE,"tidal",12.2210526318207,13.6734099942526,NA,4.03943412026971,124.121234687248,6.87992467737832,0.0243151173013775,0.0515090345389648,13.408419077481,2,565
"41",1171748,1171748,46,"2019_Grotenete","s-9","VR2W-127738",51.19068,4.33602,2019-11-06 00:24:07,2019-11-06 00:30:20,5,3356,5407.156952,1.611191,78896.855439,78555.442897,TRUE,86022.171044,20,2019-11-06 01:49:13,7466.728147,5106,1.46234393791618,TRUE,373,"s-8_s-9",TRUE,"tidal",12.3611783502933,10.1723707529665,NA,5.50922561047403,153.267209476956,7.25149058604335,0.089806277420996,0.140125718472634,-3.50103924128609,2,565
"42",1171748,1171748,47,"2019_Grotenete","s-10a","VR2W-127716",51.235423,4.396673,2019-11-06 01:49:13,2019-11-06 01:53:59,4,5062.5,7708.147308,1.522597,86363.583586,86022.171044,TRUE,100575.552435,21,2019-11-06 14:12:35,14553.381391,44602,0.326294367763777,TRUE,286,"s-9_s-10a",TRUE,"tidal",12.7018282804939,0.909270884782472,NA,6.77604160151937,134.107368460806,7.12470776663566,0.113466739089862,0.3406499302006,-9.263099868184,2,565
"43",1171748,1171748,48,"2019_Grotenete","s-12","VR2W-127732",51.30305,4.28731,2019-11-06 14:12:35,2019-11-06 14:14:10,2,44506.5,14553.381391,0.326995,100916.964977,100575.552435,TRUE,125923.958763,23,2019-11-07 04:40:13,25348.406328,52058,0.486926242421914,TRUE,95,"s-10a_s-12",TRUE,"tidal",13.1741627386943,0.619168646881653,NA,15.1478289277231,41.8516229412804,7.89463453706194,0.0794792326568445,0.472334458200356,-0.290102237900819,2,563.5
"44",1171748,1171748,49,"2019_Grotenete","s-STD3","VR2W-134898",51.330504,4.270161,2019-11-06 15:45:58,2019-11-06 15:51:46,2,5729.5,3855.62017,0.672942,104772.585147,104431.172605,TRUE,125923.958763,23,2019-11-07 04:40:13,21492.786158,46455,0.462658188741793,TRUE,348,"s-12_s-STD3",TRUE,"tidal",12.9479563325595,34.3674550473608,NA,11.66187770212,70.8590461296768,7.41128849532689,0.0480062446598153,-0.226206406134757,33.7482864004792,2,562
"45",1171749,1171749,57,"2019_Grotenete","rel_grotenete1","none",51.144779,5.003906,2019-10-02 13:00:00,2019-10-02 13:00:00,1,NA,NA,NA,0,0,NA,7635.421578,4,2019-11-27 21:49:40,7635.421578,4870180,0.00156779042622655,FALSE,0,"NA_rel_grotenete1",NA,"non-tidal",12.1393508590185,0.0598757705134101,NA,5.62563199133096,57.0214730493612,3.5944588695473,0.384337026809563,NA,NA,NA,691
"46",1171749,1171749,58,"2019_Grotenete","gn-14","VR2W-122358",51.138267,4.996319,2019-11-27 18:43:17,2019-11-27 18:44:41,2,4859039,1048.509145,0.000216,1048.509145,1048.509145,TRUE,7635.421578,4,2019-11-27 21:49:40,6586.912433,11183,0.589011216399893,TRUE,84,"rel_grotenete1_gn-14",TRUE,"non-tidal",10.4838451568201,0.0319599947753942,NA,5.64492122020536,91.7612910851113,7.16096359707634,0.382494448602703,-1.65550570219843,-0.0279157757380159,1,589.245614035088
"47",1171749,1171749,59,"2019_Grotenete","gn-13","VR2W-124066",51.119771,4.990306,2019-11-27 19:45:06,2019-11-27 19:46:54,2,3721,2389.94432,0.642285,3438.453465,3438.453465,TRUE,7635.421578,4,2019-11-27 21:49:40,4196.968113,7474,0.561542428819909,TRUE,108,"gn-14_gn-13",TRUE,"non-tidal",9.28196404992524,0.170941956620859,NA,5.62390325145361,113.011028494199,8.97621282996897,0.393550652315836,-1.20188110689484,0.138981961845465,2,501
"48",1171749,1171749,60,"2019_Grotenete","gn-11","VR2W-127720",51.09592,4.957142,2019-11-27 21:49:40,2019-11-27 21:51:08,2,7464,4338.377744,0.58124,7776.831209,7635.421578,TRUE,21357.312272,7,2019-12-01 18:00:30,13721.890694,331850,0.0413496781497665,TRUE,88,"gn-13_gn-11",TRUE,"non-tidal",9.22457788706422,1.17553937312121,NA,4.82565942024832,103.314594270426,8.72022908569987,0.348048385860651,-0.0573861628610111,1.00459741650035,2,501
"49",1171749,1171749,61,"2019_Grotenete","gn-10","VR2W-122324",51.091558,4.945793,2019-11-27 22:13:56,2019-11-27 22:16:19,2,1483.5,1107.062052,0.74625,8883.893261,8742.48363,TRUE,21357.312272,7,2019-12-01 18:00:30,12614.828642,330394,0.0381811674606682,TRUE,143,"gn-11_gn-10",TRUE,"non-tidal",9.29788407236459,0.797293307369194,NA,4.34028712351321,90.1717210875592,8.41635124756956,0.322248177782415,0.0733061853003694,-0.378246065752016,2,501
"50",1171749,1171749,62,"2019_Grotenete","gn-9","VR2W-127109",51.081153,4.913762,2019-11-27 23:27:05,2019-11-27 23:29:05,2,4377.5,2855.524863,0.652319,11739.418124,11598.008493,TRUE,21357.312272,7,2019-12-01 18:00:30,9759.303779,326005,0.0299360555175534,TRUE,120,"gn-10_gn-9",TRUE,"non-tidal",9.22948737778915,0.574804771302633,NA,4.24743603358128,72.4596363583946,8.20323460500887,0.420116252182397,-0.0683966945754477,-0.222488536066561,2,501
"51",1171749,1171749,63,"2019_Grotenete","gn-7","VR2W-122340",51.061848,4.787587,2019-12-01 18:00:30,2019-12-15 15:00:51,7074,925355.5,9817.88091,0.01061,21557.299034,21357.312272,TRUE,31338.233487,19,2019-12-15 19:15:17,9980.921215,1214087,0.00822092750766626,TRUE,1198821,"gn-9_gn-7",TRUE,"non-tidal",7.43083420103547,0.0358489260607118,NA,4.06554578628831,114.573781194114,8.37900125390108,0.923211694654025,-1.79865317675368,-0.538955845241921,1,490.333333333333
"52",1171749,1171749,74,"2019_Grotenete","gn-6","VR2W-122333",51.078636,4.757592,2019-12-15 16:26:33,2019-12-15 16:30:02,3,604657,3296.955011,0.005453,24854.254045,24654.267283,TRUE,31338.233487,19,2019-12-15 19:15:17,6683.966204,10124,0.660210016199131,TRUE,209,"gn-7_gn-6",TRUE,"non-tidal",7.01233690767391,0.0447244239845842,NA,1.90057103049558,161.101994486394,8.70443673100835,0.713255093133839,-0.418497293361553,0.00887549792387238,1,477.5
"53",1171749,1171749,75,"2019_Grotenete","gn-5","VR2W-122332",51.125942,4.718199,2019-12-15 19:15:17,2019-12-15 19:23:58,6,10280,6683.966204,0.650191,31538.220249,31338.233487,TRUE,35783.626426,20,2019-12-15 21:33:56,4445.392939,8319,0.534366262651761,TRUE,521,"gn-6_gn-5",TRUE,"transition",6.7611913118186,1.75651875682348,NA,1.87200425502723,155.808977315893,8.89633295740895,0.528986495698715,-0.251145595855313,1.71179433283889,2,474
"54",1171749,1171749,76,"2019_Grotenete","gn-4","VR2W-122353",51.135075,4.664932,2019-12-15 21:33:56,2019-12-15 21:39:09,3,8215,4503.97007,0.548262,36042.190319,35783.626426,TRUE,39887.614896,21,2019-12-15 23:03:54,4103.98847,5398,0.76027944979622,TRUE,313,"gn-5_gn-4",TRUE,"transition",6.76792582166211,1.64633182006815,NA,1.19989479138471,182.301426840221,8.70197154696576,0.450537622974338,0.00673450984351032,-0.110186936755331,2,474
"55",1171749,1171749,77,"2019_Grotenete","gn-3","VR2W-122365",51.130352,4.617316,2019-12-15 23:03:54,2019-12-15 23:07:37,3,5353,4186.83712,0.782148,40229.027439,39887.614896,TRUE,44215.902021,23,2019-12-16 00:24:29,4328.287125,4835,0.895198991726991,TRUE,223,"gn-4_gn-3",TRUE,"transition",6.83085993735673,1.55902456845458,NA,0.895334104964425,144.930048170448,8.46091345830289,0.389128501303728,0.0629341156946168,-0.0873072516135682,2,474
"56",1171749,1171749,78,"2019_Grotenete","gn-2","VR2W-127721",51.135829,4.5937,2019-12-15 23:49:57,2019-12-16 00:04:55,6,3100.5,2138.410314,0.689699,42367.437753,42026.025211,TRUE,46288.624568,24,2019-12-16 00:55:52,4262.599357,3955,1.07777480581542,TRUE,898,"gn-3_gn-2",TRUE,"transition",6.87020844098386,0.688442723744698,NA,0.812817331996066,114.450619836872,8.33256979647329,0.359773367465751,0.0393485036271306,-0.870581844709881,2,474
"57",1171749,1171749,79,"2019_Grotenete","bn-3","VR2W-124063",51.126391,4.571903,2019-12-16 00:24:29,2019-12-16 00:28:58,3,1757.5,2189.87681,1.246018,44557.314563,44215.902021,TRUE,50582.614153,25,2019-12-16 01:54:30,6366.712132,5401,1.17880246843177,TRUE,269,"gn-2_bn-3",TRUE,"tidal",6.88544553660331,0.507342251556987,NA,0.744374287191156,95.3462723834227,8.26846936380185,0.329965525964821,0.015237095619451,-0.181100472187711,2,474
"58",1171749,1171749,80,"2019_Grotenete","bn-2","VR2W-124078",51.117416,4.549158,2019-12-16 00:55:52,2019-12-16 00:58:07,2,1816,2072.722547,1.141367,46630.03711,46288.624568,TRUE,50582.614153,25,2019-12-16 01:54:30,4293.989585,3518,1.22057691444002,TRUE,135,"bn-3_bn-2",TRUE,"tidal",6.8759633008776,27.1514470953916,NA,0.708470174199308,84.5090080444909,8.31119536371931,0.304059568384481,-0.00948223572570939,26.6441048438346,2,474
"59",1171749,1171749,81,"2019_Grotenete","bn-1","VR2W-122351",51.093001,4.506837,2019-12-16 01:54:30,2019-12-16 07:51:07,32,14149,4293.989585,0.303484,50924.026695,50582.614153,TRUE,55176.559657,27,2019-12-16 08:53:56,4593.945504,25166,0.182545716601764,TRUE,21397,"bn-2_bn-1",TRUE,"tidal",6.87614108651718,15.6586555768891,NA,0.766233918228189,76.8447206945214,8.33626852261368,0.2501073752034,0.000177785639576378,-11.4927915185024,2,474
"60",1171749,1171749,83,"2019_Grotenete","bn-Walem","VR2W-122339",51.07183,4.45474,2019-12-16 08:53:56,2019-12-16 09:00:18,4,14658.5,4593.945504,0.313398,55517.972199,55176.559657,TRUE,62601.734282,28,2019-12-16 10:49:24,7425.174625,6928,1.07176308097575,TRUE,382,"bn-1_bn-Walem",TRUE,"tidal",6.68613530905411,14.5093495775459,NA,1.09056687461851,132.211060062373,8.48732714138888,0.193663334654633,-0.190005777463062,-1.14930599934322,2,474
"61",1171749,1171749,84,"2019_Grotenete","ru-1","VR2W-122328",51.082273,4.366215,2019-12-16 10:49:24,2019-12-16 10:51:28,2,6799,7425.174625,1.092098,62943.146824,62601.734282,TRUE,75006.647038,30,2019-12-16 15:07:18,12404.912756,15474,0.801661674809358,TRUE,124,"bn-Walem_ru-1",TRUE,"tidal",7.14166666641642,1.26546747084595,NA,0.31541666687794,77.7500000246687,7.79583333354368,0.0853764069429728,0.455531357362305,-13.2438821067,2,474
"62",1171749,1171749,85,"2019_Grotenete","me-7-2b","VR2W-113524",51.1008,4.330483,2019-12-16 11:39:59,2019-12-16 11:42:59,3,3063,3445.459128,1.124864,66388.605952,66047.19341,TRUE,75006.647038,30,2019-12-16 15:07:18,8959.45362799999,12439,0.720271213763163,TRUE,180,"ru-1_me-7-2b",TRUE,"tidal",6.9332861692637,0.613882815559165,NA,0.568367839719496,99.2069995771943,8.24479030295838,0.112621152646276,-0.208380497152715,-0.651584655286788,2,474
"63",1171749,1171749,86,"2019_Grotenete","s-7","VR2W-115442",51.11414,4.24123,2019-12-16 15:07:18,2019-12-16 15:13:55,2,12547.5,8959.453628,0.714043,75348.05958,75006.647038,TRUE,86022.171044,36,2019-12-17 07:24:10,11015.524006,58612,0.1879397394049,TRUE,397,"me-7-2b_s-7",FALSE,"tidal",6.79677825427109,48.632520439105,NA,0.724618474293665,105.64918369613,8.47023428912756,0.0856018397727239,-0.136507914992614,48.0186376235458,2,474
"64",1171749,1171749,87,"2019_Grotenete","s-6","VR2W-115441",51.12267069,4.21890556,2019-12-16 15:42:16,2019-12-16 20:20:24,5,10243.5,1948.433424,0.190212,77296.493004,76955.080462,TRUE,86022.171044,36,2019-12-17 07:24:10,9067.090582,56514,0.160439724351488,TRUE,16688,"s-7_s-6",FALSE,"tidal",6.55039749314074,27.0836264404091,NA,1.22845102086869,200.600157040202,8.4074793154512,0.10092266327257,-0.246380761130348,-21.5488939986959,2,474
"65",1171749,1171749,89,"2019_Grotenete","s-7","VR2W-115442",51.11414,4.24123,2019-12-16 20:51:31,2019-12-16 20:51:31,1,10211,1948.433424,0.190817,79244.926428,75006.647038,NA,NA,NA,NA,NA,NA,NA,TRUE,0,"s-6_s-7",TRUE,"tidal",6.64412897872118,21.9829741140919,NA,2.10721996412346,224.485196983947,8.49798443247856,0.0811865163789245,0.0937314855804372,-5.10065232631724,2,474
"66",1171749,1171749,90,"2019_Grotenete","s-8","VR2W-127719",51.14222,4.32646,2019-12-16 22:22:08,2019-12-16 22:22:08,1,5437,7752.382046,1.425857,86697.304106,72606.862417,NA,78555.442897,35,2019-12-16 23:21:37,5948.58048,3569,1.66673591482208,TRUE,0,"s-7_s-8",TRUE,"tidal",6.57237942061635,2.09657217966021,NA,1.08378648026043,193.306047813829,8.46548078553391,0.0523732661811327,-0.071749558104826,-19.8864019344316,2,474
"67",1171749,1171749,91,"2019_Grotenete","s-9","VR2W-127738",51.19068,4.33602,2019-12-16 23:21:37,2019-12-16 23:35:40,7,3990.5,5407.156952,1.355007,92645.884587,78555.442897,TRUE,86022.171044,36,2019-12-17 07:24:10,7466.728147,28953,0.257891346216282,TRUE,843,"s-8_s-9",TRUE,"tidal",6.70067294085007,1.04027021059929,NA,0.949445954014592,164.386093903243,8.40119678827793,0.11176921600444,0.12829352023372,-1.05630196906092,2,474
"68",1171749,1171749,92,"2019_Grotenete","s-10a","VR2W-127716",51.235423,4.396673,2019-12-17 07:24:10,2019-12-17 07:32:52,4,28792.5,7708.147308,0.267714,100112.612734,86022.171044,TRUE,100575.552435,37,2019-12-17 10:54:14,14553.381391,12604,1.1546637092193,TRUE,522,"s-9_s-10a",TRUE,"tidal",6.88712261010227,23.548642816126,NA,1.29909512824286,124.210233343652,8.79244634546672,0.134757864110384,0.186449669252193,22.5083726055267,2,474
"69",1171749,1171749,93,"2019_Grotenete","s-12","VR2W-127732",51.30305,4.28731,2019-12-17 10:54:14,2019-12-17 10:54:14,1,12343,14553.381391,1.17908,114665.994125,100575.552435,TRUE,125171.186063,39,2019-12-18 08:43:33,24595.633628,78559,0.31308486141626,TRUE,0,"s-10a_s-12",TRUE,"tidal",7.45671648415649,34.8268221515443,NA,2.18348508778043,180.738502573538,10.2085206541241,0.0911150457014992,0.569593874054223,11.2781793354183,2,474
"70",1171749,1171749,94,"2019_Grotenete","s-STD3","VR2W-134898",51.330504,4.270161,2019-12-17 12:10:58,2019-12-17 12:12:53,2,4661.5,3855.62017,0.82712,118521.614295,104431.172605,TRUE,125171.186063,39,2019-12-18 08:43:33,20740.013458,73955,0.28044099057535,TRUE,115,"s-12_s-STD3",TRUE,"tidal",7.32277213935149,28.0752888791453,NA,1.6782171581593,206.061104297212,9.35617708199071,0.0541664992348501,-0.133944344805002,-6.75153327239901,2,473.5
"71",1171750,1171750,102,"2019_Grotenete","rel_grotenete1","none",51.144779,5.003906,2019-10-02 13:00:00,2019-10-02 13:00:00,1,NA,NA,NA,0,0,NA,7635.421578,4,2019-11-28 04:23:56,7635.421578,4893836,0.00156021198462719,FALSE,0,"NA_rel_grotenete1",NA,"non-tidal",12.1393508590185,0.432485759411973,NA,5.62563199133096,57.0214730493612,3.5944588695473,0.384337026809563,NA,NA,NA,691
"72",1171750,1171750,103,"2019_Grotenete","gn-14","VR2W-122358",51.138267,4.996319,2019-11-27 18:17:02,2019-11-27 18:17:02,1,4857422,1048.509145,0.000216,1048.509145,1048.509145,TRUE,7635.421578,4,2019-11-28 04:23:56,6586.912433,36414,0.180889559867084,TRUE,0,"rel_grotenete1_gn-14",TRUE,"non-tidal",10.4842599360434,0.184170695707677,NA,5.6447247171603,91.7511323383563,7.16021370365135,0.382488675676975,-1.65509092297514,-0.248315063704295,1,589.245614035088
"73",1171750,1171750,104,"2019_Grotenete","gn-13","VR2W-124066",51.119771,4.990306,2019-11-27 19:19:05,2019-11-27 19:20:33,2,3767,2389.94432,0.634442,3438.453465,3438.453465,TRUE,7635.421578,4,2019-11-28 04:23:56,4196.968113,32691,0.128382983481692,TRUE,88,"gn-14_gn-13",TRUE,"non-tidal",9.25762997475323,0.812152563681056,NA,5.95289511320527,114.421510120795,9.03013527793554,0.392611770106997,-1.22662996129014,0.627981867973379,2,501
"74",1171750,1171750,105,"2019_Grotenete","gn-11","VR2W-127720",51.09592,4.957142,2019-11-28 04:23:56,2019-11-28 04:23:56,1,32647,4338.377744,0.132887,7776.831209,7635.421578,TRUE,21357.312272,7,2019-11-28 18:43:52,13721.890694,51596,0.265948730405458,TRUE,0,"gn-13_gn-11",TRUE,"non-tidal",9.27880655423186,0.687094585306705,NA,5.35764192425457,93.046531437945,8.66760685200621,0.356523824459365,0.0211765794786309,-0.125057978374351,2,501
"75",1171750,1171750,106,"2019_Grotenete","gn-10","VR2W-122324",51.091558,4.945793,2019-11-28 04:45:39,2019-11-28 04:45:39,1,1303,1107.062052,0.849626,8883.893261,8742.48363,TRUE,21357.312272,7,2019-11-28 18:43:52,12614.828642,50293,0.250826728212674,TRUE,0,"gn-11_gn-10",TRUE,"non-tidal",9.23152320186811,0.0714535305332775,NA,8.29792368510041,61.0614686179016,9.23271548739052,0.338110880946816,-0.0472833523637526,-0.615641054773427,2,501
"76",1171750,1171750,107,"2019_Grotenete","gn-9","VR2W-127109",51.081153,4.913762,2019-11-28 05:34:12,2019-11-28 05:34:12,1,2913,2855.524863,0.980269,11739.418124,11598.008493,TRUE,21357.312272,7,2019-11-28 18:43:52,9759.303779,47380,0.205979395926551,TRUE,0,"gn-10_gn-9",TRUE,"non-tidal",9.12702494692568,0.0342219087809678,NA,7.82753576753587,55.6494334083254,9.28118218679063,0.429349548395716,-0.104498254942429,-0.0372316217523097,2,501
"77",1171750,1171750,108,"2019_Grotenete","gn-7","VR2W-122340",51.061848,4.787587,2019-11-28 18:43:52,2019-11-28 18:43:52,1,47380,9817.88091,0.207216,21557.299034,21357.312272,TRUE,31338.233487,9,2019-11-28 22:40:09,9980.921215,14177,0.704022093179093,TRUE,0,"gn-9_gn-7",TRUE,"non-tidal",9.04707189978078,1.60262159014799,NA,5.60952082474798,100.602589246856,8.70359240166791,0.916933308088109,-0.0799530471449046,1.56839968136702,2,500
"78",1171750,1171750,109,"2019_Grotenete","gn-6","VR2W-122333",51.078636,4.757592,2019-11-28 19:57:10,2019-11-28 19:57:10,1,4398,3296.955011,0.749649,24854.254045,24654.267283,TRUE,31338.233487,9,2019-11-28 22:40:09,6683.966204,9779,0.683502014929952,TRUE,0,"gn-7_gn-6",TRUE,"non-tidal",8.95877760826164,0.959717780896057,NA,5.76942722483437,128.353128656395,9.01432426861674,0.713481448193074,-0.0882942915191389,-0.642903809251929,2,499
"79",1171750,1171750,110,"2019_Grotenete","gn-5","VR2W-122332",51.125942,4.718199,2019-11-28 22:40:09,2019-11-28 22:40:09,1,9779,6683.966204,0.683502,31538.220249,31338.233487,TRUE,35783.626426,10,2019-11-29 00:21:29,4445.392939,6080,0.73115015444079,TRUE,0,"gn-6_gn-5",TRUE,"transition",9.01207870473485,0.943432921001231,NA,4.38638007957417,114.281544976237,8.33218371935456,0.518816663872838,0.0533010964732163,-0.0162848598948254,2,499
"80",1171750,1171750,111,"2019_Grotenete","gn-4","VR2W-122353",51.135075,4.664932,2019-11-29 00:21:29,2019-11-29 00:24:09,2,6160,4503.97007,0.731164,36042.190319,35783.626426,TRUE,39887.614896,11,2019-11-29 01:51:09,4103.98847,5380,0.762823135687732,TRUE,160,"gn-5_gn-4",TRUE,"transition",9.12272089286533,0.418064733275286,NA,3.60251286062774,83.7980123393984,7.89142207045759,0.436827888048206,0.110642188130482,-0.525368187725945,2,499
"81",1171750,1171750,112,"2019_Grotenete","gn-3","VR2W-122365",51.130352,4.617316,2019-11-29 01:51:09,2019-11-29 01:53:48,2,5379.5,4186.83712,0.778295,40229.027439,39887.614896,TRUE,44215.902021,16,2019-11-29 21:31:40,4328.287125,70831,0.0611072429444735,TRUE,159,"gn-4_gn-3",TRUE,"transition",9.08559136335272,0.166144586971908,NA,3.79853084863674,70.883177634902,7.86630203942592,0.37230981545261,-0.0371295295126117,-0.251920146303378,2,499
"82",1171750,1171750,113,"2019_Grotenete","gn-2","VR2W-127721",51.135829,4.5937,2019-11-29 02:43:03,2019-11-29 04:50:29,27,6857.5,2138.410314,0.311835,42367.437753,42026.025211,NA,NA,NA,NA,NA,NA,NA,TRUE,7646,"gn-3_gn-2",TRUE,"transition",8.98855195016632,0.0393335675039017,NA,4.26972508721811,80.6774984762614,8.16157710487706,0.342019411910006,-0.0970394131863994,-0.126811019468006,2,499
"83",1171750,1171750,114,"2019_Grotenete","gn-3","VR2W-122365",51.130352,4.617316,2019-11-29 05:44:19,2019-11-29 20:04:42,6,32864.5,2138.410314,0.065067,44505.848067,39887.614896,TRUE,44215.902021,16,2019-11-29 21:31:40,4328.287125,56841,0.0761472726553017,TRUE,51623,"gn-2_gn-3",FALSE,"transition",8.92957763521465,0.939974564550617,NA,4.66450497674431,107.520836057499,8.27590583098318,0.370563356557342,-0.0589743149516693,0.900640997046715,2,498
"84",1171750,1171750,116,"2019_Grotenete","gn-2","VR2W-127721",51.135829,4.5937,2019-11-29 20:58:12,2019-11-29 21:12:45,6,29458,2138.410314,0.072592,46644.258381,42026.025211,TRUE,46288.624568,17,2019-11-29 22:02:40,4262.599357,3868,1.10201637978283,TRUE,873,"gn-3_gn-2",TRUE,"transition",8.8671268194627,1.00424256338868,NA,4.61823651477718,110.830094703503,8.18201992493989,0.342250031674441,-0.0624508157519568,0.0642679988380676,2,497
"85",1171750,1171750,117,"2019_Grotenete","bn-3","VR2W-124063",51.126391,4.571903,2019-11-29 21:31:40,2019-11-29 21:33:48,2,1635.5,2189.87681,1.338965,48834.135191,44215.902021,TRUE,50582.614153,18,2019-11-29 22:58:13,6366.712132,5193,1.22601812670903,TRUE,128,"gn-2_bn-3",TRUE,"tidal",8.92314567898012,0.893123521710517,NA,3.65669845547595,116.50642660537,7.53727966106423,0.309996623704416,0.0560188595174189,-0.111119041678167,2,497
"86",1171750,1171750,118,"2019_Grotenete","bn-2","VR2W-124078",51.117416,4.549158,2019-11-29 22:02:40,2019-11-29 22:04:52,2,1862,2072.722547,1.11317,50906.857738,46288.624568,TRUE,50582.614153,18,2019-11-29 22:58:13,4293.989585,3333,1.28832570807081,TRUE,132,"bn-3_bn-2",TRUE,"tidal",8.93379221612613,0.433257428405689,NA,3.32164326774793,110.207619388011,7.41475600822159,0.283561471922508,0.0106465371460178,-0.459866093304828,2,497
"87",1171750,1171750,119,"2019_Grotenete","bn-1","VR2W-122351",51.093001,4.506837,2019-11-29 22:58:13,2019-11-29 23:08:40,6,3580.5,4293.989585,1.199271,55200.847323,50582.614153,TRUE,55176.559657,19,2019-11-30 00:07:17,4593.945504,4144,1.10857758301158,TRUE,627,"bn-2_bn-1",TRUE,"tidal",8.99317546911408,0.358064753825883,NA,2.75232815879946,98.3532258828076,7.30193990079605,0.229804457010472,0.0593832529879439,-0.0751926745798061,2,497
"88",1171750,1171750,120,"2019_Grotenete","bn-Walem","VR2W-122339",51.07183,4.45474,2019-11-30 00:07:17,2019-11-30 00:09:22,2,3893,4593.945504,1.180053,59794.792827,55176.559657,TRUE,62601.734282,20,2019-11-30 07:34:06,7425.174625,26809,0.276965743780074,TRUE,125,"bn-1_bn-Walem",TRUE,"tidal",9.15775197159068,19.1625597718148,NA,2.01514194050547,77.6447462132235,7.01258792214246,0.17317675839316,0.164576502476599,18.8044950179889,2,497
"89",1171750,1171750,121,"2019_Grotenete","ru-1","VR2W-122328",51.082273,4.366215,2019-11-30 07:34:06,2019-11-30 07:38:37,3,26882,7425.174625,0.276214,67219.967452,62601.734282,TRUE,78555.442897,22,2019-11-30 10:47:18,15953.708615,11592,1.37626885912698,TRUE,271,"bn-Walem_ru-1",TRUE,"tidal",9.19777777738845,11.0513418450293,NA,0.657111112254213,62.3777777916428,6.82111111151805,0.0649089094153482,0.040025805797768,-8.11121792678554,2,497
"90",1171750,1171750,122,"2019_Grotenete","me-7-2b","VR2W-113524",51.1008,4.330483,2019-11-30 08:20:54,2019-11-30 08:20:54,1,2672.5,3445.459128,1.289227,70665.42658,66047.19341,TRUE,78555.442897,22,2019-11-30 10:47:18,12508.249487,8784,1.423981043602,TRUE,0,"ru-1_me-7-2b",TRUE,"tidal",8.42641893534379,10.2402011043113,NA,2.48495043233893,133.963715502531,7.85733718369129,0.09277228472358,-0.771358842044656,-0.811140740717939,2,497
"91",1171750,1171750,123,"2019_Grotenete","s-9","VR2W-127738",51.19068,4.33602,2019-11-30 10:47:18,2019-11-30 10:52:47,5,8948.5,12266.830326,1.370825,83173.676067,78555.442897,TRUE,86022.171044,23,2019-11-30 12:47:44,7466.728147,7226,1.03331416371437,TRUE,329,"me-7-2b_s-9",TRUE,"tidal",8.32883179354926,0.821305329128735,NA,3.09203696701698,152.100822487877,8.68750971911146,0.101755536851187,-0.0975871417945307,-9.4188957751826,2,497
"92",1171750,1171750,124,"2019_Grotenete","s-10a","VR2W-127716",51.235423,4.396673,2019-11-30 12:47:44,2019-11-30 18:23:35,12,17137,7708.147308,0.449796,90640.404214,86022.171044,TRUE,100616.976759,25,2019-11-30 21:14:27,14594.805715,30403,0.480044920402592,TRUE,20151,"s-9_s-10a",TRUE,"tidal",8.4695686424817,16.3086504920722,NA,4.84501509282565,94.962215103992,8.20096663035552,0.121563442652626,0.140736848932438,15.4873451629435,2,496
"93",1171750,1171750,126,"2019_Grotenete","s-12","VR2W-127728",51.29646,4.2857,2019-11-30 21:14:27,2019-11-30 21:14:27,1,20327.5,14553.381391,0.715945,105235.209929,100616.976759,TRUE,125685.422688,27,2019-12-01 18:47:42,25068.445929,77595,0.323067799845351,TRUE,0,"s-10a_s-12",TRUE,"tidal",9.25217390491426,20.7319518522724,NA,15.9134782239045,71.6521741513696,9.35797101140712,0.0802942533299431,0.782605262432561,4.42330136020021,2,495
"94",1171750,1171750,127,"2019_Grotenete","s-STD3","VR2W-134898",51.330504,4.270161,2019-11-30 22:34:11,2019-11-30 22:34:11,1,4784,3855.62017,0.805941,109332.257335,104431.172605,TRUE,125685.422688,27,2019-12-01 18:47:42,21254.250083,72811,0.291909877394899,TRUE,0,"s-12_s-STD3",TRUE,"tidal",9.01683801425171,17.5413474396054,NA,11.9128027134742,120.295297070683,8.89167404269909,0.0469492375473046,-0.235335890662549,-3.19060441266697,2,495
"95",1171751,1171751,134,"2019_Grotenete","rel_grotenete1","none",51.144779,5.003906,2019-10-02 13:00:00,2019-10-02 13:00:00,1,NA,NA,NA,0,0,NA,NA,NA,NA,NA,NA,NA,FALSE,0,"NA_rel_grotenete1",NA,"non-tidal",12.1393508590185,0.432485759411973,NA,5.62563199133096,57.0214730493612,3.5944588695473,0.384337026809563,NA,NA,NA,691
"96",1171753,1171753,135,"2019_Grotenete","rel_grotenete1","none",51.144779,5.003906,2019-10-09 17:30:00,2019-10-09 17:30:00,1,NA,NA,NA,0,0,NA,7635.421578,4,2019-11-27 23:03:28,7635.421578,4253608,0.00179504589468517,FALSE,0,"NA_rel_grotenete1",NA,"non-tidal",15.1175292104037,1.47928760672582,NA,5.13594684656229,57.7970151734188,6.00057559744355,0.415698732290214,NA,NA,NA,664
"97",1171753,1171753,136,"2019_Grotenete","gn-14","VR2W-122358",51.138267,4.996319,2019-11-27 19:56:03,2019-11-27 20:01:38,4,4242530.5,1048.509145,0.000247,1048.509145,1048.509145,TRUE,7635.421578,4,2019-11-27 23:03:28,6586.912433,11245,0.585763666785238,TRUE,335,"rel_grotenete1_gn-14",TRUE,"non-tidal",10.0583916490116,0.710370830298087,NA,5.54006200763209,95.6676585618767,7.26001214443853,0.382585533217813,-5.05913756139211,-0.768916776427735,1,576.62
"98",1171753,1171753,137,"2019_Grotenete","gn-13","VR2W-124066",51.119771,4.990306,2019-11-27 21:01:47,2019-11-27 21:01:47,1,3776.5,2389.94432,0.632846,3438.453465,3438.453465,TRUE,7635.421578,4,2019-11-27 23:03:28,4196.968113,7301,0.574848392411998,TRUE,0,"gn-14_gn-13",TRUE,"non-tidal",9.3913785841116,0.527831042387695,NA,4.99307888396885,106.619739386573,8.78233208608858,0.394608443963838,-0.667013064899995,-0.182539787910393,2,501
"99",1171753,1171753,138,"2019_Grotenete","gn-11","VR2W-127720",51.09592,4.957142,2019-11-27 23:03:28,2019-11-27 23:05:13,2,7353.5,4338.377744,0.589975,7776.831209,7635.421578,TRUE,21357.312272,7,2019-11-28 03:32:46,13721.890694,16158,0.849232002351776,TRUE,105,"gn-13_gn-11",TRUE,"non-tidal",9.31420259635208,0.106923256238011,NA,4.42160141997123,86.963317581302,8.42246917416707,0.350807105535646,-0.0771759877595297,-0.420907786149683,2,501
"100",1171753,1171753,139,"2019_Grotenete","gn-10","VR2W-122324",51.091558,4.945793,2019-11-27 23:26:46,2019-11-27 23:28:35,2,1400,1107.062052,0.790759,8883.893261,8742.48363,TRUE,21357.312272,7,2019-11-28 03:32:46,12614.828642,14760,0.854663187127371,TRUE,109,"gn-11_gn-10",TRUE,"non-tidal",9.31774784176688,0.0317354125647422,NA,4.32845167196544,63.5328750903079,8.16458844542738,0.32447269892834,0.00354524541480039,-0.0751878436732691,2,501
"101",1171753,1171753,140,"2019_Grotenete","gn-9","VR2W-127109",51.081153,4.913762,2019-11-28 00:21:28,2019-11-28 00:25:09,3,3338,2855.524863,0.85546,11739.418124,11598.008493,TRUE,21357.312272,7,2019-11-28 03:32:46,9759.303779,11478,0.850261698815125,TRUE,221,"gn-10_gn-9",TRUE,"non-tidal",9.24829061984626,0.311204417529044,NA,4.54406319558829,69.7991544868296,8.21417484180708,0.424109350537496,-0.0694572219206169,0.279469004964302,2,501
"102",1171753,1171753,141,"2019_Grotenete","gn-7","VR2W-122340",51.061848,4.787587,2019-11-28 03:32:46,2019-11-28 03:32:46,1,11367.5,9817.88091,0.86368,21557.299034,21357.312272,TRUE,31338.233487,10,2019-11-28 20:32:46,9980.921215,61200,0.163086947957516,TRUE,0,"gn-9_gn-7",TRUE,"non-tidal",8.98362874917992,0.890060655271877,NA,5.44298330552502,96.0016415959434,8.75006774508518,0.918969649748064,-0.264661870666339,0.578856237742833,2,501
"103",1171753,1171753,142,"2019_Grotenete","gn-6","VR2W-122333",51.078636,4.757592,2019-11-28 04:58:14,2019-11-28 17:24:40,4,27521,3296.955011,0.119798,24854.254045,24654.267283,TRUE,31338.233487,10,2019-11-28 20:32:46,6683.966204,56072,0.119203277999715,TRUE,44786,"gn-7_gn-6",TRUE,"non-tidal",8.92419302962954,0.863704142138213,NA,5.73271916693991,100.702642189093,8.80925483626485,0.711230903000801,-0.0594357195503807,-0.0263565131336638,2,501
"104",1171753,1171753,144,"2019_Grotenete","gn-5","VR2W-122332",51.125942,4.718199,2019-11-28 20:32:46,2019-11-28 20:34:15,2,33723.5,6683.966204,0.198199,31538.220249,31338.233487,TRUE,35783.626426,11,2019-11-28 22:20:05,4445.392939,6439,0.690385609411399,TRUE,89,"gn-6_gn-5",TRUE,"transition",8.97236605397858,0.350072388360117,NA,5.54220988656963,101.244011537579,8.71433498620856,0.51529763585721,0.0481730243490368,-0.513631753778096,2,500
"105",1171753,1171753,145,"2019_Grotenete","gn-4","VR2W-122353",51.135075,4.664932,2019-11-28 22:20:05,2019-11-28 22:21:51,2,6447.5,4503.97007,0.698561,36042.190319,35783.626426,TRUE,39887.614896,12,2019-11-28 23:38:32,4103.98847,4707,0.871890475886976,TRUE,106,"gn-5_gn-4",TRUE,"transition",8.99950586067951,0.154590473093599,NA,4.12980650918143,112.885239097571,8.21633824543613,0.435575965432483,0.027139806700939,-0.195481915266518,2,499
"106",1171753,1171753,146,"2019_Grotenete","gn-3","VR2W-122365",51.130352,4.617316,2019-11-28 23:38:32,2019-11-28 23:41:25,3,4740.5,4186.83712,0.883206,40229.027439,39887.614896,TRUE,44215.902021,14,2019-11-29 00:59:57,4328.287125,4885,0.886036258955988,TRUE,173,"gn-4_gn-3",TRUE,"transition",9.08917984011502,0.0379590161817005,NA,3.45945747603278,92.7116945765438,7.88996814825946,0.372143635607481,0.089673979435501,-0.116631456911899,2,499
"107",1171753,1171753,147,"2019_Grotenete","gn-2","VR2W-127721",51.135829,4.5937,2019-11-29 00:24:11,2019-11-29 00:37:54,4,3064,2138.410314,0.697915,42367.437753,42026.025211,TRUE,46288.624568,15,2019-11-29 01:29:56,4262.599357,3945,1.08050680785805,TRUE,823,"gn-3_gn-2",TRUE,"transition",9.11746921735696,0.871292459624959,NA,3.3475512381999,73.2809898583187,7.79882854892283,0.342454019792255,0.0282893772419417,0.833333443443258,2,499
"108",1171753,1171753,148,"2019_Grotenete","bn-3","VR2W-124063",51.126391,4.571903,2019-11-29 00:59:57,2019-11-29 00:59:57,1,1734.5,2189.87681,1.262541,44557.314563,44215.902021,TRUE,50582.614153,20,2019-11-29 12:23:23,6366.712132,41006,0.155262940350193,TRUE,0,"gn-2_bn-3",TRUE,"tidal",9.11143094577353,12.8444433361785,NA,3.45205939998176,72.8104544944177,7.74982074062732,0.312902656100216,-0.00603827158343151,11.9731508765536,2,499
"109",1171753,1171753,149,"2019_Grotenete","bn-2","VR2W-124078",51.117416,4.549158,2019-11-29 01:29:56,2019-11-29 03:05:56,10,4679,2072.722547,0.442984,46630.03711,46288.624568,TRUE,50582.614153,20,2019-11-29 12:23:23,4293.989585,39207,0.10952099331752,TRUE,5760,"bn-3_bn-2",TRUE,"tidal",9.05116291207179,1.12025870878543,NA,3.56097101223437,66.5886428625428,7.83236880819622,0.285566439336253,-0.0602680337017372,-11.7241846273931,2,499
"110",1171753,1171753,151,"2019_Grotenete","bn-3","VR2W-124063",51.126391,4.571903,2019-11-29 03:49:10,2019-11-29 10:51:51,5,18154.5,2072.722547,0.114171,48702.759657,44215.902021,TRUE,50582.614153,20,2019-11-29 12:23:23,6366.712132,30853,0.206356339156646,TRUE,25361,"bn-2_bn-3",FALSE,"tidal",8.79516334227448,0.543441523506052,NA,5.28459241232201,106.984964628034,8.73283256415129,0.312015660601785,-0.255999569797313,-0.576817185279379,2,499
"111",1171753,1171753,153,"2019_Grotenete","bn-2","VR2W-124078",51.117416,4.549158,2019-11-29 11:19:46,2019-11-29 11:24:08,3,14486.5,2072.722547,0.14308,50775.482204,46288.624568,TRUE,50582.614153,20,2019-11-29 12:23:23,4293.989585,3817,1.12496452318575,TRUE,262,"bn-3_bn-2",TRUE,"tidal",8.96980118207312,0.449126183592522,NA,3.62583413007108,106.705284842251,7.86281602692683,0.284619234562738,0.174637839798649,-0.0943153399135304,2,499
"112",1171753,1171753,154,"2019_Grotenete","bn-1","VR2W-122351",51.093001,4.506837,2019-11-29 12:23:23,2019-11-29 19:20:38,26,16203.5,4293.989585,0.265004,55069.471789,50582.614153,TRUE,55176.559657,24,2019-11-29 20:19:34,4593.945504,28571,0.160790504497567,TRUE,25035,"bn-2_bn-1",TRUE,"tidal",9.2113114063546,21.5992281008884,NA,2.9304688276251,73.4821444726795,7.28248185610016,0.230608485892006,0.241510224281475,21.1501019172959,2,498
"113",1171753,1171753,158,"2019_Grotenete","bn-Walem","VR2W-122339",51.07183,4.45474,2019-11-29 20:19:34,2019-11-29 20:27:02,4,16277.5,4593.945504,0.282227,59663.417293,55176.559657,TRUE,62601.734282,25,2019-11-29 22:11:49,7425.174625,6735,1.10247581662955,TRUE,448,"bn-1_bn-Walem",TRUE,"tidal",8.61689958022949,11.0513418450293,NA,3.79056032884565,128.460005543818,8.47065900203145,0.175127809719948,-0.594411826125112,-10.5478862558591,2,497
"114",1171753,1171753,159,"2019_Grotenete","ru-1","VR2W-122328",51.082273,4.366215,2019-11-29 22:11:49,2019-11-29 22:18:48,3,6720.5,7425.174625,1.104854,67088.591918,62601.734282,TRUE,72606.862417,27,2019-11-30 06:11:42,10005.128135,28793,0.347484740561942,TRUE,419,"bn-Walem_ru-1",TRUE,"tidal",9.64782608633478,10.2402011043113,NA,0.513043479335387,86.9130434913927,6.26086956577134,0.0649639842899428,1.03092650610529,-0.811140740717939,2,497
"115",1171753,1171753,160,"2019_Grotenete","me-7-2b","VR2W-113524",51.1008,4.330483,2019-11-29 22:59:32,2019-11-29 22:59:32,1,2653.5,3445.459128,1.298458,70534.051046,66047.19341,TRUE,72606.862417,27,2019-11-30 06:11:42,6559.66900699999,25930,0.252976051176243,TRUE,0,"ru-1_me-7-2b",TRUE,"tidal",9.12461686379363,0.893123521710517,NA,1.73764673765705,91.7070378314384,6.96646256194085,0.0928145379574765,-0.523209222541142,-9.34707758260081,2,497
"116",1171753,1171753,161,"2019_Grotenete","s-8","VR2W-127719",51.14222,4.32646,2019-11-30 06:11:42,2019-11-30 06:21:54,3,26236,6859.673374,0.26146,77093.720053,72606.862417,TRUE,78555.442897,28,2019-11-30 07:31:00,5948.58048,4758,1.25022708701135,TRUE,612,"me-7-2b_s-8",TRUE,"tidal",8.39043318311351,3.01712919566483,NA,3.30300814313291,119.645244629803,8.19783682000186,0.0433814808426039,-0.73418368068012,2.12400567395431,2,497
"117",1171753,1171753,162,"2019_Grotenete","s-9","VR2W-127738",51.19068,4.33602,2019-11-30 07:31:00,2019-11-30 07:38:54,5,4689,5407.156952,1.153158,83042.300534,78555.442897,TRUE,86022.171044,29,2019-11-30 08:46:11,7466.728147,4511,1.65522681157171,TRUE,474,"s-8_s-9",TRUE,"tidal",8.31822461079064,33.9805723712516,NA,5.40042845769236,167.391253490204,8.84518996685214,0.101864271482187,-0.0722085723228751,30.9634431755867,2,497
"118",1171753,1171753,163,"2019_Grotenete","s-10a","VR2W-127716",51.235423,4.396673,2019-11-30 08:46:11,2019-11-30 08:53:20,3,4488.5,7708.147308,1.71731,90509.028681,86022.171044,TRUE,100575.552435,30,2019-11-30 19:34:07,14553.381391,38876,0.374353878768392,TRUE,429,"s-9_s-10a",TRUE,"tidal",8.72149207800101,22.0007467937145,NA,6.65337838151819,151.945602404693,8.70311535550586,0.124997943484783,0.40326746721037,-11.9798255775371,2,497
"119",1171753,1171753,164,"2019_Grotenete","s-12","VR2W-127732",51.30305,4.28731,2019-11-30 19:34:07,2019-11-30 19:35:34,2,38705,14553.381391,0.376008,105062.410072,100575.552435,TRUE,125171.186063,32,2019-12-01 07:45:43,24595.633628,43896,0.560316056770549,TRUE,87,"s-10a_s-12",TRUE,"tidal",9.19887660834297,4.77643577927456,NA,14.3037387788653,83.3680445494018,9.14805921614389,0.0824934841892818,0.477384530341963,-17.2243110144399,2,496
"120",1171753,1171753,165,"2019_Grotenete","s-STD3","VR2W-134898",51.330504,4.270161,2019-11-30 20:21:11,2019-11-30 20:21:11,1,2780.5,3855.62017,1.386664,108918.030242,104431.172605,TRUE,125171.186063,32,2019-12-01 07:45:43,20740.013458,41072,0.504967215085703,TRUE,0,"s-12_s-STD3",TRUE,"tidal",8.93836787865974,0.798262088498807,NA,13.4739752152445,122.523469581534,9.16440236575617,0.0469129265318661,-0.260508729683231,-3.97817369077576,2,495
"121",1293822,1293822,169,"2019_Grotenete","rel_grotenete1","none",51.144779,5.003906,2020-12-18 10:35:00,2020-12-18 10:35:00,1,NA,NA,NA,0,0,NA,7635.421578,4,2020-12-24 19:07:08,7635.421578,549128,0.0139046298458647,TRUE,0,"NA_rel_grotenete1",NA,"non-tidal",8.21961806321164,0.888608805632237,NA,4.4970592309347,95.9612427676887,8.78660913957493,0.419847310831889,NA,NA,NA,473
"122",1293822,1293822,170,"2019_Grotenete","gn-14","VR2W-122358",51.138267,4.996319,2020-12-23 23:45:52,2020-12-23 23:45:52,1,479452,1048.509145,0.002187,1048.509145,1048.509145,TRUE,7635.421578,4,2020-12-24 19:07:08,6586.912433,69676,0.0945363171393306,TRUE,0,"rel_grotenete1_gn-14",TRUE,"non-tidal",8.41232404722419,0.499905194160895,NA,4.98659417397692,79.5660247451895,9.12147867692289,0.415015177035026,0.192705984012553,-0.388703611471342,1,473
"123",1293822,1293822,171,"2019_Grotenete","gn-13","VR2W-124066",51.119771,4.990306,2020-12-24 00:36:54,2020-12-24 00:40:37,5,3173.5,2389.94432,0.753094,3438.453465,3438.453465,TRUE,7635.421578,4,2020-12-24 19:07:08,4196.968113,66614,0.0630042950881196,TRUE,223,"gn-14_gn-13",TRUE,"non-tidal",10.0459993446108,0.399473044362705,NA,5.1639703128023,58.9180387038778,9.34782296388731,0.467784920450396,1.63367529738666,-0.10043214979819,2,473
"124",1293822,1293822,172,"2019_Grotenete","gn-11","VR2W-127720",51.09592,4.957142,2020-12-24 19:07:08,2020-12-24 19:08:36,2,66546.5,4338.377744,0.065193,7776.831209,7635.421578,TRUE,16419.087288,7,2020-12-24 22:09:36,8783.66571,10948,0.802307792290829,TRUE,88,"gn-13_gn-11",TRUE,"non-tidal",9.57412397056097,0.0499164491995713,NA,3.98970645478246,50.5020481506467,8.55458688825554,0.445894986768154,-0.471875374049873,-0.349556595163134,1,473.5
"125",1293822,1293822,173,"2019_Grotenete","gn-10","VR2W-122324",51.091558,4.945793,2020-12-24 19:32:16,2020-12-24 19:37:26,5,1619,1107.062052,0.683794,8883.893261,8742.48363,TRUE,16419.087288,7,2020-12-24 22:09:36,7676.603658,9440,0.813199540042373,TRUE,310,"gn-11_gn-10",TRUE,"non-tidal",9.03283482404318,0.0468334865011767,NA,3.4328733675896,40.3203095430275,8.36535031478831,0.420028209575459,-0.541289146517792,-0.00308296269839459,2,474
"126",1293822,1293822,174,"2019_Grotenete","gn-9","VR2W-127109",51.081153,4.913762,2020-12-24 20:30:58,2020-12-24 20:32:37,2,3416.5,2855.524863,0.835804,11739.418124,11598.008493,TRUE,16419.087288,7,2020-12-24 22:09:36,4821.078795,5918,0.814646636532612,TRUE,99,"gn-10_gn-9",TRUE,"non-tidal",9.01597025731331,1.62854149719076,NA,3.73447447036252,34.7240445628406,8.29293943886304,0.488056534804515,-0.0168645667298755,1.58170801068958,2,474
"127",1293822,1293822,175,"2019_Grotenete","gn-8","VR2W-122348",51.070653,4.851284,2020-12-24 22:09:36,2020-12-24 22:11:16,2,5918.5,4879.655927,0.824475,16619.074051,16419.087288,TRUE,21357.312272,8,2020-12-24 23:40:18,4938.224984,5442,0.907428332230798,TRUE,100,"gn-9_gn-8",TRUE,"non-tidal",8.97545958482385,1.18817713389254,NA,4.09731677201157,46.5237984614931,8.32731928669217,0.63107258827028,-0.0405106724894537,-0.440364363298219,2,474
"128",1293822,1293822,176,"2019_Grotenete","gn-7","VR2W-122340",51.061848,4.787587,2020-12-24 23:40:18,2020-12-26 04:15:45,418,56855.5,4938.224983,0.086856,21557.299034,21357.312272,FALSE,35783.626426,11,2021-01-05 22:11:31,14426.314154,1031473,0.0139861287246491,TRUE,102927,"gn-8_gn-7",TRUE,"non-tidal",8.58971696205768,0.0968666721777932,NA,3.68784691230714,46.5814847624069,8.52428069476045,0.909768539691009,-0.385742622766168,-1.09131046171475,1,474
"129",1293822,1293822,178,"2019_Grotenete","gn-6","VR2W-122333",51.078636,4.757592,2020-12-26 05:31:47,2020-12-26 05:35:05,3,56124.5,3296.955011,0.058744,24854.254045,24654.267283,TRUE,35783.626426,11,2021-01-05 22:11:31,11129.359143,923984,0.012044969548174,TRUE,198,"gn-7_gn-6",TRUE,"non-tidal",8.11217997390481,0.100290476838636,NA,3.20423564596103,56.7413225526411,8.36094843980867,0.717793105616517,-0.477536988152877,0.00342380466084277,1,474
"130",1293822,1293822,179,"2019_Grotenete","gn-4","VR2W-122353",51.135075,4.664932,2021-01-05 22:11:31,2021-01-08 18:54:46,1040,1047582.5,11129.359143,0.010624,35983.613188,35783.626426,TRUE,39887.614896,17,2021-01-08 20:44:38,4103.98847,253987,0.0161582619189171,TRUE,247395,"gn-6_gn-4",TRUE,"transition",6.81350682900158,0.0354893054654257,NA,2.61789873996965,54.4450799395672,8.95966450245814,0.438740337896725,-1.29867314490323,-0.0648011713732103,1,479.846153846154
"131",1293822,1293822,185,"2019_Grotenete","gn-3","VR2W-122365",51.130352,4.617316,2021-01-08 20:44:38,2021-01-08 20:50:11,5,130456,4186.83712,0.032094,40170.450308,39887.614896,TRUE,46288.624568,19,2021-01-09 18:56:29,6401.009672,79911,0.0801017340791631,TRUE,333,"gn-4_gn-3",TRUE,"transition",5.95770567157568,0.784329866898287,NA,2.58943035125473,62.9853618006818,9.31056335589879,0.370451020780255,-0.855801157425898,0.748840561432861,1,489.666666666667
"132",1293822,1293822,186,"2019_Grotenete","gn-2","VR2W-127721",51.135829,4.5937,2021-01-09 17:23:18,2021-01-09 17:44:48,12,74798.5,2138.410314,0.028589,42308.860622,42026.025211,TRUE,46288.624568,19,2021-01-09 18:56:29,4262.599357,5591,0.762403748345555,TRUE,1290,"gn-3_gn-2",TRUE,"transition",5.69738358055472,0.979536128452232,NA,2.5563570464613,62.8920823217577,9.30664541522192,0.343243875632382,-0.260322091020968,0.195206261553945,1,492
"133",1293822,1293822,187,"2019_Grotenete","bn-2","VR2W-124078",51.117416,4.549158,2021-01-09 18:56:29,2021-01-09 19:02:29,5,5126,4262.599357,0.831564,46571.459979,46288.624568,TRUE,50582.614153,20,2021-01-09 20:31:55,4293.989585,5726,0.749910860111771,TRUE,360,"gn-2_bn-2",TRUE,"tidal",5.64136147798573,0.783948045050199,NA,1.69860501576345,57.7607255585544,9.29218234368835,0.283129523750573,-0.0560221025689849,-0.195588083402033,2,493
"134",1293822,1293822,188,"2019_Grotenete","bn-1","VR2W-122351",51.093001,4.506837,2021-01-09 20:31:55,2021-01-09 23:11:07,45,10322,4293.989585,0.416004,50865.449564,50582.614153,TRUE,55176.559657,21,2021-01-10 02:42:33,4593.945504,22238,0.206580875258566,TRUE,9552,"bn-2_bn-1",TRUE,"tidal",5.63332134012671,0.380296012528719,NA,1.82637752636363,41.4064693459423,9.25941276616745,0.228192236913765,-0.00804013785901869,-0.40365203252148,2,493
"135",1293822,1293822,189,"2019_Grotenete","bn-Walem","VR2W-122339",51.07183,4.45474,2021-01-10 02:42:33,2021-01-10 02:56:23,12,17877,4593.945504,0.256975,55459.395068,55176.559657,TRUE,62601.734282,22,2021-01-10 04:50:51,7425.174625,7698,0.964558927643544,TRUE,830,"bn-1_bn-Walem",TRUE,"tidal",5.55214146460874,0.314294895319267,NA,1.97691999420533,64.8112012951647,9.29223387716801,0.170181744414556,-0.0811798755179742,-0.0660011172094525,2,493
"136",1293822,1293822,190,"2019_Grotenete","ru-1","VR2W-122328",51.082273,4.366215,2021-01-10 04:50:51,2021-01-10 05:08:33,11,7814,7425.174625,0.95024,62884.569693,62601.734282,TRUE,72606.862417,23,2021-01-10 14:43:34,10005.128135,35563,0.281335324213368,TRUE,1062,"bn-Walem_ru-1",TRUE,"tidal",5.3666666667905,16.8201272344733,NA,0.425555556177056,52.0740740849024,9.20370370373121,0.0597878376092003,-0.185474797818241,16.5058323391541,2,493
"137",1293822,1293822,191,"2019_Grotenete","s-8","VR2W-127719",51.14222,4.32646,2021-01-10 14:43:34,2021-01-10 14:43:34,1,35032,10305.132502,0.294163,72889.697828,72606.862417,TRUE,86022.171044,24,2021-01-10 17:49:10,13415.308627,11136,1.20467929480963,TRUE,0,"ru-1_s-8",TRUE,"tidal",5.36843788557431,16.1084886021487,NA,1.90891335169658,76.911243760332,9.24834887850006,0.0396671232509153,0.00177121878381747,-0.7116386323246,2,494
"138",1293822,1293822,192,"2019_Grotenete","s-10a","VR2W-127716",51.235423,4.396673,2021-01-10 17:49:10,2021-01-10 18:02:43,12,11542.5,13115.30426,1.136262,86305.006455,86022.171044,TRUE,104431.172605,25,2021-01-11 04:18:47,18409.001561,37777,0.487307132938031,TRUE,813,"s-8_s-10a",TRUE,"tidal",5.86046684660116,1.31485421447179,NA,4.01656611975922,99.2622528700463,9.42603827390426,0.126537530946451,0.492028961026846,-14.7936343876769,2,495
"139",1293822,1293822,193,"2019_Grotenete","s-STD3","VR2W-134898",51.330504,4.270161,2021-01-11 04:18:47,2021-01-11 04:20:22,2,37418,18409.001561,0.491983,104714.008016,104431.172605,TRUE,125923.958763,26,2021-01-11 18:34:13,21492.786158,51326,0.418750460935978,TRUE,95,"s-10a_s-STD3",TRUE,"tidal",6.75937012665633,0.769385416529122,NA,9.0555808167882,57.7616484566423,9.8482306618321,0.0501792987575202,0.898903280055166,-0.545468797942671,2,495
"140",1294154,1294154,199,"2019_Grotenete","rel_grotenete1","none",51.144779,5.003906,2019-10-02 13:00:00,2019-10-02 13:00:00,1,NA,NA,NA,0,0,NA,7635.421578,3,2019-11-04 22:11:28,7635.421578,2884288,0.00264724659187987,FALSE,0,"NA_rel_grotenete1",NA,"non-tidal",12.1393508590185,0.598864293839971,NA,5.62563199133096,57.0214730493612,3.5944588695473,0.384337026809563,NA,NA,NA,691
"141",1294154,1294154,200,"2019_Grotenete","gn-13","VR2W-124066",51.119771,4.990306,2019-10-04 22:35:24,2019-10-05 20:01:10,972,245897,3438.453465,0.013983,3438.453465,3438.453465,TRUE,7635.421578,3,2019-11-04 22:11:28,4196.968113,2676964,0.00156780894812183,FALSE,77146,"rel_grotenete1_gn-13",TRUE,"non-tidal",14.0225576363608,0.193417299467015,NA,6.78129186076931,75.963906354731,6.48964821437497,0.384883660039198,1.88320677734231,-0.405446994372955,1,687
"142",1294154,1294154,201,"2019_Grotenete","gn-11","VR2W-127720",51.09592,4.957142,2019-11-04 22:11:28,2019-11-04 22:14:07,3,2638470.5,4338.377744,0.001644,7776.831209,7635.421578,TRUE,21357.312272,6,2019-11-05 02:37:42,13721.890694,15974,0.859014066232628,TRUE,159,"gn-13_gn-11",TRUE,"non-tidal",13.2244144646706,0.0280316125653238,NA,5.70173796652378,90.1466515470691,6.61846680670785,0.325038466232279,-0.798143171690262,-0.165385686901691,1,624.84375
"143",1294154,1294154,202,"2019_Grotenete","gn-10","VR2W-122324",51.091558,4.945793,2019-11-04 22:37:15,2019-11-04 22:46:35,8,1747.5,1107.062052,0.633512,8883.893261,8742.48363,TRUE,21357.312272,6,2019-11-05 02:37:42,12614.828642,14427,0.874390285021141,TRUE,560,"gn-11_gn-10",TRUE,"non-tidal",11.7591004193607,0.0301741549671324,NA,6.4886822822352,108.633724506166,7.21948800606751,0.319512972534204,-1.46531404530982,0.00214254240180853,2,568
"144",1294154,1294154,203,"2019_Grotenete","gn-9","VR2W-127109",51.081153,4.913762,2019-11-04 23:36:45,2019-11-04 23:40:26,4,3400.5,2855.524863,0.839737,11739.418124,11598.008493,TRUE,21357.312272,6,2019-11-05 02:37:42,9759.303779,10857,0.898895070369347,TRUE,221,"gn-10_gn-9",TRUE,"non-tidal",11.8168931097046,1.05632082277982,NA,5.89883159022885,135.713830604646,6.97947418458125,0.415113854712505,0.0577926903438364,1.02614666781269,2,568
"145",1294154,1294154,204,"2019_Grotenete","gn-7","VR2W-122340",51.061848,4.787587,2019-11-05 02:37:42,2019-11-05 02:42:08,5,10879.5,9817.88091,0.90242,21557.299034,21357.312272,TRUE,31338.233487,8,2019-11-05 20:49:38,9980.921215,65516,0.152343262943403,TRUE,266,"gn-9_gn-7",TRUE,"non-tidal",11.9856056232059,0.795702153674163,NA,4.5962299470005,101.114220005045,6.44944550052481,0.911988384197501,0.168712513501298,-0.26061866910566,2,568
"146",1294154,1294154,205,"2019_Grotenete","gn-6","VR2W-122333",51.078636,4.757592,2019-11-05 17:21:37,2019-11-05 17:26:30,5,53048.5,3296.955011,0.06215,24854.254045,24654.267283,TRUE,31338.233487,8,2019-11-05 20:49:38,6683.966204,12481,0.535531303901931,TRUE,293,"gn-7_gn-6",TRUE,"non-tidal",12.0392996789314,0.211347875445675,NA,4.82321717839024,86.2331480378526,6.56113902030527,0.707312567262463,0.0536940557255541,-0.584354278228489,1,566.5
"147",1294154,1294154,206,"2019_Grotenete","gn-5","VR2W-122332",51.125942,4.718199,2019-11-05 20:49:38,2019-11-05 20:52:52,4,12431.5,6683.966204,0.537664,31538.220249,31338.233487,TRUE,35783.626426,9,2019-11-06 01:49:11,4445.392939,17973,0.247337280309353,TRUE,194,"gn-6_gn-5",TRUE,"transition",12.1260800898911,0.117691318020731,NA,4.65036099262619,98.5683873038644,6.50785952422487,0.506784142960362,0.086780410959685,-0.0936565574249432,2,565
"148",1294154,1294154,207,"2019_Grotenete","gn-4","VR2W-122353",51.135075,4.664932,2019-11-06 01:49:11,2019-11-06 01:58:43,8,18162,4503.97007,0.247989,36042.190319,35783.626426,TRUE,39887.614896,10,2019-11-07 18:21:27,4103.98847,145936,0.0281218374492928,TRUE,572,"gn-5_gn-4",TRUE,"transition",12.1888874458413,0.0303682756622539,NA,5.41974168682172,102.633758329229,6.77201832821491,0.419889229845985,0.062807355950147,-0.0873230423584774,2,565
"149",1294154,1294154,208,"2019_Grotenete","gn-3","VR2W-122365",51.130352,4.617316,2019-11-07 18:21:27,2019-11-07 18:27:21,5,145827,4186.83712,0.028711,40229.027439,39887.614896,TRUE,44215.902021,12,2019-11-07 20:46:05,4328.287125,8678,0.498765513367136,TRUE,354,"gn-4_gn-3",TRUE,"transition",12.0092662900797,0.709349682825052,NA,4.18068253847118,95.2808358308559,6.45846616932208,0.358071944638773,-0.179621155761536,0.678981407162798,1,561.666666666667
"150",1294154,1294154,209,"2019_Grotenete","gn-2","VR2W-127721",51.135829,4.5937,2019-11-07 19:36:21,2019-11-07 20:00:12,13,5032.5,2138.410314,0.42492,42367.437753,42026.025211,TRUE,46288.624568,13,2019-11-08 01:11:33,4262.599357,20112,0.211943086565235,TRUE,1431,"gn-3_gn-2",TRUE,"transition",11.7167718686054,0.855437138279263,NA,3.01586202094531,46.6558216816321,6.42547393713349,0.330947568389841,-0.292494421474329,0.146087455454211,2,558
"151",1294154,1294154,210,"2019_Grotenete","bn-3","VR2W-124063",51.126391,4.571903,2019-11-07 20:46:05,2019-11-07 20:52:34,6,3663,2189.87681,0.597837,44557.314563,44215.902021,TRUE,50582.614153,14,2019-11-08 03:06:36,6366.712132,22831,0.278862604879331,TRUE,389,"gn-2_bn-3",TRUE,"tidal",11.7498962533095,0.749886730492793,NA,3.262942459336,54.6804699367255,6.5049238408908,0.300679267832632,0.0331243847041147,-0.10555040778647,2,558
"152",1294154,1294154,211,"2019_Grotenete","bn-2","VR2W-124078",51.117416,4.549158,2019-11-08 01:11:33,2019-11-08 01:43:00,25,16677,2072.722547,0.124286,46630.03711,46288.624568,TRUE,50582.614153,14,2019-11-08 03:06:36,4293.989585,6903,0.622046875995944,TRUE,1887,"bn-3_bn-2",TRUE,"tidal",11.8181483031862,0.363772746491569,NA,4.47101948301628,119.084270525251,6.71791981320691,0.274962206095224,0.0682520498766515,-0.386113984001223,2,558
"153",1294154,1294154,212,"2019_Grotenete","bn-1","VR2W-122351",51.093001,4.506837,2019-11-08 03:06:36,2019-11-08 03:25:07,16,6515,4293.989585,0.659093,50924.026695,50582.614153,TRUE,55176.559657,15,2019-11-08 04:37:51,4593.945504,5475,0.839076804383561,TRUE,1111,"bn-2_bn-1",TRUE,"tidal",11.7545880559512,0.300639274438713,NA,4.26687643153982,109.621855588857,6.74150132668213,0.221551940317179,-0.0635602472349284,-0.0631334720528561,2,558
"154",1294154,1294154,213,"2019_Grotenete","bn-Walem","VR2W-122339",51.07183,4.45474,2019-11-08 04:37:51,2019-11-08 04:52:04,13,5346,4593.945504,0.859324,55517.972199,55176.559657,TRUE,62601.734282,16,2019-11-08 07:18:14,7425.174625,9623,0.771607048217811,TRUE,853,"bn-1_bn-Walem",TRUE,"tidal",11.6058827035515,16.0893190536936,NA,2.67136276454746,126.208676606795,6.34570989882484,0.166284971429015,-0.148705352399691,15.7886797792549,2,558
"155",1294154,1294154,214,"2019_Grotenete","ru-1","VR2W-122328",51.082273,4.366215,2019-11-08 07:18:14,2019-11-08 14:11:29,42,21594,7425.174625,0.343854,62943.146824,62601.734282,TRUE,72606.862417,19,2019-11-08 16:13:51,10005.128135,32137,0.311327383856614,TRUE,24795,"bn-Walem_ru-1",TRUE,"tidal",11.3054794522553,9.27895683214722,NA,0.412054795460555,52.2739726164715,5.56849315097787,0.0574295723457936,-0.30040325129621,-6.81036222154635,2,558
"156",1294154,1294154,216,"2019_Grotenete","me-7-2b","VR2W-113524",51.1008,4.330483,2019-11-08 14:40:31,2019-11-08 14:48:41,7,14384.5,3445.459128,0.239526,66388.605952,66047.19341,TRUE,72606.862417,19,2019-11-08 16:13:51,6559.66900699999,5600,1.17136946553571,TRUE,490,"ru-1_me-7-2b",TRUE,"tidal",11.7286439996076,7.93296992414484,NA,2.91908888905218,112.988000712421,6.50228699844869,0.0816199295193514,0.423164547352286,-1.34598690800238,2,556.5
"157",1294154,1294154,217,"2019_Grotenete","s-8","VR2W-127719",51.14222,4.32646,2019-11-08 16:13:51,2019-11-08 16:15:14,2,5396.5,6859.673374,1.271134,72948.274959,72606.862417,TRUE,78314.023736,20,2019-11-08 17:17:03,5707.16131900001,3792,1.50505309045359,TRUE,83,"me-7-2b_s-8",TRUE,"tidal",11.7299924351757,0.511873214883602,NA,4.11056675686864,200.468586191901,6.87867715333499,0.0298182236019762,0.00134843556806175,-7.42109670926124,2,555
"158",1294154,1294154,218,"2019_Grotenete","s-9","VR2W-122319",51.19069,4.32954,2019-11-08 17:17:03,2019-11-08 17:27:53,12,4075.5,5407.156952,1.326747,78655.436278,78314.023736,TRUE,86022.171044,21,2019-11-08 18:58:43,7708.147308,6100,1.26363070622951,TRUE,650,"s-8_s-9",TRUE,"tidal",11.6729917015671,6.0098474864624,NA,2.99752988403795,204.756213643862,6.9135104075241,0.0881820295824911,-0.057000733608529,5.4979742715788,2,555
"159",1294154,1294154,219,"2019_Grotenete","s-10a","VR2W-127716",51.235423,4.396673,2019-11-08 18:58:43,2019-11-09 01:37:04,88,17725.5,7708.147308,0.434862,86363.583586,86022.171044,TRUE,104431.172605,23,2019-11-09 05:57:57,18409.001561,39554,0.465414409693078,TRUE,23901,"s-9_s-10a",TRUE,"tidal",11.8948881420065,19.8078158620314,NA,5.0259033876761,101.014404372308,6.79481441727692,0.113309967107545,0.221896440439313,13.797968375569,2,555
"160",1294154,1294154,221,"2019_Grotenete","s-STD3","VR2W-134898",51.330504,4.270161,2019-11-09 05:57:57,2019-11-09 13:15:09,41,40719.5,18409.001561,0.452093,104772.585147,104431.172605,TRUE,125171.186063,25,2019-11-09 19:18:42,20740.013458,48045,0.431678914725778,TRUE,26232,"s-10a_s-STD3",TRUE,"tidal",12.2065345910724,14.4929832631076,NA,12.7332303480027,75.120804097212,7.79156813007062,0.0444674813540046,0.311646449065979,-5.31483259892384,2,555
"161",1294155,1294155,237,"2019_Grotenete","rel_grotenete1","none",51.144779,5.003906,2019-10-02 13:00:00,2019-10-02 13:00:00,1,NA,NA,NA,0,0,NA,7635.421578,4,2019-10-19 20:51:00,7635.421578,1497060,0.00510027759608833,FALSE,0,"NA_rel_grotenete1",NA,"non-tidal",12.1393508590185,0.432485759411973,NA,5.62563199133096,57.0214730493612,3.5944588695473,0.384337026809563,NA,NA,NA,691
"162",1294155,1294155,238,"2019_Grotenete","gn-14","VR2W-122358",51.138267,4.996319,2019-10-17 18:46:21,2019-10-17 18:48:43,3,1316852,1048.509145,0.000796,1048.509145,1048.509145,TRUE,7635.421578,4,2019-10-19 20:51:00,6586.912433,180279,0.036537325107195,TRUE,142,"rel_grotenete1_gn-14",TRUE,"non-tidal",13.6737323159063,0.192734513159712,NA,6.22854895253958,62.9886145960591,6.50454523616297,0.383376968400682,1.53438145688782,-0.23975124625226,1,662.3125
"163",1294155,1294155,239,"2019_Grotenete","gn-13","VR2W-124066",51.119771,4.990306,2019-10-17 19:50:44,2019-10-17 19:53:43,3,3881.5,2389.94432,0.615727,3438.453465,3438.453465,TRUE,7635.421578,4,2019-10-19 20:51:00,4196.968113,176416,0.0237901784021857,TRUE,179,"gn-14_gn-13",TRUE,"non-tidal",14.6640692976843,0.835081362889423,NA,7.4000951006722,74.1105469893694,7.21686842891549,0.403017230416022,0.990336981777981,0.642346849729711,2,634
"164",1294155,1294155,240,"2019_Grotenete","gn-11","VR2W-127720",51.09592,4.957142,2019-10-19 20:51:00,2019-10-19 20:52:08,2,176360.5,4338.377744,0.024599,7776.831209,7635.421578,TRUE,21357.312272,7,2019-10-21 20:20:14,13721.890694,170954,0.0802665669946301,TRUE,68,"gn-13_gn-11",TRUE,"non-tidal",14.1197485011214,0.619839701647331,NA,5.61044205689045,71.7937108902394,6.46059262409942,0.33679956317522,-0.544320796562902,-0.215241661242092,1,630
"165",1294155,1294155,241,"2019_Grotenete","gn-10","VR2W-122324",51.091558,4.945793,2019-10-19 21:15:18,2019-10-19 21:24:44,7,1707,1107.062052,0.648543,8883.893261,8742.48363,TRUE,21357.312272,7,2019-10-21 20:20:14,12614.828642,169496,0.0744255241539623,TRUE,566,"gn-11_gn-10",TRUE,"non-tidal",13.7104386171116,0.0585691661122357,NA,5.95294642569005,106.855089634927,6.69997745720176,0.296778274443211,-0.409309884009781,-0.561270535535096,2,626
"166",1294155,1294155,242,"2019_Grotenete","gn-9","VR2W-127109",51.081153,4.913762,2019-10-20 17:56:04,2019-10-20 18:00:49,3,74305.5,2855.524863,0.03843,11739.418124,11598.008493,TRUE,21357.312272,7,2019-10-21 20:20:14,9759.303779,95050,0.102675473740137,TRUE,285,"gn-10_gn-9",TRUE,"non-tidal",13.7019421421941,0.0285203413284544,NA,5.01392059710022,71.1875715512355,6.15645535420203,0.401269911559761,-0.00849647491754268,-0.0300488247837812,1,624
"167",1294155,1294155,243,"2019_Grotenete","gn-7","VR2W-122340",51.061848,4.787587,2019-10-21 20:20:14,2019-10-21 20:26:47,5,95104,9817.88091,0.103233,21557.299034,21357.312272,TRUE,31338.233487,9,2019-10-22 20:16:22,9980.921215,86168,0.115830949018197,TRUE,393,"gn-9_gn-7",TRUE,"non-tidal",14.0074205899821,1.51494615465717,NA,5.01284376318843,78.6012641975581,6.15675569635238,0.924238603517733,0.305478447787992,1.48642581332872,1,620.5
"168",1294155,1294155,244,"2019_Grotenete","gn-6","VR2W-122333",51.078636,4.757592,2019-10-21 21:36:21,2019-10-21 21:43:16,6,4578,3296.955011,0.720174,24854.254045,24654.267283,TRUE,31338.233487,9,2019-10-22 20:16:22,6683.966204,81601,0.0819103467359469,TRUE,415,"gn-7_gn-6",TRUE,"non-tidal",14.1227878656193,0.87764091630236,NA,6.06760525912353,57.6590295118654,6.43299480746075,0.717796567501653,0.115367275637219,-0.637305238354815,2,619
"169",1294155,1294155,245,"2019_Grotenete","gn-5","VR2W-122332",51.125942,4.718199,2019-10-22 20:16:22,2019-10-22 20:20:50,4,81527.5,6683.966204,0.081984,31538.220249,31338.233487,TRUE,35783.626426,10,2019-10-23 01:19:18,4445.392939,18176,0.244574875605194,TRUE,268,"gn-6_gn-5",TRUE,"transition",14.1808717155821,0.809028990029661,NA,4.26605505045902,74.0844596984161,6.03453178899873,0.511236034390023,0.0580838499627845,-0.0686119262726984,1,617
"170",1294155,1294155,246,"2019_Grotenete","gn-4","VR2W-122353",51.135075,4.664932,2019-10-23 01:19:18,2019-10-23 01:24:49,5,18207.5,4503.97007,0.247369,36042.190319,35783.626426,TRUE,39887.614896,11,2019-10-23 02:51:55,4103.98847,5557,0.738525907863955,TRUE,331,"gn-5_gn-4",TRUE,"transition",14.3201455490233,0.323881488341197,NA,5.10178389804036,96.1008742988663,6.16063630779586,0.424247597824153,0.139273833441257,-0.485147501688464,2,615
"171",1294155,1294155,247,"2019_Grotenete","gn-3","VR2W-122365",51.130352,4.617316,2019-10-23 02:51:55,2019-10-23 02:56:03,5,5515.5,4186.83712,0.759104,40229.027439,39887.614896,TRUE,44215.902021,13,2019-10-23 04:27:33,4328.287125,5738,0.754319819623563,TRUE,248,"gn-4_gn-3",TRUE,"transition",14.1817276186126,0.124483777218614,NA,3.44909004304152,75.118576658476,5.83556836302899,0.357712277429761,-0.138417930410682,-0.199397711122583,2,615
"172",1294155,1294155,248,"2019_Grotenete","gn-2","VR2W-127721",51.135829,4.5937,2019-10-23 03:46:26,2019-10-23 04:01:43,7,3605.5,2138.410314,0.593097,42367.437753,42026.025211,TRUE,46288.624568,14,2019-10-23 23:18:15,4262.599357,70309,0.0606266531596239,TRUE,917,"gn-3_gn-2",TRUE,"transition",14.1239182203953,0.0294367025854791,NA,3.00811530030268,59.0765628074975,5.692298565631,0.326329945411557,-0.0578093982173442,-0.0950470746331347,2,615
"173",1294155,1294155,249,"2019_Grotenete","bn-3","VR2W-124063",51.126391,4.571903,2019-10-23 04:27:33,2019-10-23 04:40:51,7,2407.5,2189.87681,0.909606,44557.314563,44215.902021,TRUE,50582.614153,15,2019-10-24 01:32:09,6366.712132,75876,0.0839094329168644,TRUE,798,"gn-2_bn-3",TRUE,"tidal",14.1050994622841,7.34020276298712,NA,2.70957341828459,43.8559138638359,5.53074452272761,0.295790402120947,-0.0188187581111929,7.31076606040165,2,615
"174",1294155,1294155,250,"2019_Grotenete","bn-2","VR2W-124078",51.117416,4.549158,2019-10-23 23:18:15,2019-10-23 23:50:51,24,68421,2072.722547,0.030294,46630.03711,46288.624568,TRUE,50582.614153,15,2019-10-24 01:32:09,4293.989585,8034,0.534477170151855,TRUE,1956,"bn-3_bn-2",TRUE,"tidal",14.3165184828598,6.52396593839506,NA,3.58437028377599,73.4448363397482,5.80597428020836,0.267079324421152,0.211419020575667,-0.816236824592069,1,613
"175",1294155,1294155,251,"2019_Grotenete","bn-1","VR2W-122351",51.093001,4.506837,2019-10-24 01:32:09,2019-10-24 01:50:30,14,7606.5,4293.989585,0.564516,50924.026695,50582.614153,TRUE,55176.559657,16,2019-10-24 02:50:28,4593.945504,4699,0.977643222813364,TRUE,1101,"bn-2_bn-1",TRUE,"tidal",14.4590602545657,0.544801762841883,NA,4.35194161664747,89.9090649206641,5.9499413047637,0.212271429599037,0.142541771705954,-5.97916417555317,2,611
"176",1294155,1294155,252,"2019_Grotenete","bn-Walem","VR2W-122339",51.07183,4.45474,2019-10-24 02:50:28,2019-10-24 03:00:35,8,4452,4593.945504,1.031884,55517.972199,55176.559657,TRUE,62601.734282,17,2019-10-25 17:58:41,7425.174625,140893,0.0527008057533021,TRUE,607,"bn-1_bn-Walem",TRUE,"tidal",14.3473679057224,0.264285292036309,NA,2.80435611711337,109.893049728316,5.62030971732493,0.156469393356172,-0.11169234884334,-0.280516470805574,2,611
"177",1294155,1294155,253,"2019_Grotenete","ru-1","VR2W-122328",51.082273,4.366215,2019-10-25 17:58:41,2019-10-27 03:20:37,219,200647.5,7425.174625,0.037006,62943.146824,62601.734282,TRUE,72606.862417,28,2019-10-28 17:43:33,10005.128135,258292,0.038735725980673,TRUE,120116,"bn-Walem_ru-1",TRUE,"tidal",14.1377611942423,0.214057846610081,NA,0.637104478775615,81.4313432974962,5.53477611963235,0.0465565248108372,-0.209606711480047,-0.050227445426228,1,607.666666666667
"178",1294155,1294155,263,"2019_Grotenete","me-7-2b","VR2W-113524",51.1008,4.330483,2019-10-27 04:44:29,2019-10-27 04:50:02,5,65256.5,3445.459128,0.052799,66388.605952,66047.19341,TRUE,72606.862417,28,2019-10-28 17:43:33,6559.66900699999,133144,0.0492674773703658,TRUE,333,"ru-1_me-7-2b",TRUE,"tidal",14.4508620120488,12.716062345568,NA,2.9246946304805,137.206409644047,6.58060861017115,0.0728422187193841,0.313100817806413,12.5020044989579,1,602
"179",1294155,1294155,264,"2019_Grotenete","s-8","VR2W-127719",51.14222,4.32646,2019-10-28 17:43:33,2019-10-28 17:46:09,3,133055.5,6859.673374,0.051555,72948.274959,72606.862417,TRUE,78314.023736,29,2019-10-28 18:52:53,5707.16131900001,4160,1.37191377860577,TRUE,156,"me-7-2b_s-8",TRUE,"tidal",14.2407170106473,8.81027794568473,NA,4.67960699946557,174.771427765487,6.83841905900361,0.0239276390569227,-0.210145001401452,-3.90578439988327,1,596.666666666667
"180",1294155,1294155,265,"2019_Grotenete","s-9","VR2W-122319",51.19069,4.32954,2019-10-28 18:52:53,2019-10-28 19:04:16,11,4423.5,5407.156952,1.222371,78655.436278,78314.023736,TRUE,86022.171044,30,2019-10-30 07:22:28,7708.147308,131375,0.0586728624776403,TRUE,683,"s-8_s-9",TRUE,"tidal",14.191789069308,0.6278743180342,NA,5.32574239303656,235.489760690079,6.99099300445013,0.08064513635436,-0.0489279413393557,-8.18240362765053,2,593
"181",1294155,1294155,266,"2019_Grotenete","s-10a","VR2W-127716",51.235423,4.396673,2019-10-30 07:22:28,2019-10-30 18:08:45,94,150422,7708.147308,0.051243,86363.583586,86022.171044,TRUE,100616.976759,33,2019-10-30 20:47:23,14594.805715,48295,0.30220117434517,TRUE,38777,"s-9_s-10a",TRUE,"tidal",14.0160606615554,0.309307192947362,NA,6.99061369211948,149.393342493089,7.05398279894419,0.103700007462766,-0.175728407752564,-0.318567125086838,1,589.333333333333
"182",1294155,1294155,269,"2019_Grotenete","s-12","VR2W-127728",51.29646,4.2857,2019-10-30 20:47:23,2019-10-30 20:50:55,4,29012.5,14553.381391,0.501625,100958.389301,100616.976759,TRUE,125923.958763,39,2019-11-03 10:41:15,25306.982004,309232,0.0818381732938376,TRUE,212,"s-10a_s-12",TRUE,"tidal",14.0438775437902,12.619328843714,NA,16.2938775157464,78.0408166356302,7.92448979311926,0.070463679997848,0.0278168822348253,12.3100216507667,2,586
"183",1294155,1294155,270,"2019_Grotenete","s-STD3","VR2W-134898",51.330504,4.270161,2019-10-30 21:40:08,2019-10-30 21:42:44,3,3137,3855.62017,1.229079,105055.436707,104431.172605,NA,NA,NA,NA,NA,NA,NA,TRUE,156,"s-12_s-STD3",TRUE,"tidal",13.7472199680568,9.36111547114352,NA,12.8431396034126,122.844786155555,7.58902324855767,0.0400817374520896,-0.296657575733425,-3.25821337257052,2,586
"184",1294155,1294155,271,"2019_Grotenete","s-12","VR2W-127732",51.30305,4.28731,2019-10-31 15:55:34,2019-11-02 18:57:52,18,157517,3855.62017,0.024477,108911.056877,100575.552435,TRUE,125923.958763,39,2019-11-03 10:41:15,25348.406328,240341,0.105468506530305,TRUE,183738,"s-STD3_s-12",FALSE,"tidal",13.5913674749471,12.7157797436315,NA,15.3423426175066,75.5007993335802,7.85309546665378,0.0728752670020842,-0.15585249310973,3.35466427248796,1,582.333333333333
"185",1294155,1294155,274,"2019_Grotenete","s-STD3","VR2W-134898",51.330504,4.270161,2019-11-02 19:59:27,2019-11-02 19:59:27,1,95564,3855.62017,0.040346,113308.108651,104431.172605,TRUE,125923.958763,39,2019-11-03 10:41:15,21492.786158,52908,0.406229420087699,TRUE,0,"s-12_s-STD3",TRUE,"tidal",13.1229890244489,2.87715095172421,NA,13.5856778856222,89.3120103276206,7.83358334968802,0.0459787013839577,-0.468378450498191,-9.83862879190727,1,577
"186",1294156,1294156,281,"2019_Grotenete","rel_grotenete1","none",51.144779,5.003906,2019-10-02 13:00:00,2019-10-02 13:00:00,1,NA,NA,NA,0,0,NA,7635.421578,3,2019-11-27 21:09:35,7635.421578,4867775,0.00156856501748746,FALSE,0,"NA_rel_grotenete1",NA,"non-tidal",12.1393508590185,1.32243846218486,NA,5.62563199133096,57.0214730493612,3.5944588695473,0.384337026809563,NA,NA,NA,691
"187",1294156,1294156,282,"2019_Grotenete","gn-13","VR2W-124066",51.119771,4.990306,2019-10-09 02:28:25,2019-10-09 02:31:11,3,566988,3438.453465,0.006064,3438.453465,3438.453465,TRUE,7635.421578,3,2019-11-27 21:09:35,4196.968113,4300870,0.00097584165831564,FALSE,166,"rel_grotenete1_gn-13",TRUE,"non-tidal",13.5498029756822,0.702967209126426,NA,6.35943626029897,53.2929075800901,6.52060961728174,0.395936539858515,1.41045211666365,-0.619471253058438,1,679.428571428571
"188",1294156,1294156,283,"2019_Grotenete","gn-11","VR2W-127720",51.09592,4.957142,2019-11-27 21:09:35,2019-11-27 21:12:04,3,4300861.5,4338.377744,0.001009,7776.831209,7635.421578,TRUE,21357.312272,6,2019-11-28 02:08:05,13721.890694,17910,0.766158051032942,TRUE,149,"gn-13_gn-11",TRUE,"non-tidal",10.8729563527006,0.570139940382951,NA,5.44423103440538,95.290037838762,7.2383763829107,0.321055547880771,-2.6768466229816,-0.132827268743475,1,578.411764705882
"189",1294156,1294156,284,"2019_Grotenete","gn-10","VR2W-122324",51.091558,4.945793,2019-11-27 21:37:57,2019-11-27 21:40:54,3,1716,1107.062052,0.645141,8883.893261,8742.48363,TRUE,21357.312272,6,2019-11-28 02:08:05,12614.828642,16208,0.778308776036525,TRUE,177,"gn-11_gn-10",TRUE,"non-tidal",9.24397058339206,0.0657799828695817,NA,4.57341248015468,96.5394680791358,8.60972563028492,0.320753087775929,-1.62898576930849,-0.504359957513369,2,501
"190",1294156,1294156,285,"2019_Grotenete","gn-9","VR2W-127109",51.081153,4.913762,2019-11-27 22:40:27,2019-11-27 22:45:20,5,3808,2855.524863,0.749875,11739.418124,11598.008493,TRUE,21357.312272,6,2019-11-28 02:08:05,9759.303779,12458,0.783376447182533,TRUE,293,"gn-10_gn-9",TRUE,"non-tidal",9.20761365632942,0.0319737653595183,NA,4.2788204611917,85.9771948601134,8.35633473141483,0.420159222251954,-0.0363569270626432,-0.0338062175100634,2,501
"191",1294156,1294156,286,"2019_Grotenete","gn-7","VR2W-122340",51.061848,4.787587,2019-11-28 02:08:05,2019-11-28 02:10:58,3,12398,9817.88091,0.791892,21557.299034,21357.312272,TRUE,31338.233487,8,2019-11-28 16:42:35,9980.921215,52470,0.190221483037926,TRUE,173,"gn-9_gn-7",TRUE,"non-tidal",9.04862194238775,1.51813750807022,NA,4.52804776000262,69.8071960888036,8.35303666491314,0.920889848721901,-0.158991713941676,1.4861637427107,2,501
"192",1294156,1294156,287,"2019_Grotenete","gn-6","VR2W-122333",51.078636,4.757592,2019-11-28 03:26:32,2019-11-28 03:29:33,3,4711,3296.955011,0.699842,24854.254045,24654.267283,TRUE,31338.233487,8,2019-11-28 16:42:35,6683.966204,47763,0.139940250905513,TRUE,181,"gn-7_gn-6",TRUE,"non-tidal",8.88468209380526,0.901692403755676,NA,6.03304647462066,125.701547411256,8.98727887565603,0.71223589476391,-0.163939848582489,-0.616445104314544,2,501
"193",1294156,1294156,288,"2019_Grotenete","gn-5","VR2W-122332",51.125942,4.718199,2019-11-28 16:42:35,2019-11-28 18:40:35,18,51212.5,6683.966204,0.130514,31538.220249,31338.233487,TRUE,35783.626426,9,2019-11-28 21:03:00,4445.392939,15625,0.284505148096,TRUE,7080,"gn-6_gn-5",TRUE,"transition",8.92296079147027,0.871943292349839,NA,5.49569228630704,98.8104285549666,8.7036155858632,0.514852720407445,0.0382786976650173,-0.029749111405837,2,500
"194",1294156,1294156,289,"2019_Grotenete","gn-4","VR2W-122353",51.135075,4.664932,2019-11-28 21:03:00,2019-11-28 21:07:36,5,12223,4503.97007,0.368483,36042.190319,35783.626426,TRUE,39887.614896,10,2019-11-28 22:36:57,4103.98847,5637,0.728044788007805,TRUE,276,"gn-5_gn-4",TRUE,"transition",8.85795784261079,0.395852807639729,NA,5.45952961448312,113.570723446266,8.8951523807984,0.435040855961953,-0.0650029488594868,-0.47609048471011,2,499
"195",1294156,1294156,290,"2019_Grotenete","gn-3","VR2W-122365",51.130352,4.617316,2019-11-28 22:36:57,2019-11-28 22:38:26,2,5543.5,4186.83712,0.75527,40229.027439,39887.614896,TRUE,44215.902021,12,2019-11-29 00:05:00,4328.287125,5283,0.819285846110165,TRUE,89,"gn-4_gn-3",TRUE,"transition",9.00430919469284,0.164557220727,NA,3.78204061857879,108.647770027285,8.07969704008138,0.371701266526714,0.146351352082052,-0.23129558691273,2,499
"196",1294156,1294156,291,"2019_Grotenete","gn-2","VR2W-127721",51.135829,4.5937,2019-11-28 23:27:59,2019-11-28 23:44:55,9,3525.5,2138.410314,0.606555,42367.437753,42026.025211,TRUE,46288.624568,13,2019-11-29 00:41:06,4262.599357,4387,0.971643345566446,TRUE,1016,"gn-3_gn-2",TRUE,"transition",9.10629685455298,0.0381796178552964,NA,3.32441979394588,90.120058485012,7.82561336145811,0.342102038947372,0.101987659860139,-0.126377602871703,2,499
"197",1294156,1294156,292,"2019_Grotenete","bn-3","VR2W-124063",51.126391,4.571903,2019-11-29 00:05:00,2019-11-29 00:09:28,4,1847,2189.87681,1.18564,44557.314563,44215.902021,TRUE,50582.614153,17,2019-11-29 11:45:40,6366.712132,42040,0.151444151569933,TRUE,268,"gn-2_bn-3",TRUE,"tidal",9.12307725817455,13.8618697690863,NA,3.14381834641423,74.8932807926597,7.74839325293537,0.313388609236179,0.0167804036215671,13.823690151231,2,499
"198",1294156,1294156,293,"2019_Grotenete","bn-2","VR2W-124078",51.117416,4.549158,2019-11-29 00:41:06,2019-11-29 03:11:21,10,6539.5,2072.722547,0.316954,46630.03711,46288.624568,TRUE,50582.614153,17,2019-11-29 11:45:40,4293.989585,39874,0.107688959848523,TRUE,9015,"bn-3_bn-2",TRUE,"tidal",9.08855675119429,12.8444433361785,NA,3.37261536017616,69.041329066111,7.75188116041068,0.28547754452649,-0.0345205069802557,-1.01742643290775,2,499
"199",1294156,1294156,295,"2019_Grotenete","bn-3","VR2W-124063",51.126391,4.571903,2019-11-29 10:04:13,2019-11-29 10:08:43,4,29414.5,2072.722547,0.070466,48702.759657,44215.902021,TRUE,50582.614153,17,2019-11-29 11:45:40,6366.712132,6087,1.04595237916872,TRUE,270,"bn-2_bn-3",FALSE,"tidal",8.8423933519057,1.12025870878543,NA,4.77494037033237,106.818522824159,8.48150814204698,0.311851294359989,-0.246163399288591,-11.7241846273931,2,499
"200",1294156,1294156,296,"2019_Grotenete","bn-2","VR2W-124078",51.117416,4.549158,2019-11-29 10:38:40,2019-11-29 10:43:17,4,2070.5,2072.722547,1.001073,50775.482204,46288.624568,TRUE,50582.614153,17,2019-11-29 11:45:40,4293.989585,4020,1.06815661318408,TRUE,277,"bn-3_bn-2",TRUE,"tidal",9.10423277231157,0.543441523506052,NA,3.23121846214545,96.0428673973386,7.4135082461423,0.285282267522324,0.261839420405868,-0.576817185279379,2,499
"201",1294156,1294156,297,"2019_Grotenete","bn-1","VR2W-122351",51.093001,4.506837,2019-11-29 11:45:40,2019-11-29 11:58:06,10,4254.5,4293.989585,1.009282,55069.471789,50582.614153,TRUE,55176.559657,18,2019-11-29 12:54:05,4593.945504,4105,1.11910974518879,TRUE,746,"bn-2_bn-1",TRUE,"tidal",9.24393327552354,0.449126183592522,NA,2.6546215114022,87.5179065908819,7.20072648655179,0.230689275539705,0.139700503211975,-0.0943153399135304,2,499
"202",1294156,1294156,298,"2019_Grotenete","bn-Walem","VR2W-122339",51.07183,4.45474,2019-11-29 12:54:05,2019-11-29 13:27:56,22,4747.5,4593.945504,0.967656,59663.417293,55176.559657,NA,NA,NA,NA,NA,NA,NA,TRUE,2031,"bn-1_bn-Walem",TRUE,"tidal",9.35959448507274,21.5992281008884,NA,2.13250786342012,71.6850420602725,7.04795495113361,0.173487380312308,0.115661209549195,21.1501019172959,2,498
"203",1294156,1294156,299,"2019_Grotenete","bn-1","VR2W-122351",51.093001,4.506837,2019-11-29 16:44:48,2019-11-29 17:00:53,11,13310,4593.945504,0.34515,64257.362797,50582.614153,TRUE,NA,NA,NA,NA,NA,NA,TRUE,965,"bn-Walem_bn-1",FALSE,"tidal",9.040698327752,11.0513418450293,NA,3.47280946514444,98.1567007420581,7.63738413928595,0.231129601349213,-0.318896157320742,-10.5478862558591,2,497
"204",1294156,1294156,300,"2019_Grotenete","bn-2","VR2W-124078",51.117416,4.549158,2019-11-29 18:03:35,2019-11-29 19:20:48,13,6561,4293.989585,0.654472,68551.352382,46288.624568,TRUE,50582.614153,22,2019-11-29 20:23:07,4293.989585,8372,0.512898899307215,TRUE,4633,"bn-1_bn-2",FALSE,"tidal",8.66469203877334,10.2402011043113,NA,5.50711420515285,105.862235664495,8.80300775229746,0.286519467493333,-0.376006288978658,-0.811140740717939,2,497
"205",1294156,1294156,302,"2019_Grotenete","bn-1","VR2W-122351",51.093001,4.506837,2019-11-29 20:23:07,2019-11-29 20:37:30,9,6487,4293.989585,0.661938,72845.341967,50582.614153,TRUE,55176.559657,23,2019-11-29 21:33:16,4593.945504,4209,1.0914577106201,TRUE,863,"bn-2_bn-1",TRUE,"tidal",8.63926813458671,0.893123521710517,NA,4.07513374499094,134.092807288174,8.41368463193435,0.23138842574565,-0.0254239041866295,-9.34707758260081,2,497
"206",1294156,1294156,303,"2019_Grotenete","bn-Walem","VR2W-122339",51.07183,4.45474,2019-11-29 21:33:16,2019-11-29 21:39:03,6,3951,4593.945504,1.16273,77439.287471,55176.559657,TRUE,62601.734282,24,2019-11-29 23:10:46,7425.174625,5850,1.26926061965812,TRUE,347,"bn-1_bn-Walem",TRUE,"tidal",8.98008853893691,0.433257428405689,NA,2.67134568729225,113.636973512586,7.29537142648087,0.174054597406112,0.340820404350204,-0.459866093304828,2,497
"207",1294156,1294156,304,"2019_Grotenete","ru-1","VR2W-122328",51.082273,4.366215,2019-11-29 23:10:46,2019-11-29 23:24:04,8,6075.5,7425.174625,1.22215,84864.462096,62601.734282,TRUE,72606.862417,26,2019-11-30 06:45:09,10005.128135,27263,0.366985589810366,TRUE,798,"bn-Walem_ru-1",TRUE,"tidal",9.89047618972726,0.358064753825883,NA,0.41714285810783,70.3809523954354,6.08095238152297,0.0649277391859942,0.910387650790351,-0.0751926745798061,2,497
"208",1294156,1294156,305,"2019_Grotenete","me-7-2b","VR2W-113524",51.1008,4.330483,2019-11-29 23:52:17,2019-11-30 00:00:10,6,2328.5,3445.459128,1.47969,88309.921224,66047.19341,TRUE,72606.862417,26,2019-11-30 06:45:09,6559.66900699999,24772,0.264801752260616,TRUE,473,"ru-1_me-7-2b",TRUE,"tidal",9.20491525979088,19.1625597718148,NA,1.55902053860327,76.3428905159042,6.8993655821015,0.0926900783018078,-0.685560929936381,18.8044950179889,2,497
"209",1294156,1294156,306,"2019_Grotenete","s-8","VR2W-127719",51.14222,4.32646,2019-11-30 06:45:09,2019-11-30 06:48:49,4,24645.5,6859.673374,0.278334,94869.590231,72606.862417,TRUE,78555.442897,27,2019-11-30 07:49:52,5948.58048,3883,1.53195479783673,TRUE,220,"me-7-2b_s-8",TRUE,"tidal",8.34831172897859,18.4734199465686,NA,3.55052224533742,118.172589172165,8.24782550558358,0.0433788007820405,-0.856603530812295,-0.689139825246169,2,497
"210",1294156,1294156,307,"2019_Grotenete","s-9","VR2W-127738",51.19068,4.33602,2019-11-30 07:49:52,2019-11-30 07:53:38,6,3886,5407.156952,1.391445,100818.170712,78555.442897,TRUE,86022.171044,28,2019-11-30 09:22:36,7466.728147,5564,1.3419712701294,TRUE,226,"s-8_s-9",TRUE,"tidal",8.28993062048255,1.54366426223164,NA,4.997602435683,196.862963016477,8.8324922141538,0.102022555998415,-0.0583811084960413,-16.929755684337,2,497
"211",1294156,1294156,308,"2019_Grotenete","s-10a","VR2W-127716",51.235423,4.396673,2019-11-30 09:22:36,2019-11-30 09:31:19,9,5712.5,7708.147308,1.349347,108284.898859,86022.171044,TRUE,100575.552435,29,2019-11-30 19:20:02,14553.381391,35846,0.405997360681806,TRUE,523,"s-9_s-10a",TRUE,"tidal",8.66934936281732,0.821316621693627,NA,6.34684725120628,142.911280082615,8.6140205268524,0.124701122655005,0.379418742334774,-0.722347640538012,2,497
"212",1294156,1294156,309,"2019_Grotenete","s-12","VR2W-127732",51.30305,4.28731,2019-11-30 19:20:02,2019-11-30 19:22:46,3,35666.5,14553.381391,0.408041,122838.28025,100575.552435,TRUE,125171.186063,30,2019-12-01 08:04:19,24595.633628,45857,0.536355052183963,TRUE,164,"s-10a_s-12",TRUE,"tidal",9.19680257860714,31.1298429755843,NA,14.2219716210412,80.1882367321927,9.13983698047886,0.0825004499223327,0.527453215789816,30.3085263538907,2,496
"213",1294157,1294157,314,"2019_Grotenete","rel_grotenete1","none",51.144779,5.003906,2019-10-02 13:00:00,2019-10-02 13:00:00,1,NA,NA,NA,0,0,NA,7635.421578,3,2019-12-14 21:09:34,7635.421578,6336574,0.00120497631338323,FALSE,0,"NA_rel_grotenete1",NA,"non-tidal",12.1393508590185,0.0598757705134101,NA,5.62563199133096,57.0214730493612,3.5944588695473,0.384337026809563,NA,NA,NA,691
"214",1294157,1294157,315,"2019_Grotenete","gn-13","VR2W-124066",51.119771,4.990306,2019-12-14 19:13:53,2019-12-14 19:17:51,4,6329752,3438.453465,0.000543,3438.453465,3438.453465,TRUE,7635.421578,3,2019-12-14 21:09:34,4196.968113,6941,0.604663321279355,TRUE,238,"rel_grotenete1_gn-13",TRUE,"non-tidal",9.82979491754822,0.0328826924753351,NA,5.13305575526317,101.528829720947,7.49342292523165,0.384365345816442,-2.30955594147028,-0.026993078038075,1,565.337837837838
"215",1294157,1294157,316,"2019_Grotenete","gn-11","VR2W-127720",51.09592,4.957142,2019-12-14 21:09:34,2019-12-14 21:10:51,2,6860.5,4338.377744,0.63237,7776.831209,7635.421578,TRUE,21357.312272,6,2019-12-15 01:35:04,13721.890694,15930,0.861386735342122,TRUE,77,"gn-13_gn-11",TRUE,"non-tidal",6.55279853893328,0.225280367905107,NA,1.66642595435276,203.676375382111,8.65019656100279,0.483061306491433,-3.27699637861494,0.192397675429772,2,475
"216",1294157,1294157,317,"2019_Grotenete","gn-10","VR2W-122324",51.091558,4.945793,2019-12-14 21:31:50,2019-12-14 21:34:36,4,1380.5,1107.062052,0.801928,8883.893261,8742.48363,TRUE,21357.312272,6,2019-12-15 01:35:04,12614.828642,14594,0.864384585583116,TRUE,166,"gn-11_gn-10",TRUE,"non-tidal",6.55076412706908,2.62555520434789,NA,1.34138535321241,184.535218540898,8.46493842078033,0.473243533968948,-0.00203441186420417,2.40027483644278,2,475
"217",1294157,1294157,318,"2019_Grotenete","gn-9","VR2W-127109",51.081153,4.913762,2019-12-14 22:29:08,2019-12-14 22:33:34,4,3488,2855.524863,0.818671,11739.418124,11598.008493,TRUE,21357.312272,6,2019-12-15 01:35:04,9759.303779,11156,0.874803135442811,TRUE,266,"gn-10_gn-9",TRUE,"non-tidal",6.60035948377791,1.51758969877306,NA,1.24496089796692,185.384547931282,8.39058074013665,0.519610620023258,0.0495953567088359,-1.10796550557483,2,475
"218",1294157,1294157,319,"2019_Grotenete","gn-7","VR2W-122340",51.061848,4.787587,2019-12-15 01:35:04,2019-12-15 01:37:51,3,11106.5,9817.88091,0.883976,21557.299034,21357.312272,TRUE,31338.233487,8,2019-12-15 05:08:59,9980.921215,12835,0.777633129333853,TRUE,167,"gn-9_gn-7",TRUE,"non-tidal",6.74052820151528,0.137797735807465,NA,1.02458716652475,118.207346707745,8.49667309407262,0.878264357972797,0.140168717737366,-1.3797919629656,2,475
"219",1294157,1294157,320,"2019_Grotenete","gn-6","VR2W-122333",51.078636,4.757592,2019-12-15 02:42:31,2019-12-15 02:44:50,3,4033,3296.955011,0.817494,24854.254045,24654.267283,TRUE,31338.233487,8,2019-12-15 05:08:59,6683.966204,8788,0.760578766954939,TRUE,139,"gn-7_gn-6",TRUE,"non-tidal",6.75352221900988,0.154571354770226,NA,1.0351317815722,71.0388524056979,8.61492107642477,0.704624464140036,0.0129940174946057,0.0167736189627613,2,475
"220",1294157,1294157,321,"2019_Grotenete","gn-5","VR2W-122332",51.125942,4.718199,2019-12-15 05:08:59,2019-12-15 05:10:22,2,8760,6683.966204,0.76301,31538.220249,31338.233487,TRUE,35783.626426,9,2019-12-15 07:42:46,4445.392939,9227,0.4817809622846,TRUE,83,"gn-6_gn-5",TRUE,"transition",6.82716776459118,0.0593469641014555,NA,1.38587103690776,139.321563592396,8.65506888740741,0.534090196812845,0.0736455455812957,-0.0952243906687707,2,475
"221",1294157,1294157,322,"2019_Grotenete","gn-4","VR2W-122353",51.135075,4.664932,2019-12-15 07:42:46,2019-12-15 07:49:12,6,9378.5,4503.97007,0.480244,36042.190319,35783.626426,TRUE,39887.614896,10,2019-12-15 16:01:23,4103.98847,29917,0.137179144633486,TRUE,386,"gn-5_gn-4",TRUE,"transition",6.77906217805,1.51478793648166,NA,1.75047424252173,131.693950995501,8.78691859351603,0.456864185814811,-0.0481055865411761,1.4554409723802,2,475
"222",1294157,1294157,323,"2019_Grotenete","gn-3","VR2W-122365",51.130352,4.617316,2019-12-15 16:01:23,2019-12-15 17:02:39,10,31562,4186.83712,0.132654,40229.027439,39887.614896,NA,NA,NA,NA,NA,NA,NA,TRUE,3676,"gn-4_gn-3",TRUE,"transition",6.8768317779002,1.66629781452051,NA,0.956495896031184,130.610739184579,8.53668362121605,0.392246036241922,0.0977695998501975,0.151509878038854,2,474.5
"223",1294157,1294157,324,"2019_Grotenete","gn-4","VR2W-122353",51.135075,4.664932,2019-12-15 19:05:28,2019-12-15 20:19:26,10,11426,4186.83712,0.366431,44415.864559,35783.626426,TRUE,39887.614896,13,2019-12-15 21:55:38,4103.98847,10210,0.401957734573947,TRUE,4438,"gn-3_gn-4",FALSE,"transition",6.76599983514481,1.60240922100003,NA,1.79966955105613,159.149553975442,8.86082687128169,0.450457238137231,-0.110831942755389,-0.0638885935204805,2,474
"224",1294157,1294157,326,"2019_Grotenete","gn-3","VR2W-122365",51.130352,4.617316,2019-12-15 21:55:38,2019-12-15 21:59:00,3,8092,4186.83712,0.517404,48602.701679,39887.614896,TRUE,44215.902021,15,2019-12-15 23:26:17,4328.287125,5439,0.795787300055158,TRUE,202,"gn-4_gn-3",TRUE,"transition",6.78760854600332,0.690388089648743,NA,1.08820010065722,172.521624073884,8.63214291392044,0.388736863359188,0.021608710858513,-0.912021131351287,2,474
"225",1294157,1294157,327,"2019_Grotenete","gn-2","VR2W-127721",51.135829,4.5937,2019-12-15 22:49:33,2019-12-15 23:06:45,11,3650,2138.410314,0.585866,50741.111993,42026.025211,TRUE,46288.624568,16,2019-12-16 00:01:51,4262.599357,4338,0.982618570078377,TRUE,1032,"gn-3_gn-2",TRUE,"transition",6.84651434075183,0.257364495747891,NA,0.869023503487531,142.91714166733,8.42844784468736,0.359263789373144,0.0589057947485028,-0.433023593900852,2,474
"226",1294157,1294157,328,"2019_Grotenete","bn-3","VR2W-124063",51.126391,4.571903,2019-12-15 23:26:17,2019-12-15 23:30:26,4,1812.5,2189.87681,1.208208,52930.988803,44215.902021,TRUE,50582.614153,17,2019-12-16 01:08:50,6366.712132,6153,1.03473299723712,TRUE,249,"gn-2_bn-3",TRUE,"tidal",6.86432628174156,27.1514470953916,NA,0.808286383023419,120.800104574387,8.32540900186812,0.330617406787381,0.0178119409897368,26.8940825996437,2,474
"227",1294157,1294157,329,"2019_Grotenete","bn-2","VR2W-124078",51.117416,4.549158,2019-12-16 00:01:51,2019-12-16 00:05:53,4,2130.5,2072.722547,0.972881,55003.71135,46288.624568,TRUE,50582.614153,17,2019-12-16 01:08:50,4293.989585,4019,1.06842238989799,TRUE,242,"bn-3_bn-2",TRUE,"tidal",6.90535204159914,15.6586555768891,NA,0.758982446397035,103.322246495439,8.26989781702338,0.303280220979427,0.0410257598575798,-11.4927915185024,2,474
"228",1294157,1294157,330,"2019_Grotenete","bn-1","VR2W-122351",51.093001,4.506837,2019-12-16 01:08:50,2019-12-16 03:45:43,35,8604.5,4293.989585,0.49904,59297.700935,50582.614153,TRUE,55176.559657,25,2019-12-16 12:01:38,4593.945504,39168,0.117288232843137,TRUE,9413,"bn-2_bn-1",TRUE,"tidal",6.88862850007471,14.5093495775459,NA,0.664183329416883,68.9868771341352,8.27211607679012,0.250240699321393,-0.0167235415244322,-1.14930599934322,2,474
"229",1294157,1294157,332,"2019_Grotenete","bn-2","VR2W-124078",51.117416,4.549158,2019-12-16 05:23:07,2019-12-16 05:30:33,8,10773.5,4293.989585,0.39857,63591.69052,46288.624568,TRUE,NA,NA,NA,NA,NA,NA,TRUE,446,"bn-1_bn-2",FALSE,"tidal",6.82856365269462,1.26546747084595,NA,0.955091495392953,102.454512438452,8.47195300555252,0.303553344901916,-0.0600648473800947,-13.2438821067,2,474
"230",1294157,1294157,333,"2019_Grotenete","bn-3","VR2W-124063",51.126391,4.571903,2019-12-16 06:11:41,2019-12-16 06:31:33,10,3287,2072.722547,0.630582,65664.413067,44215.902021,TRUE,NA,NA,NA,NA,NA,NA,TRUE,1192,"bn-2_bn-3",FALSE,"tidal",6.68672398277957,0.613882815559165,NA,1.54298390395501,147.359531692078,8.70311424742175,0.329694554006591,-0.141839669915049,-0.651584655286788,2,474
"231",1294157,1294157,334,"2019_Grotenete","gn-1","VR2W-112285",51.133464,4.588822,2019-12-16 06:56:41,2019-12-16 08:03:04,45,4095.5,1765.623694,0.431113,67430.036761,42450.278327,TRUE,50582.614153,24,2019-12-16 10:28:30,8132.335826,12709,0.639887939727752,TRUE,3983,"bn-3_gn-1",FALSE,"transition",6.68013024248356,0.258262359478603,NA,1.48125982449958,111.433558657371,8.73914147398706,0.353761034920963,-0.00659374029600812,-0.355620456080562,2,474
"232",1294157,1294157,335,"2019_Grotenete","bn-3","VR2W-124063",51.126391,4.571903,2019-12-16 08:26:06,2019-12-16 08:30:12,5,3496.5,1765.623694,0.504969,69195.660455,44215.902021,TRUE,50582.614153,24,2019-12-16 10:28:30,6366.712132,7344,0.866927033224401,TRUE,246,"gn-1_bn-3",TRUE,"tidal",6.70378920398548,27.1514470953916,NA,1.2174856157633,180.359483615364,8.62148255312051,0.329281752886966,0.0236589615019227,26.893184735913,2,474
"233",1294157,1294157,336,"2019_Grotenete","bn-2","VR2W-124078",51.117416,4.549158,2019-12-16 09:11:06,2019-12-16 09:17:10,6,2759,2072.722547,0.751259,71268.383002,46288.624568,TRUE,50582.614153,24,2019-12-16 10:28:30,4293.989585,4644,0.924631693583119,TRUE,364,"bn-3_bn-2",TRUE,"tidal",6.8009252066641,15.6586555768891,NA,0.98441508017399,158.193819945827,8.41684188269315,0.30325570817425,0.0971360026786172,-11.4927915185024,2,474
"234",1294157,1294157,337,"2019_Grotenete","bn-1","VR2W-122351",51.093001,4.506837,2019-12-16 10:28:30,2019-12-16 10:54:39,17,5246.5,4293.989585,0.818448,75562.372587,50582.614153,TRUE,55176.559657,25,2019-12-16 12:01:38,4593.945504,5588,0.822109073729419,TRUE,1569,"bn-2_bn-1",TRUE,"tidal",6.85067003372226,14.5093495775459,NA,0.791935476949828,127.814871433427,8.26716585179996,0.249314808437756,0.049744827058162,-1.14930599934322,2,474
"235",1294157,1294157,338,"2019_Grotenete","bn-Walem","VR2W-122339",51.07183,4.45474,2019-12-16 12:01:38,2019-12-16 12:09:33,7,5041,4593.945504,0.911316,80156.318091,55176.559657,TRUE,62601.734282,26,2019-12-16 21:03:56,7425.174625,32538,0.228200092968222,TRUE,475,"bn-1_bn-Walem",TRUE,"tidal",6.94665461960278,1.15414075326622,NA,0.631074892193483,102.791225271953,8.29156810122999,0.189291684240248,0.0959845858805224,-13.3552088242797,2,474
"236",1294157,1294157,339,"2019_Grotenete","ru-1","VR2W-122328",51.082273,4.366215,2019-12-16 21:03:56,2019-12-16 21:18:32,6,32738.5,7425.174625,0.226803,87581.492716,62601.734282,TRUE,72606.862417,28,2019-12-16 23:42:32,10005.128135,9516,1.05140060266919,TRUE,876,"bn-Walem_ru-1",TRUE,"tidal",6.94272727263702,0.505872834411059,NA,0.385363636597098,73.4363636548733,8.09363636378789,0.073086605448139,-0.00392734696576369,-0.648267918855161,2,474
"237",1294157,1294157,340,"2019_Grotenete","me-7-2b","VR2W-113524",51.1008,4.330483,2019-12-16 21:56:15,2019-12-16 22:05:54,5,2990.5,3445.459128,1.152135,91026.951844,66047.19341,TRUE,72606.862417,28,2019-12-16 23:42:32,6559.66900699999,6377,1.02864497522346,TRUE,579,"ru-1_me-7-2b",TRUE,"tidal",6.82171170748424,0.418077614011474,NA,0.683320578537857,138.702166039601,8.26828992077255,0.101935382336857,-0.121015565152785,-0.087795220399585,2,474
"238",1294157,1294157,341,"2019_Grotenete","s-8","VR2W-127719",51.14222,4.32646,2019-12-16 23:42:32,2019-12-16 23:52:15,7,6379,6859.673374,1.075352,97586.620851,72606.862417,TRUE,78555.442897,29,2019-12-17 21:24:44,5948.58048,78132,0.0761350084472432,TRUE,583,"me-7-2b_s-8",TRUE,"tidal",6.64399481908979,26.7085054910382,NA,0.88020587343176,150.887473049873,8.41429233174909,0.0523578150737018,-0.177716888394446,26.2904278770267,2,474
"239",1294157,1294157,342,"2019_Grotenete","s-9","VR2W-127738",51.19068,4.33602,2019-12-17 21:24:44,2019-12-17 21:27:51,6,77934,5407.156952,0.069381,103535.201332,78555.442897,TRUE,86022.171044,30,2019-12-22 14:02:58,7466.728147,405494,0.0184139053771449,TRUE,187,"s-8_s-9",TRUE,"tidal",6.81540265922222,18.958040864052,NA,1.30773479060611,161.652672389432,8.39788771865319,0.110883238887941,0.171407840132431,-7.75046462698614,2,473.5
"240",1294157,1294157,343,"2019_Grotenete","s-10a","VR2W-127716",51.235423,4.396673,2019-12-22 14:02:58,2019-12-31 19:44:15,19,804439,7708.147308,0.009582,111001.929479,86022.171044,TRUE,90691.596167,39,2020-01-02 00:53:21,4669.42512299999,903023,0.00517088171951323,TRUE,798077,"s-9_s-10a",TRUE,"tidal",7.43392583115138,2.03317329932674,NA,1.23509595329961,107.139783397049,8.64779070426571,0.139132837453337,0.618523171929162,-16.9248675647253,1,473.2
"241",1294157,1294157,345,"2019_Grotenete","ak-41","VR2W-126195",51.239128,4.397469,2020-01-01 00:57:59,2020-01-01 01:48:16,14,419371,141.417705,0.000337,111143.347184,86163.588749,NA,NA,NA,NA,NA,NA,NA,TRUE,3017,"s-10a_ak-41",TRUE,"tidal",7.37243914129324,1.00953042281073,NA,1.24369001208175,69.1665196705644,8.59776074346667,0.130933758592443,-0.0614866898581399,-1.02364287651601,1,475.833333333333
"242",1294157,1294157,346,"2019_Grotenete","s-9","VR2W-122319",51.19069,4.32954,2020-01-01 04:09:31,2020-01-01 04:09:31,1,9983.5,7849.565013,0.786254,118992.912197,78314.023736,TRUE,NA,NA,NA,NA,NA,NA,TRUE,0,"ak-41_s-9",FALSE,"tidal",6.59260321475351,10.9808884027094,NA,0.608578531352906,42.6998651638219,8.06728746946907,0.103361746208918,-0.779835926539736,9.97135797989862,2,478
"243",1294157,1294157,347,"2019_Grotenete","s-7","VR2W-115442",51.11414,4.24123,2020-01-01 08:25:58,2020-01-01 08:50:36,5,16126,13159.538998,0.816045,132152.451195,75006.647038,NA,84763.237301,37,2020-01-01 21:47:09,9756.59026300001,48071,0.202962082398952,TRUE,1478,"s-9_s-7",NA,"tidal",6.84201235066103,39.883859361337,NA,1.09929509654052,49.9982739052722,8.18380547337204,0.0760707015042085,0.249409135907527,28.9029709586277,2,478
"244",1294157,1294157,348,"2019_Grotenete","s-6","VR2W-115441",51.12267069,4.21890556,2020-01-01 09:45:21,2020-01-01 16:05:57,11,15442,1948.433424,0.126178,134100.884619,76955.080462,TRUE,84763.237301,37,2020-01-01 21:47:09,7808.156839,43308,0.180293637180198,TRUE,22836,"s-7_s-6",FALSE,"tidal",6.73306009081976,23.8857490510076,NA,0.890875554102382,74.4233096727143,7.96780323541287,0.0933174726544738,-0.108952259841271,-15.9981103103294,2,478.5
"245",1294157,1294157,350,"2019_Grotenete","s-4c","VR2W-122336",51.07363,4.19007,2020-01-01 21:47:09,2020-01-01 22:13:56,4,32693.5,7808.156839,0.238829,141909.041458,84763.237301,TRUE,90691.596167,39,2020-01-02 00:53:21,5928.358866,11172,0.530644366809881,TRUE,1607,"s-6_s-4c",FALSE,"tidal",6.86595941663743,14.0330537076255,NA,1.07922456783055,48.5898267695748,8.82012402514346,0.123864842402319,0.132899325817662,-9.85269534338217,2,479
"246",1294157,1294157,351,"2019_Grotenete","s-4b","VR2W-122367",51.05593,4.20024,2020-01-01 23:16:39,2020-01-01 23:23:31,3,4772.5,2589.923007,0.542676,144498.964465,87353.160308,TRUE,100575.552435,58,2020-01-04 14:45:16,13222.392127,228517,0.0578617438833872,TRUE,412,"s-4c_s-4b",FALSE,"tidal",7.03848059470585,1.51015404989135,NA,1.19393619149441,63.6983445052337,9.06006212938163,0.125574901450181,0.172521178068426,-12.5228996577341,2,479
"247",1294157,1294157,352,"2019_Grotenete","s-4a","VR2W-122363",51.03203,4.18166,2020-01-02 00:53:21,2020-01-02 02:49:41,4,9086,3338.435859,0.367426,147837.400324,90691.596167,TRUE,100575.552435,58,2020-01-04 14:45:16,9883.95626800001,222715,0.0443793919044519,TRUE,6980,"s-4b_s-4a",FALSE,"tidal",6.80248072027248,0.899670702280772,NA,1.10384412894285,46.9281361891743,9.30634715521982,0.123338006780498,-0.235999874433377,-0.610483347610583,2,479
"248",1294157,1294157,354,"2019_Grotenete","s-4b","VR2W-122367",51.05593,4.20024,2020-01-02 03:37:06,2020-01-02 03:48:14,4,6669,3338.435859,0.50059,151175.836183,87353.160308,NA,NA,NA,NA,NA,NA,NA,TRUE,668,"s-4a_s-4b",TRUE,"tidal",6.80230318989141,22.0590162578183,NA,0.875350976121163,36.7701864061251,9.01952568958716,0.125046589714553,-0.000177530381066937,21.1593455555375,2,479
"249",1294157,1294157,355,"2019_Grotenete","s-4c","VR2W-122336",51.07363,4.19007,2020-01-02 05:17:04,2020-01-02 05:20:22,2,5763,2589.923007,0.449405,153765.75919,84763.237301,NA,NA,NA,NA,NA,NA,NA,TRUE,198,"s-4b_s-4c",TRUE,"tidal",6.75088050951133,35.2200870639902,NA,0.842241953211964,37.844337970639,8.90574275328453,0.123660871977201,-0.0514226803800817,13.1610708061719,2,479
"250",1294157,1294157,356,"2019_Grotenete","s-5","VR2W-115430",51.09258,4.17083,2020-01-02 08:51:43,2020-01-02 08:55:00,2,12878.5,2655.594625,0.206204,156421.353815,82107.642676,NA,NA,NA,NA,NA,NA,NA,TRUE,197,"s-4c_s-5",TRUE,"tidal",6.81598529789534,23.8072979836149,NA,1.1914758118201,42.91193313139,8.71635875964305,0.117974989432678,0.0651047883840139,-11.4127890803753,2,479
"251",1294157,1294157,357,"2019_Grotenete","s-7","VR2W-115442",51.11414,4.24123,2020-01-02 17:11:02,2020-01-02 17:13:52,2,29945.5,7100.995638,0.237131,163522.349453,75006.647038,NA,82107.642676,47,2020-01-03 03:55:12,7100.99563800001,38650,0.183725630996119,TRUE,170,"s-5_s-7",TRUE,"tidal",6.39172115503099,18.5914477321798,NA,0.756127888037757,60.0992964503091,8.34157652254702,0.0723109237364661,-0.424264142864351,-5.21585025143516,2,480
"252",1294157,1294157,358,"2019_Grotenete","s-6","VR2W-115441",51.12267069,4.21890556,2020-01-02 18:03:37,2020-01-03 00:58:08,2,15505.5,1948.433424,0.125661,165470.782877,76955.080462,TRUE,82107.642676,47,2020-01-03 03:55:12,5152.56221400001,35495,0.14516304307649,TRUE,24871,"s-7_s-6",FALSE,"tidal",6.60372701375914,1.64766485472852,NA,1.10981384139979,52.7010523684767,8.26912759242757,0.0893108381014668,0.212005858728148,-16.9437828774512,2,481
"253",1294157,1294157,360,"2019_Grotenete","s-5","VR2W-115430",51.09258,4.17083,2020-01-03 03:55:12,2020-01-03 04:20:02,4,23804.5,5152.562214,0.216453,170623.345091,82107.642676,TRUE,100575.552435,58,2020-01-04 14:45:16,18467.909759,125404,0.147267310125674,TRUE,1490,"s-6_s-5",FALSE,"tidal",6.63063116844475,0.859917662047305,NA,0.856424970056082,52.1228370420781,8.80617374569639,0.115230693891295,0.0269041546856101,-0.787747192681215,2,481
"254",1294157,1294157,361,"2019_Grotenete","s-4c","VR2W-122336",51.07363,4.19007,2020-01-03 11:33:52,2020-01-03 14:35:17,5,32217.5,2655.594625,0.082427,173278.939716,84763.237301,TRUE,100575.552435,58,2020-01-04 14:45:16,15812.315134,97884,0.161541366658494,TRUE,10885,"s-5_s-4c",FALSE,"tidal",6.89159259011009,20.0513831581962,NA,1.1087408078484,45.6119411061357,9.20368088993488,0.124091351503904,0.260961421665344,19.1914654961489,2,481.5
"255",1294157,1294157,363,"2019_Grotenete","s-5","VR2W-115430",51.09258,4.17083,2020-01-03 15:44:48,2020-01-03 16:28:13,6,10916,2655.594625,0.243275,175934.534341,82107.642676,NA,NA,NA,NA,NA,NA,NA,TRUE,2605,"s-4c_s-5",TRUE,"tidal",6.70078738284553,42.6154986533549,NA,0.715250122095421,45.8193043925357,8.95002411506447,0.121671426881263,-0.19080520726456,22.5641154951587,2,482
"256",1294157,1294157,364,"2019_Grotenete","s-6","VR2W-115441",51.12267069,4.21890556,2020-01-03 20:46:10,2020-01-03 20:46:10,1,16779.5,5152.562214,0.307075,181087.096555,76955.080462,NA,NA,NA,NA,NA,NA,NA,TRUE,0,"s-5_s-6",TRUE,"tidal",6.66732474764522,27.6680620457439,NA,1.16100595531053,50.6779325606521,8.60735053796353,0.0973255583414724,-0.0334626352003076,-14.947436607611,2,482
"257",1294157,1294157,365,"2019_Grotenete","s-7","VR2W-115442",51.11414,4.24123,2020-01-03 21:40:22,2020-01-03 21:46:21,3,3431.5,1948.433424,0.567808,183035.529979,75006.647038,NA,NA,NA,NA,NA,NA,NA,TRUE,359,"s-6_s-7",TRUE,"tidal",6.87688964469197,22.4571269023239,NA,2.42241400732624,36.2193334642782,9.01125347148362,0.0793593641044206,0.209564897046749,-5.21093514342004,2,482
"258",1294157,1294157,366,"2019_Grotenete","me-7-2b","VR2W-113524",51.1008,4.330483,2020-01-04 02:12:49,2020-01-04 03:53:23,6,19184.5,8959.453628,0.467015,191994.983607,66047.19341,TRUE,72906.866784,55,2020-01-04 05:56:34,6859.67337399999,13425,0.510962634934822,TRUE,6034,"s-7_me-7-2b",FALSE,"tidal",6.57728688386343,9.76539450955101,NA,0.666253503594375,46.9071732217518,8.94423344539028,0.0942343944624757,-0.299602760828548,-12.6917323927729,2,482
"259",1294157,1294157,368,"2019_Grotenete","s-8","VR2W-112295",51.14319,4.33078,2020-01-04 05:56:34,2020-01-04 05:56:34,1,10408,6859.673374,0.659077,198854.656981,72906.866784,TRUE,78314.023736,56,2020-01-04 07:26:54,5407.156952,5420,0.99763043394834,TRUE,0,"me-7-2b_s-8",TRUE,"tidal",6.31578947434999,1.06271060999443,NA,0.617241017454501,32.5292733534307,8.66581689465054,0.0474668944006385,-0.261497409513434,-8.70268389955658,2,482
"260",1294157,1294157,369,"2019_Grotenete","s-9","VR2W-122319",51.19069,4.32954,2020-01-04 07:26:54,2020-01-04 07:33:54,3,5630,5407.156952,0.960419,204261.813933,78314.023736,TRUE,86022.171044,57,2020-01-04 09:40:40,7708.147308,8026,0.960397122850735,TRUE,420,"s-8_s-9",TRUE,"tidal",6.55608167760034,12.4778579999619,NA,0.735231252657177,35.561246068778,8.71937472416273,0.106701335342226,0.240292203250354,11.4151473899675,2,482
"261",1294157,1294157,370,"2019_Grotenete","s-10a","VR2W-127716",51.235423,4.396673,2020-01-04 09:40:40,2020-01-04 09:40:40,1,7816,7708.147308,0.986201,211969.961241,86022.171044,TRUE,100575.552435,58,2020-01-04 14:45:16,14553.381391,18276,0.796311085084264,TRUE,0,"s-9_s-10a",TRUE,"tidal",7.00263275797029,41.1241092039395,NA,1.08101588777822,33.1219690921298,9.48352771273861,0.129414589761506,0.44655108036995,28.6462512039776,2,482
"262",1294157,1294157,371,"2019_Grotenete","s-12","VR2W-127732",51.30305,4.28731,2020-01-04 14:45:16,2020-01-04 14:45:16,1,18276,14553.381391,0.796311,226523.342632,100575.552435,NA,NA,NA,NA,NA,NA,NA,TRUE,0,"s-10a_s-12",TRUE,"tidal",7.31640329479432,27.2108676305974,NA,1.32766860769876,33.0332926674979,10.9388555672908,0.0865954271682284,0.313770536824022,-13.9132415733421,2,482.5
"263",1294158,1294158,372,"2019_Grotenete","rel_grotenete1","none",51.144779,5.003906,2019-10-02 13:00:00,2019-10-02 13:00:00,1,NA,NA,NA,0,0,NA,7635.421578,4,2019-12-14 20:16:48,7635.421578,6333408,0.00120557866759887,FALSE,0,"NA_rel_grotenete1",NA,"non-tidal",12.1393508590185,0.432485759411973,NA,5.62563199133096,57.0214730493612,3.5944588695473,0.384337026809563,NA,NA,NA,691
"264",1294158,1294158,373,"2019_Grotenete","gn-14","VR2W-122358",51.138267,4.996319,2019-12-09 23:24:03,2019-12-09 23:25:20,2,5912681.5,1048.509145,0.000177,1048.509145,1048.509145,TRUE,7635.421578,4,2019-12-14 20:16:48,6586.912433,420765,0.0156546110845722,TRUE,77,"rel_grotenete1_gn-14",TRUE,"non-tidal",9.76406230159194,0.190511719710365,NA,5.38773130360926,96.9183223941547,7.40708876718108,0.387259796805418,-2.37528855742657,-0.241974039701608,1,571.739130434783
"265",1294158,1294158,374,"2019_Grotenete","gn-13","VR2W-124066",51.119771,4.990306,2019-12-10 00:28:08,2019-12-10 00:30:34,3,3879.5,2389.94432,0.616044,3438.453465,3438.453465,TRUE,7635.421578,4,2019-12-14 20:16:48,4196.968113,416920,0.0100666029765902,TRUE,146,"gn-14_gn-13",TRUE,"non-tidal",7.39964159709241,1.3234610977109,NA,2.67963775710602,166.695691480888,8.60419237781055,0.460843762209178,-2.36442070449953,1.13294937800053,2,480
"266",1294158,1294158,375,"2019_Grotenete","gn-11","VR2W-127720",51.09592,4.957142,2019-12-14 20:16:48,2019-12-14 20:19:13,3,416919.5,4338.377744,0.010406,7776.831209,7635.421578,TRUE,21357.312272,7,2019-12-15 02:15:18,13721.890694,21510,0.637930762157136,TRUE,145,"gn-13_gn-11",TRUE,"non-tidal",6.57780906900691,1.01493452961086,NA,1.91958964813615,166.509125013559,8.73574370405047,0.433827152507054,-0.821832528085499,-0.308526568100038,1,477.5
"267",1294158,1294158,376,"2019_Grotenete","gn-10","VR2W-122324",51.091558,4.945793,2019-12-14 20:43:23,2019-12-14 21:03:04,11,2113,1107.062052,0.523929,8883.893261,8742.48363,TRUE,21357.312272,7,2019-12-15 02:15:18,12614.828642,19915,0.633433524579463,TRUE,1181,"gn-11_gn-10",TRUE,"non-tidal",6.58021978642878,0.125666478359327,NA,1.48359047909359,192.415347258721,8.52694992530449,0.472551641950849,0.00241071742186794,-0.889268051251531,2,475
"268",1294158,1294158,377,"2019_Grotenete","gn-9","VR2W-127109",51.081153,4.913762,2019-12-14 22:17:47,2019-12-14 22:25:26,7,5303,2855.524863,0.538473,11739.418124,11598.008493,TRUE,21357.312272,7,2019-12-15 02:15:18,9759.303779,14251,0.684815365869062,TRUE,459,"gn-10_gn-9",TRUE,"non-tidal",6.60819762129679,0.0598065175270455,NA,1.30032266946235,187.954374893279,8.424902579511,0.519697650251471,0.0279778348680129,-0.0658599608322814,2,475
"269",1294158,1294158,378,"2019_Grotenete","gn-7","VR2W-122340",51.061848,4.787587,2019-12-15 02:15:18,2019-12-22 17:07:32,6589,343188.5,9817.88091,0.028608,21557.299034,21357.312272,FALSE,31338.233487,11,2019-12-22 21:53:26,9980.921215,675488,0.0147758675431688,TRUE,658334,"gn-9_gn-7",TRUE,"non-tidal",6.94495893778341,2.59636648202826,NA,1.11842496427882,124.043779550693,8.59751010197349,0.88978862561648,0.336761316486623,2.53655996450122,1,473.8
"270",1294158,1294158,381,"2019_Grotenete","gn-6","VR2W-122333",51.078636,4.757592,2019-12-22 18:48:15,2019-12-22 18:57:14,9,335479.5,3296.955011,0.009828,24854.254045,24654.267283,TRUE,31338.233487,11,2019-12-22 21:53:26,6683.966204,11111,0.60156297398974,TRUE,539,"gn-7_gn-6",TRUE,"non-tidal",7.64785497483515,1.1572647246375,NA,1.03250796988697,98.5283584332476,8.34227620084485,0.714472630301402,0.702896037051733,-1.43910175739076,1,473
"271",1294158,1294158,382,"2019_Grotenete","gn-5","VR2W-122332",51.125942,4.718199,2019-12-22 21:53:26,2019-12-22 21:54:53,2,10885,6683.966204,0.614053,31538.220249,31338.233487,TRUE,35783.626426,12,2019-12-22 23:42:39,4445.392939,6553,0.678375238669312,TRUE,87,"gn-6_gn-5",TRUE,"transition",8.08222814497413,1.42853765868689,NA,0.706567531921985,61.1452883796457,7.95486498194018,0.535853040536636,0.434373170138989,0.271272934049389,2,473
"272",1294158,1294158,383,"2019_Grotenete","gn-4","VR2W-122353",51.135075,4.664932,2019-12-22 23:42:39,2019-12-23 03:45:15,21,13787.5,4503.97007,0.326671,36042.190319,35783.626426,TRUE,39887.614896,14,2019-12-23 05:27:53,4103.98847,20714,0.198126314087091,TRUE,14556,"gn-5_gn-4",TRUE,"transition",7.7359117434166,0.635897514127891,NA,1.20110597565984,95.0807096016858,8.34064804987599,0.456846362969672,-0.346316401557537,-0.792640144558997,2,473
"273",1294158,1294158,385,"2019_Grotenete","gn-3","VR2W-122365",51.130352,4.617316,2019-12-23 05:27:53,2019-12-23 05:34:16,6,13627.5,4186.83712,0.307234,40229.027439,39887.614896,TRUE,44215.902021,16,2019-12-23 16:31:04,4328.287125,39791,0.108775530270664,TRUE,383,"gn-4_gn-3",TRUE,"transition",7.8192019998859,0.249630030377022,NA,0.914158829537211,109.105942672044,8.0733928261806,0.393733018331188,0.083290256469299,-0.386267483750869,2,473
"274",1294158,1294158,386,"2019_Grotenete","gn-2","VR2W-127721",51.135829,4.5937,2019-12-23 06:31:40,2019-12-23 06:53:08,13,4279.5,2138.410314,0.499687,42367.437753,42026.025211,TRUE,46288.624568,17,2019-12-23 17:15:16,4262.599357,38616,0.110384280013466,TRUE,1288,"gn-3_gn-2",TRUE,"transition",8.14545110880997,0.0610356996924044,NA,0.655099932643011,88.2817986502834,7.47662524563928,0.364064294565926,0.326249108924069,-0.188594330684617,2,473
"275",1294158,1294158,387,"2019_Grotenete","bn-3","VR2W-124063",51.126391,4.571903,2019-12-23 16:31:04,2019-12-23 16:35:13,4,35444.5,2189.87681,0.061783,44557.314563,44215.902021,TRUE,50582.614153,18,2019-12-23 18:40:33,6366.712132,7769,0.819502140816064,TRUE,249,"gn-2_bn-3",TRUE,"tidal",7.91958059553611,16.7533639671986,NA,0.84443376163248,78.4399160699258,7.79711903410699,0.331394403628813,-0.225870513273854,16.6923282675062,2,473
"276",1294158,1294158,388,"2019_Grotenete","bn-2","VR2W-124078",51.117416,4.549158,2019-12-23 17:15:16,2019-12-23 17:20:52,6,2695.5,2072.722547,0.768957,46630.03711,46288.624568,TRUE,50582.614153,18,2019-12-23 18:40:33,4293.989585,5117,0.839161537033419,TRUE,336,"bn-3_bn-2",TRUE,"tidal",8.03946844726848,13.7488368500077,NA,0.676902164436991,89.8601471078789,7.4946254966721,0.300464958322585,0.119887851732374,-3.0045271171909,2,473
"277",1294158,1294158,389,"2019_Grotenete","bn-1","VR2W-122351",51.093001,4.506837,2019-12-23 18:40:33,2019-12-23 18:57:59,16,5472,4293.989585,0.78472,50924.026695,50582.614153,TRUE,55176.559657,19,2019-12-24 03:20:19,4593.945504,31186,0.147307942794844,TRUE,1046,"bn-2_bn-1",TRUE,"tidal",8.1394355423509,1.19913754249732,NA,0.598925273132814,88.6435866789999,7.54076843809498,0.246365559516974,0.0999670950824125,-12.5496993075104,2,473
"278",1294158,1294158,390,"2019_Grotenete","bn-Walem","VR2W-122339",51.07183,4.45474,2019-12-24 03:20:19,2019-12-24 03:29:04,7,30925.5,4593.945504,0.148549,55517.972199,55176.559657,TRUE,62601.734282,20,2019-12-24 21:49:20,7425.174625,66541,0.111587962684661,TRUE,525,"bn-1_bn-Walem",TRUE,"tidal",7.99600596161815,0.581705929065768,NA,0.648149259978581,62.5597722026277,7.66883250494137,0.190190350750306,-0.143429580732752,-0.617431613431552,2,473
"279",1294158,1294158,391,"2019_Grotenete","ru-1","VR2W-122328",51.082273,4.366215,2019-12-24 21:49:20,2019-12-25 05:02:46,103,79281.5,7425.174625,0.093656,62943.146824,62601.734282,TRUE,78555.442897,23,2019-12-27 20:44:53,15953.708615,255333,0.0624819690952599,TRUE,26006,"bn-Walem_ru-1",TRUE,"tidal",8.38830188642022,0.461775600829245,NA,0.356452830358048,66.0188679339115,7.23886792480382,0.0750649065700041,0.392295924802074,-0.119930328236523,2,473
"280",1294158,1294158,393,"2019_Grotenete","me-7-2b","VR2W-113524",51.1008,4.330483,2019-12-25 17:22:50,2019-12-25 17:31:38,7,57671,3445.459128,0.059743,66388.605952,66047.19341,TRUE,78555.442897,23,2019-12-27 20:44:53,12508.249487,184923,0.0676403123840733,TRUE,528,"ru-1_me-7-2b",TRUE,"tidal",7.94436970947596,23.8281930522667,NA,0.716282009444924,81.6390482289959,7.78487144840301,0.105355681748586,-0.443932176944257,23.3664174514375,2,473.5
"281",1294158,1294158,394,"2019_Grotenete","s-9","VR2W-127738",51.19068,4.33602,2019-12-27 20:44:53,2019-12-27 20:51:49,11,184867,12266.830326,0.066355,78896.855439,78555.442897,TRUE,86022.171044,24,2019-12-28 19:49:06,7466.728147,83053,0.0899031720347248,TRUE,416,"me-7-2b_s-9",TRUE,"tidal",7.70010024614692,22.3615614584857,NA,1.00925818079655,96.6299760029071,8.04615214542886,0.117252627687574,-0.244269463329044,-1.46663159378098,2,474.333333333333
"282",1294158,1294158,395,"2019_Grotenete","s-10a","VR2W-127716",51.235423,4.396673,2019-12-28 19:49:06,2019-12-28 19:57:50,7,83107,7708.147308,0.09275,86363.583586,86022.171044,TRUE,100575.552435,25,2019-12-29 20:19:58,14553.381391,88252,0.164907100020396,TRUE,524,"s-9_s-10a",TRUE,"tidal",7.62307681052706,1.69680285352488,NA,1.08388811887477,74.3111618803865,8.44963567907111,0.131956563666365,-0.0770234356198545,-20.6647586049608,2,475
"283",1294158,1294158,396,"2019_Grotenete","s-12","VR2W-127732",51.30305,4.28731,2019-12-29 20:19:58,2019-12-29 20:26:04,6,88173,14553.381391,0.165055,100916.964977,100575.552435,TRUE,125923.958763,27,2020-01-01 08:26:57,25348.406328,216419,0.117126529223405,TRUE,366,"s-10a_s-12",TRUE,"tidal",7.61608324486427,0.831875070892193,NA,2.35701172926462,60.6945312704348,10.2696014963698,0.0860009710442051,-0.00699356566279707,-0.864927782632692,2,475.5
"284",1294158,1294158,397,"2019_Grotenete","s-STD3","VR2W-134898",51.330504,4.270161,2019-12-31 20:00:00,2019-12-31 20:06:08,3,171603,3855.62017,0.022468,104772.585147,104431.172605,TRUE,125923.958763,27,2020-01-01 08:26:57,21492.786158,44817,0.479567712207421,TRUE,368,"s-12_s-STD3",TRUE,"tidal",7.23649015067187,43.4614681453671,NA,2.03988818834358,53.407035177293,9.95785060942148,0.0509899143122897,-0.379593094192402,42.6295930744749,1,477
"285",1294159,1294159,403,"2019_Grotenete","rel_grotenete1","none",51.144779,5.003906,2019-10-02 13:00:00,2019-10-02 13:00:00,1,NA,NA,NA,0,0,NA,7635.421578,4,2019-11-29 06:09:23,7635.421578,4986563,0.00153119926049265,FALSE,0,"NA_rel_grotenete1",NA,"non-tidal",12.1393508590185,0.0598757705134101,NA,5.62563199133096,57.0214730493612,3.5944588695473,0.384337026809563,NA,NA,NA,691
"286",1294159,1294159,404,"2019_Grotenete","gn-14","VR2W-122358",51.138267,4.996319,2019-11-29 03:10:35,2019-11-29 03:13:58,3,4975936.5,1048.509145,0.000211,1048.509145,1048.509145,TRUE,7635.421578,4,2019-11-29 06:09:23,6586.912433,10728,0.613992583240119,TRUE,203,"rel_grotenete1_gn-14",TRUE,"non-tidal",10.4622405896568,0.0321941816665076,NA,5.64547965244515,91.8600626767532,7.19762223405703,0.38330194417585,-1.6771102693617,-0.0276815888469025,1,587.689655172414
"287",1294159,1294159,405,"2019_Grotenete","gn-13","VR2W-124066",51.119771,4.990306,2019-11-29 04:02:19,2019-11-29 04:04:15,3,3060.5,2389.94432,0.7809,3438.453465,3438.453465,TRUE,7635.421578,4,2019-11-29 06:09:23,4196.968113,7624,0.550494243572928,TRUE,116,"gn-14_gn-13",TRUE,"non-tidal",9.39033903664715,0.221233112426777,NA,6.09619806174824,119.699862544155,8.70696249373084,0.429772527002104,-1.07190155300966,0.189038930760269,2,499
"288",1294159,1294159,406,"2019_Grotenete","gn-11","VR2W-127720",51.09592,4.957142,2019-11-29 06:09:23,2019-11-29 06:10:58,2,7613.5,4338.377744,0.569827,7776.831209,7635.421578,TRUE,21357.312272,9,2019-11-29 20:18:13,13721.890694,50930,0.269426481327312,TRUE,95,"gn-13_gn-11",TRUE,"non-tidal",9.20593181033416,1.50470994129832,NA,7.39074581255547,108.855328227435,9.0727182210158,0.3958851229985,-0.184407226312995,1.28347682887154,2,499
"289",1294159,1294159,407,"2019_Grotenete","gn-10","VR2W-122324",51.091558,4.945793,2019-11-29 06:35:24,2019-11-29 16:30:21,129,19362,1107.062052,0.057177,8883.893261,8742.48363,TRUE,21357.312272,9,2019-11-29 20:18:13,12614.828642,49369,0.255521251027973,TRUE,35697,"gn-11_gn-10",TRUE,"non-tidal",9.13549119173172,0.995327662503575,NA,5.25207263858744,110.969114468246,8.33312163807042,0.370646262566276,-0.0704406186024347,-0.509382278794743,2,499
"290",1294159,1294159,410,"2019_Grotenete","gn-9","VR2W-127109",51.081153,4.913762,2019-11-29 17:21:31,2019-11-29 17:25:27,4,21036.5,2855.524863,0.135741,11739.418124,11598.008493,TRUE,21357.312272,9,2019-11-29 20:18:13,9759.303779,10602,0.920515353612526,TRUE,236,"gn-10_gn-9",TRUE,"non-tidal",9.14151302704283,0.713728488159144,NA,5.03307911770457,103.375960584456,8.04901568633461,0.451145809464728,0.00602183531110256,-0.281599174344432,2,498
"291",1294159,1294159,411,"2019_Grotenete","gn-7","VR2W-122340",51.061848,4.787587,2019-11-29 20:18:13,2019-11-29 20:22:50,5,10622.5,9817.88091,0.924253,21557.299034,21357.312272,TRUE,31338.233487,11,2019-11-29 23:51:16,9980.921215,12783,0.780796465227255,TRUE,277,"gn-9_gn-7",TRUE,"non-tidal",8.75919035918476,0.0401311768093615,NA,6.13596498021694,116.949637120354,8.76764427667536,0.9168277964159,-0.382322667858068,-0.673597311349782,2,497
"292",1294159,1294159,412,"2019_Grotenete","gn-6","VR2W-122333",51.078636,4.757592,2019-11-29 21:25:12,2019-11-29 21:29:46,3,4017.5,3296.955011,0.820648,24854.254045,24654.267283,TRUE,31338.233487,11,2019-11-29 23:51:16,6683.966204,8764,0.762661593336376,TRUE,274,"gn-7_gn-6",TRUE,"non-tidal",8.81302797608554,0.035931535119501,NA,4.66178267642949,126.635383744802,7.97249825903125,0.712667815654699,0.0538376169007773,-0.00419964168986042,2,497
"293",1294159,1294159,413,"2019_Grotenete","gn-5","VR2W-122332",51.125942,4.718199,2019-11-29 23:51:16,2019-11-29 23:52:36,2,8667,6683.966204,0.771197,31538.220249,31338.233487,TRUE,35783.626426,12,2019-11-30 01:22:32,4445.392939,5476,0.811795642622352,TRUE,80,"gn-6_gn-5",TRUE,"transition",8.84412243237094,1.02765369369268,NA,3.74091415553588,104.848897701577,7.64082039143872,0.516503692195175,0.0310944562854036,0.991722158573181,2,497
"294",1294159,1294159,414,"2019_Grotenete","gn-4","VR2W-122353",51.135075,4.664932,2019-11-30 01:22:32,2019-11-30 01:26:32,4,5556,4503.97007,0.81065,36042.190319,35783.626426,TRUE,39887.614896,13,2019-11-30 02:44:25,4103.98847,4913,0.835332479136983,TRUE,240,"gn-5_gn-4",TRUE,"transition",8.88789922952976,0.994780187794848,NA,3.22604728323479,71.2287329356639,7.42269003714457,0.434596146063111,0.0437767971588183,-0.0328735058978334,2,497
"295",1294159,1294159,415,"2019_Grotenete","gn-3","VR2W-122365",51.130352,4.617316,2019-11-30 02:44:25,2019-11-30 02:49:48,6,4954.5,4186.83712,0.845057,40229.027439,39887.614896,FALSE,44215.902021,15,2019-12-09 03:56:53,4328.287125,781948,0.00553526209543346,TRUE,323,"gn-4_gn-3",TRUE,"transition",8.82622272031311,0.975091208582317,NA,3.51748024497001,65.9524095447797,7.44042285656033,0.371254106407993,-0.0616765092166442,-0.0196889792125313,2,497
"296",1294159,1294159,416,"2019_Grotenete","gn-2","VR2W-127721",51.135829,4.5937,2019-11-30 03:43:06,2019-11-30 04:05:59,15,4046,2138.410314,0.528525,42367.437753,42026.025211,TRUE,46288.624568,16,2019-12-09 04:43:51,4262.599357,781245,0.00545616209639742,TRUE,1373,"gn-3_gn-2",TRUE,"transition",8.79695878287553,0.439372221691284,NA,3.78379386591692,66.8756636728386,7.50936765106212,0.338254711288107,-0.029263937437582,-0.535718986891033,2,497
"297",1294159,1294159,417,"2019_Grotenete","bn-3","VR2W-124063",51.126391,4.571903,2019-12-09 03:56:53,2019-12-09 04:00:29,4,777848.5,2189.87681,0.002815,44557.314563,44215.902021,TRUE,50582.614153,17,2019-12-09 17:09:31,6366.712132,47558,0.133872579418815,TRUE,216,"gn-2_bn-3",TRUE,"tidal",7.38078952972327,0.322366085976563,NA,3.03063882737703,115.266035806692,8.31344626638576,0.302439856614156,-1.41616925315226,-0.117006135714722,1,488.4
"298",1294159,1294159,418,"2019_Grotenete","bn-2","VR2W-124078",51.117416,4.549158,2019-12-09 04:43:51,2019-12-09 04:48:05,4,2837,2072.722547,0.730604,46630.03711,46288.624568,TRUE,50582.614153,17,2019-12-09 17:09:31,4293.989585,44740,0.0959765217925794,TRUE,254,"bn-3_bn-2",TRUE,"tidal",7.31916320620707,26.23986004884,NA,2.17748615929363,208.734050911971,8.91381601224067,0.284037589780523,-0.0616263235162053,25.9174939628634,2,481
"299",1294159,1294159,419,"2019_Grotenete","bn-1","VR2W-122351",51.093001,4.506837,2019-12-09 17:09:31,2019-12-09 17:34:07,19,45351,4293.989585,0.094683,50924.026695,50582.614153,TRUE,55176.559657,18,2019-12-09 18:38:05,4593.945504,5314,0.864498589386525,TRUE,1476,"bn-2_bn-1",TRUE,"tidal",7.43513499194962,14.9887428436095,NA,2.25870618774459,163.721680853773,8.79484866120521,0.244217833385796,0.115971785742557,-11.2511172052304,2,480.5
"300",1294159,1294159,420,"2019_Grotenete","bn-Walem","VR2W-122339",51.07183,4.45474,2019-12-09 18:38:05,2019-12-09 18:41:42,4,4684.5,4593.945504,0.980669,55517.972199,55176.559657,TRUE,62601.734282,19,2019-12-09 21:00:27,7425.174625,8542,0.869254814446266,TRUE,217,"bn-1_bn-Walem",TRUE,"tidal",7.34337803594199,13.7550031694202,NA,1.60853100991156,211.478568982234,8.63878171393127,0.205649401392183,-0.0917569560076297,-1.23373967418935,2,480
"301",1294159,1294159,421,"2019_Grotenete","ru-1","VR2W-122328",51.082273,4.366215,2019-12-09 21:00:27,2019-12-10 03:25:26,19,19983,7425.174625,0.371575,62943.146824,62601.734282,TRUE,72906.866784,22,2019-12-10 15:44:18,10305.132502,67431,0.152824850617668,TRUE,23099,"bn-Walem_ru-1",TRUE,"tidal",8.00147058780506,1.19967535272717,NA,0.438235294604533,47.485294154389,6.81470588287109,0.112850306750565,0.658092551863064,-12.555327816693,2,480
"302",1294159,1294159,423,"2019_Grotenete","me-7-2b","VR2W-113524",51.1008,4.330483,2019-12-10 04:05:58,2019-12-10 04:11:39,3,14152,3445.459128,0.243461,66388.605952,66047.19341,TRUE,72906.866784,22,2019-12-10 15:44:18,6859.67337399999,41900,0.163715354988067,TRUE,341,"ru-1_me-7-2b",TRUE,"tidal",7.24988656973353,0.581966822740039,NA,1.97414492077549,136.95750810864,8.53061906230879,0.130304997977843,-0.751584018071526,-0.617708529987135,2,480
"303",1294159,1294159,424,"2019_Grotenete","s-8","VR2W-112295",51.14319,4.33078,2019-12-10 15:44:18,2019-12-10 15:44:18,1,41729.5,6859.673374,0.164384,73248.279326,72906.866784,TRUE,78314.023736,23,2019-12-10 16:45:30,5407.156952,3672,1.4725372962963,TRUE,0,"me-7-2b_s-8",TRUE,"tidal",6.93285714354715,40.650025205485,NA,1.82028732409625,176.606080131461,8.71889543232359,0.0436757467255763,-0.31702942618638,40.068058382745,2,479.5
"304",1294159,1294159,425,"2019_Grotenete","s-9","VR2W-122319",51.19069,4.32954,2019-12-10 16:45:30,2019-12-10 16:45:30,1,3672,5407.156952,1.472537,78655.436278,78314.023736,TRUE,86022.171044,24,2019-12-10 18:09:54,7708.147308,5064,1.522145992891,TRUE,0,"s-8_s-9",TRUE,"tidal",6.92886981316421,19.1508592426761,NA,2.38276057962492,303.105438543433,9.13321276148982,0.1021302913625,-0.00398733038294541,-21.499165962809,2,479
"305",1294159,1294159,426,"2019_Grotenete","s-10a","VR2W-127716",51.235423,4.396673,2019-12-10 18:09:54,2019-12-10 18:15:28,3,5231,7708.147308,1.473551,86363.583586,86022.171044,NA,NA,NA,NA,NA,NA,NA,TRUE,334,"s-9_s-10a",TRUE,"tidal",7.24213747702675,10.9014492753829,NA,2.19749079359963,247.442676856432,9.07095886628199,0.128183173718963,0.313267663862541,-8.24940996729311,2,479
"306",1294160,1294160,427,"2019_Grotenete","rel_grotenete1","none",51.144779,5.003906,2019-10-03 12:00:00,2019-10-03 12:00:00,1,NA,NA,NA,0,0,NA,7635.421578,12,2019-11-19 20:13:15,7635.421578,4090395,0.00186667096405115,FALSE,0,"NA_rel_grotenete1",NA,"non-tidal",14.3873635965294,1.10017730804713,NA,5.49792869359659,57.1005185020036,3.63579857656436,0.360728418993834,NA,NA,NA,687
"307",1294160,1294160,428,"2019_Grotenete","gn-14","VR2W-122358",51.138267,4.996319,2019-10-17 18:10:12,2019-10-17 18:11:10,2,1231841,1048.509145,0.000851,1048.509145,1048.509145,TRUE,7635.421578,12,2019-11-19 20:13:15,6586.912433,2858583,0.00230425789036036,FALSE,58,"rel_grotenete1_gn-14",TRUE,"non-tidal",13.6345359643708,0.684230473795492,NA,6.15924869096034,61.8262191092002,6.51761589344349,0.383736302623755,-0.752827632158521,-0.415946834251634,1,660.4
"308",1294160,1294160,429,"2019_Grotenete","gn-13","VR2W-124066",51.119771,4.990306,2019-10-17 19:05:20,2019-11-19 17:13:12,113,1425515,2389.94432,0.001677,3438.453465,3438.453465,TRUE,7635.421578,12,2019-11-19 20:13:15,4196.968113,2855275,0.00146989978653545,FALSE,2844472,"gn-14_gn-13",TRUE,"non-tidal",12.0513596711868,0.449811669568319,NA,5.56407056544135,109.562417456486,6.63705131529172,0.371794571890108,-1.58317629318399,-0.234418804227172,1,604.117647058824
"309",1294160,1294160,438,"2019_Grotenete","gn-11","VR2W-127720",51.09592,4.957142,2019-11-19 20:13:15,2019-11-19 20:16:07,4,1433125,4338.377744,0.003027,7776.831209,7635.421578,TRUE,21357.312272,15,2019-11-20 01:59:31,13721.890694,20776,0.660468362244898,TRUE,172,"gn-13_gn-11",TRUE,"non-tidal",9.25534625071421,0.0940115176168153,NA,5.23909135718981,104.45657036397,7.42067768598334,0.326788580406372,-2.79601342047263,-0.355800151951504,1,547.333333333333
"310",1294160,1294160,439,"2019_Grotenete","gn-10","VR2W-122324",51.091558,4.945793,2019-11-19 20:40:41,2019-11-19 20:45:06,4,1692.5,1107.062052,0.654099,8883.893261,8742.48363,TRUE,21357.312272,15,2019-11-20 01:59:31,12614.828642,19130,0.659426484161004,TRUE,265,"gn-11_gn-10",TRUE,"non-tidal",7.78342889755718,0.027222232799418,NA,6.81193705002392,64.12108439568,8.5794281358824,0.29412707199912,-1.47191735315704,-0.0667892848173973,2,521
"311",1294160,1294160,440,"2019_Grotenete","gn-9","VR2W-127109",51.081153,4.913762,2019-11-19 22:31:32,2019-11-19 22:34:27,3,6606,2855.524863,0.432262,11739.418124,11598.008493,TRUE,21357.312272,15,2019-11-20 01:59:31,9759.303779,12479,0.782058160028848,TRUE,175,"gn-10_gn-9",TRUE,"non-tidal",7.84148016169096,0.285220049746237,NA,6.20663769699185,75.1213953079013,8.56250897615275,0.39744504371633,0.0580512641337849,0.257997816946819,2,521
"312",1294160,1294160,441,"2019_Grotenete","gn-7","VR2W-122340",51.061848,4.787587,2019-11-20 01:59:31,2019-11-20 02:05:27,5,12569.5,9817.88091,0.781088,21557.299034,21357.312272,FALSE,31338.233487,18,2019-11-26 02:06:54,9980.921215,518843,0.0192368813205536,TRUE,356,"gn-9_gn-7",TRUE,"non-tidal",7.99521670020099,0.804721178935091,NA,4.47271594122814,85.0579000873,8.36376949323487,0.915207616862873,0.153736538510027,0.519501129188854,2,521
"313",1294160,1294160,442,"2019_Grotenete","gn-6","VR2W-122333",51.078636,4.757592,2019-11-20 03:26:14,2019-11-25 18:13:55,13,247655.5,3296.955011,0.013313,24854.254045,24654.267283,TRUE,31338.233487,18,2019-11-26 02:06:54,6683.966204,513640,0.0130129394206059,TRUE,485261,"gn-7_gn-6",TRUE,"non-tidal",7.47976868100542,0.71799049794061,NA,4.45402854395353,74.0206186507327,8.44271696347892,0.704205934315996,-0.515448019195568,-0.0867306809944804,1,517.25
"314",1294160,1294160,444,"2019_Grotenete","gn-5","VR2W-122332",51.125942,4.718199,2019-11-26 02:06:54,2019-11-26 02:09:56,3,271100.5,6683.966204,0.024655,31538.220249,31338.233487,TRUE,35783.626426,19,2019-11-26 05:33:01,4445.392939,12367,0.359456047465028,TRUE,182,"gn-6_gn-5",TRUE,"transition",7.71900950904651,0.248740354227985,NA,4.63646493570059,84.3605749006939,8.71762818685954,0.49835876162772,0.23924082804109,-0.469250143712625,1,509.5
"315",1294160,1294160,445,"2019_Grotenete","gn-4","VR2W-122353",51.135075,4.664932,2019-11-26 05:33:01,2019-11-26 05:41:32,8,12531.5,4503.97007,0.359412,36042.190319,35783.626426,TRUE,39887.614896,20,2019-11-26 07:28:19,4103.98847,6918,0.593233372361954,TRUE,511,"gn-5_gn-4",TRUE,"transition",8.10192938887537,0.101692534497155,NA,6.37438987802102,95.3262186349879,8.9576911167212,0.412919564654744,0.382919879828863,-0.14704781973083,2,506
"316",1294160,1294160,446,"2019_Grotenete","gn-3","VR2W-122365",51.130352,4.617316,2019-11-26 07:28:19,2019-11-26 07:35:17,6,6871.5,4186.83712,0.609305,40229.027439,39887.614896,TRUE,44215.902021,22,2019-11-26 18:08:50,4328.287125,38431,0.112624889412193,TRUE,418,"gn-4_gn-3",TRUE,"transition",7.96366439364167,0.0254526086105626,NA,4.32590558449488,113.441892247148,8.75190939841818,0.346886533739213,-0.1382649952337,-0.0762399258865924,2,506
"317",1294160,1294160,447,"2019_Grotenete","gn-2","VR2W-127721",51.135829,4.5937,2019-11-26 17:29:39,2019-11-26 17:50:02,13,36482.5,2138.410314,0.058615,42367.437753,42026.025211,TRUE,46288.624568,23,2019-11-26 18:46:34,4262.599357,4615,0.923640164030336,TRUE,1223,"gn-3_gn-2",TRUE,"transition",8.11777672808228,0.628377985023275,NA,4.53280665880081,89.059133439179,8.72705841554659,0.317798770708533,0.154112334440604,0.602925376412712,2,504.5
"318",1294160,1294160,448,"2019_Grotenete","bn-3","VR2W-124063",51.126391,4.571903,2019-11-26 18:08:50,2019-11-26 18:14:51,6,1920,2189.87681,1.140561,44557.314563,44215.902021,TRUE,50582.614153,24,2019-11-26 19:44:36,6366.712132,5746,1.10802508388444,TRUE,361,"gn-2_bn-3",TRUE,"tidal",8.21285908439162,9.61534740384753,NA,4.69707362466822,122.250098655266,8.88929348408331,0.292180802053322,0.0950823563093444,8.98696941882426,2,503
"319",1294160,1294160,449,"2019_Grotenete","bn-2","VR2W-124078",51.117416,4.549158,2019-11-26 18:46:34,2019-11-26 18:49:39,3,2176,2072.722547,0.952538,46630.03711,46288.624568,TRUE,50582.614153,24,2019-11-26 19:44:36,4293.989585,3482,1.23319631964388,TRUE,185,"bn-3_bn-2",TRUE,"tidal",8.16052466526036,0.838625418418667,NA,4.15931149490272,119.24611175452,8.8169869725664,0.265846095963574,-0.0523344191312614,-8.77672198542887,2,503
"320",1294160,1294160,450,"2019_Grotenete","bn-1","VR2W-122351",51.093001,4.506837,2019-11-26 19:44:36,2019-11-26 19:59:40,14,3841.5,4293.989585,1.11779,50924.026695,50582.614153,TRUE,55176.559657,25,2019-11-26 20:57:53,4593.945504,4397,1.04479088105526,TRUE,904,"bn-2_bn-1",TRUE,"tidal",8.08901545368254,0.40682020274625,NA,3.37258129445162,111.359518170247,8.66058801238162,0.213611303846105,-0.0715092115778244,-0.431805215672417,2,503
"321",1294160,1294160,451,"2019_Grotenete","bn-Walem","VR2W-122339",51.07183,4.45474,2019-11-26 20:57:53,2019-11-26 21:06:41,6,4209,4593.945504,1.091458,55517.972199,55176.559657,TRUE,62601.734282,26,2019-11-26 22:52:35,7425.174625,6882,1.07892685629178,TRUE,528,"bn-1_bn-Walem",TRUE,"tidal",8.03227394936182,0.336215760416998,NA,2.45650985143805,94.1179466185555,8.46851647007761,0.158898129876076,-0.0567415043207156,-0.0706044423292519,2,503
"322",1294160,1294160,452,"2019_Grotenete","ru-1","VR2W-122328",51.082273,4.366215,2019-11-26 22:52:35,2019-11-27 05:17:31,16,18166,7425.174625,0.40874,62943.146824,62601.734282,TRUE,72606.862417,29,2019-11-27 07:19:08,10005.128135,30393,0.329191857829105,TRUE,23096,"bn-Walem_ru-1",TRUE,"tidal",8.09516129034041,17.9932666825672,NA,0.513225807433845,65.8548387144157,8.05483870986613,0.0505243667043632,0.0628873409785839,17.6570509221502,2,503
"323",1294160,1294160,454,"2019_Grotenete","me-7-2b","VR2W-113524",51.1008,4.330483,2019-11-27 05:44:12,2019-11-27 05:48:47,4,13286.5,3445.459128,0.25932,66388.605952,66047.19341,TRUE,72606.862417,29,2019-11-27 07:19:08,6559.66900699999,5696,1.1516272835323,TRUE,275,"ru-1_me-7-2b",TRUE,"tidal",8.15861570145289,10.3769926035823,NA,3.90157832091753,111.538664307137,8.88097482252226,0.0809205881317401,0.0634544111124846,-7.6162740789849,2,503
"324",1294160,1294160,455,"2019_Grotenete","s-8","VR2W-127719",51.14222,4.32646,2019-11-27 07:19:08,2019-11-27 07:19:08,1,5558.5,6859.673374,1.234087,72948.274959,72606.862417,TRUE,78555.442897,30,2019-11-27 08:25:51,5948.58048,4003,1.48603059705221,TRUE,0,"me-7-2b_s-8",TRUE,"tidal",8.02195141427842,1.638940597148,NA,4.74008360364696,117.920209162344,9.00749051907745,0.0416758182276193,-0.136664287174467,-8.73805200643428,2,503
"325",1294160,1294160,456,"2019_Grotenete","s-9","VR2W-127738",51.19068,4.33602,2019-11-27 08:25:51,2019-11-27 08:41:52,14,4483.5,5407.156952,1.206012,78896.85544,78555.442897,TRUE,86022.171044,31,2019-11-27 16:21:55,7466.728147,28564,0.261403450042011,TRUE,961,"s-8_s-9",TRUE,"tidal",8.06289145560165,0.813195052268765,NA,3.65748094355062,110.789966340119,8.97981874244056,0.0960557495570862,0.0409400413232284,-0.82574554487924,2,503
"326",1294160,1294160,457,"2019_Grotenete","s-10a","VR2W-127716",51.235423,4.396673,2019-11-27 16:21:55,2019-11-27 16:39:11,9,28601.5,7708.147308,0.269502,86363.583587,86022.171044,TRUE,104431.172605,32,2019-11-27 20:27:51,18409.001561,14756,1.24756042023584,TRUE,1036,"s-9_s-10a",TRUE,"tidal",8.69639194606859,20.8145483030118,NA,6.94218233212258,87.791094898263,9.0177056867654,0.120552956682727,0.633500490466941,20.0013532507431,2,502
"327",1294160,1294160,458,"2019_Grotenete","s-STD3","VR2W-134898",51.330504,4.270161,2019-11-27 20:27:51,2019-11-27 20:29:25,2,14285,18409.001561,1.288695,104772.585148,104431.172605,TRUE,125923.958763,33,2019-11-28 08:58:02,21492.786158,45011,0.477500747772767,TRUE,94,"s-10a_s-STD3",TRUE,"tidal",9.09149786333868,32.9250786807586,NA,13.7913546859386,69.2244764134157,9.42064613010333,0.0506416008874281,0.395105917270087,12.1105303777467,2,501
"328",1294161,1294161,472,"2019_Grotenete","rel_grotenete1","none",51.144779,5.003906,2019-10-03 12:00:00,2019-10-03 12:00:00,1,NA,NA,NA,0,0,NA,7635.421578,3,2019-10-14 20:13:13,7635.421578,979993,0.00779130216032155,FALSE,0,"NA_rel_grotenete1",NA,"non-tidal",14.3873635965294,0.0269252842974149,NA,5.49792869359659,57.1005185020036,3.63579857656436,0.360728418993834,NA,NA,NA,687
"329",1294161,1294161,473,"2019_Grotenete","gn-13","VR2W-124066",51.119771,4.990306,2019-10-09 18:34:12,2019-10-09 18:38:45,4,542188.5,3438.453465,0.006342,3438.453465,3438.453465,TRUE,7635.421578,3,2019-10-14 20:13:13,4196.968113,437941,0.00958340989539687,FALSE,273,"rel_grotenete1_gn-13",TRUE,"non-tidal",13.4393450437467,0.158792913806679,NA,6.1812890704407,50.9735364183619,5.89310266509615,0.399592917711068,-0.948018552782635,0.131867629509264,1,675.571428571429
"330",1294161,1294161,474,"2019_Grotenete","gn-11","VR2W-127720",51.09592,4.957142,2019-10-14 20:13:13,2019-10-14 20:17:39,5,437937.5,4338.377744,0.009906,7776.831209,7635.421578,TRUE,21357.312272,9,2019-10-17 18:46:35,13721.890694,254002,0.0540227663325486,TRUE,266,"gn-13_gn-11",TRUE,"non-tidal",14.1664961754863,1.10051115107687,NA,5.89435574198038,62.6292374559427,6.70691859051478,0.338158973193128,0.727151131739546,0.94171823727019,1,654.666666666667
"331",1294161,1294161,475,"2019_Grotenete","gn-10","VR2W-122324",51.091558,4.945793,2019-10-14 20:48:59,2019-10-14 21:37:14,26,3460.5,1107.062052,0.319914,8883.893261,8742.48363,NA,NA,NA,NA,NA,NA,NA,TRUE,2895,"gn-11_gn-10",TRUE,"non-tidal",15.3508949361437,0.590927588171079,NA,5.17321104551422,70.4076841243877,6.66901473078457,0.2633700047607,1.18439876065746,-0.50958356290579,2,645
"332",1294161,1294161,476,"2019_Grotenete","gn-11","VR2W-127720",51.09592,4.957142,2019-10-14 22:45:20,2019-10-17 00:34:05,16,95196,1107.062052,0.011629,9990.955313,7635.421578,TRUE,21357.312272,9,2019-10-17 18:46:35,13721.890694,244875,0.0560363070709546,TRUE,179325,"gn-10_gn-11",FALSE,"non-tidal",15.2662345394102,0.472773119469464,NA,6.05062735977125,68.0088822818586,6.80585033349632,0.296351307069491,-0.0846603967335522,-0.118154468701615,1,643
"333",1294161,1294161,478,"2019_Grotenete","gn-10","VR2W-122324",51.091558,4.945793,2019-10-17 01:02:47,2019-10-17 01:12:14,8,91668,1107.062052,0.012077,11098.017365,8742.48363,TRUE,21357.312272,9,2019-10-17 18:46:35,12614.828642,63828,0.197637849251112,TRUE,567,"gn-11_gn-10",TRUE,"non-tidal",14.7508881464499,0.0471580753281849,NA,6.17737505836429,70.1009978444332,6.84342276884461,0.256450888944527,-0.515346392960243,-0.425615044141279,1,639.5
"334",1294161,1294161,479,"2019_Grotenete","gn-9","VR2W-127109",51.081153,4.913762,2019-10-17 02:14:05,2019-10-17 02:18:26,4,4125,2855.524863,0.692248,13953.542228,11598.008493,TRUE,21357.312272,9,2019-10-17 18:46:35,9759.303779,59550,0.163884194441646,TRUE,261,"gn-10_gn-9",TRUE,"non-tidal",14.7528292137404,0.0290795401895853,NA,5.2853705900766,53.7884761142662,6.55907156622141,0.423452053277843,0.00194106729050958,-0.0180785351385996,2,638
"335",1294161,1294161,480,"2019_Grotenete","gn-7","VR2W-122340",51.061848,4.787587,2019-10-17 18:46:35,2019-10-17 18:51:47,4,59575.5,9817.88091,0.164797,23771.423138,21357.312272,TRUE,31338.233487,11,2019-10-17 23:50:18,9980.921215,18223,0.547710103440707,TRUE,312,"gn-9_gn-7",TRUE,"non-tidal",15.0386689835009,1.50003955165007,NA,6.21670803986766,69.5584365296416,6.70949189723589,0.92756966256793,0.285839769760504,1.47096001146048,2,636
"336",1294161,1294161,481,"2019_Grotenete","gn-6","VR2W-122333",51.078636,4.757592,2019-10-17 20:20:16,2019-10-17 20:25:14,5,5614,3296.955011,0.587274,27068.378149,24654.267283,TRUE,31338.233487,11,2019-10-17 23:50:18,6683.966204,12602,0.5303893194731,TRUE,298,"gn-7_gn-6",TRUE,"non-tidal",15.0514603410257,0.862279167133221,NA,6.59097291655546,77.4984097515457,7.05989418606348,0.718280563125432,0.012791357524728,-0.637760384516845,2,634
"337",1294161,1294161,482,"2019_Grotenete","gn-5","VR2W-122332",51.125942,4.718199,2019-10-17 23:50:18,2019-10-17 23:55:15,5,12601.5,6683.966204,0.53041,33752.344353,31338.233487,TRUE,35783.626426,12,2019-10-18 02:41:15,4445.392939,10257,0.433400891001268,TRUE,297,"gn-6_gn-5",TRUE,"transition",15.1146010288721,0.807567829252692,NA,4.71388348608348,70.8618553754069,5.99078057243014,0.509506298177228,0.0631406878464666,-0.0547113378805286,2,634
"338",1294161,1294161,483,"2019_Grotenete","gn-4","VR2W-122353",51.135075,4.664932,2019-10-18 02:41:15,2019-10-18 02:58:03,12,10612.5,4503.97007,0.424402,38256.314423,35783.626426,TRUE,39887.614896,13,2019-10-18 21:01:13,4103.98847,65998,0.0621835278341767,TRUE,1008,"gn-5_gn-4",TRUE,"transition",15.0925874433122,0.336874494139935,NA,4.05208500855978,48.9163902183235,5.79910607242474,0.430294368346946,-0.0220135855599821,-0.470693335112758,2,634
"339",1294161,1294161,484,"2019_Grotenete","gn-3","VR2W-122365",51.130352,4.617316,2019-10-18 21:01:13,2019-10-18 21:07:30,7,65682.5,4186.83712,0.063744,42443.151543,39887.614896,TRUE,44215.902021,15,2019-10-18 22:37:27,4328.287125,5774,0.749616751818497,TRUE,377,"gn-4_gn-3",TRUE,"transition",14.9841127823923,0.13238325064275,NA,5.01147407300938,75.0491581864078,6.37906065313729,0.360417858564349,-0.108474660919889,-0.204491243497185,1,632
"340",1294161,1294161,485,"2019_Grotenete","gn-2","VR2W-127721",51.135829,4.5937,2019-10-18 21:57:47,2019-10-18 22:16:23,11,3763.5,2138.410314,0.568197,44581.561857,42026.025211,TRUE,46288.624568,16,2019-10-18 23:20:54,4262.599357,4987,0.854742201122919,TRUE,1116,"gn-3_gn-2",TRUE,"transition",14.8618840921886,0.0301643048709616,NA,4.1919356356478,81.0055141167881,5.98706608612992,0.329063011815717,-0.122228690203704,-0.102218945771788,2,630
"341",1294161,1294161,486,"2019_Grotenete","bn-3","VR2W-124063",51.126391,4.571903,2019-10-18 22:37:27,2019-10-18 22:45:14,7,2055.5,2189.87681,1.065374,46771.438667,44215.902021,TRUE,50582.614153,17,2019-10-19 00:39:07,6366.712132,7300,0.872152346849315,TRUE,467,"gn-2_bn-3",TRUE,"tidal",14.8589352569438,8.7487941061412,NA,3.72476656117378,82.5999322676635,5.79781396207762,0.298633073372305,-0.00294883524479772,8.71862980127023,2,630
"342",1294161,1294161,487,"2019_Grotenete","bn-2","VR2W-124078",51.117416,4.549158,2019-10-18 23:20:54,2019-10-18 23:25:33,5,2513,2072.722547,0.8248,48844.161214,46288.624568,TRUE,50582.614153,17,2019-10-19 00:39:07,4293.989585,4693,0.914977537822289,TRUE,279,"bn-3_bn-2",TRUE,"tidal",14.8449619259339,8.10665458759613,NA,3.36902240925089,81.1672422851594,5.77259132354755,0.271046538975151,-0.0139733310098311,-0.64213951854507,2,630
"343",1294161,1294161,488,"2019_Grotenete","bn-1","VR2W-122351",51.093001,4.506837,2019-10-19 00:39:07,2019-10-19 00:55:25,13,5042.5,4293.989585,0.85156,53138.150799,50582.614153,TRUE,55176.559657,18,2019-10-19 02:05:48,4593.945504,5201,0.883281196692943,TRUE,978,"bn-2_bn-1",TRUE,"tidal",14.8402055248747,0.707041182181108,NA,2.76342568268455,66.9195260880046,5.5574471756537,0.217024506212479,-0.00475640105923958,-7.39961340541502,2,630
"344",1294161,1294161,489,"2019_Grotenete","bn-Walem","VR2W-122339",51.07183,4.45474,2019-10-19 02:05:48,2019-10-19 02:45:34,29,5905,4593.945504,0.777976,57732.096303,55176.559657,TRUE,62601.734282,19,2019-10-21 00:21:54,7425.174625,166566,0.0445779728455987,TRUE,2386,"bn-1_bn-Walem",TRUE,"tidal",14.8161696535128,0.342988217107997,NA,2.21020023512848,44.2983338869852,5.31728042813582,0.161538196298546,-0.0240358713619404,-0.364052965073111,2,630
"345",1294161,1294161,490,"2019_Grotenete","ru-1","VR2W-122328",51.082273,4.366215,2019-10-21 00:21:54,2019-10-21 13:46:28,22,189510,7425.174625,0.039181,65157.270928,62601.734282,TRUE,72606.862417,25,2019-11-01 05:04:42,10005.128135,967368,0.0103426287979342,TRUE,48274,"bn-Walem_ru-1",TRUE,"tidal",14.5322274882601,0.300806975046018,NA,0.753349132307119,61.0379146986358,4.8957345975985,0.0576266590109921,-0.283942165252702,-0.0421812420619782,1,626
"346",1294161,1294161,493,"2019_Grotenete","me-7-2b","VR2W-113524",51.1008,4.330483,2019-10-28 04:12:34,2019-10-28 10:16:58,32,605435,3445.459128,0.005691,68602.730056,66047.19341,TRUE,72606.862417,25,2019-11-01 05:04:42,6559.66900699999,348728,0.0188102733563121,TRUE,21864,"ru-1_me-7-2b",TRUE,"tidal",14.3348523403125,13.4362930395207,NA,2.40807044833009,99.0634898236584,5.9202809900513,0.0777938824849007,-0.197375147947534,13.1354860644747,1,609.5
"347",1294161,1294161,496,"2019_Grotenete","s-8","VR2W-127719",51.14222,4.32646,2019-11-01 05:04:42,2019-11-12 18:09:29,4,836539.5,6859.673374,0.0082,75162.399063,72606.862417,TRUE,78555.442897,27,2019-11-12 19:09:57,5948.58048,1001115,0.00594195519995206,TRUE,997487,"me-7-2b_s-8",TRUE,"tidal",12.8360364074302,11.1433712357102,NA,4.42332293337833,156.668127104933,7.00332404351934,0.0288226988108836,-1.49881593288235,-2.29292180381046,1,578.909090909091
"348",1294161,1294161,498,"2019_Grotenete","s-9","VR2W-127738",51.19068,4.33602,2019-11-12 19:09:57,2019-11-12 19:20:29,7,502687.5,5407.156952,0.010756,81110.979544,78555.442897,TRUE,86022.171044,28,2019-11-12 20:59:43,7466.728147,6586,1.13372732265412,TRUE,632,"s-8_s-9",TRUE,"tidal",11.3342162367948,1.05600764510542,NA,4.00300289514685,171.854661818972,7.08287597671325,0.0904161150780885,-1.50182017063535,-10.0873635906048,1,551.714285714286
"349",1294161,1294161,499,"2019_Grotenete","s-10a","VR2W-127716",51.235423,4.396673,2019-11-12 20:59:43,2019-11-12 21:06:11,5,6464,7708.147308,1.192473,88577.707691,86022.171044,TRUE,100575.552435,29,2019-11-13 21:32:23,14553.381391,88360,0.164705538603441,TRUE,388,"s-9_s-10a",TRUE,"tidal",10.6747571180983,0.484401941161897,NA,5.59295334339433,130.934916762824,7.77507328550947,0.109857979642463,-0.659459118696523,-0.571605703943522,2,542
"350",1294161,1294161,500,"2019_Grotenete","s-12","VR2W-127732",51.30305,4.28731,2019-11-13 21:32:23,2019-11-14 17:43:31,86,124500,14553.381391,0.116895,103131.089082,100575.552435,TRUE,125923.958763,33,2019-11-15 18:06:28,25348.406328,160445,0.157988135049394,TRUE,72668,"s-10a_s-12",TRUE,"tidal",11.2864459263358,21.3645030214391,NA,15.0750453872477,52.5307312000987,8.68349584796508,0.0748458078220199,0.611688808237545,20.8801010802772,2,540.5
"351",1294161,1294161,503,"2019_Grotenete","s-STD3","VR2W-134898",51.330504,4.270161,2019-11-14 18:40:19,2019-11-14 18:40:19,1,39742,3855.62017,0.097016,106986.709252,104431.172605,TRUE,125923.958763,33,2019-11-15 18:06:28,21492.786158,84369,0.254747432801147,TRUE,0,"s-12_s-STD3",TRUE,"tidal",10.642273214255,14.7141391816122,NA,12.5910196591956,67.2627088446857,8.61960527388392,0.0425600368716136,-0.644172712080854,-6.65036383982682,2,537.5
"352",1294162,1294162,508,"2019_Grotenete","rel_grotenete1","none",51.144779,5.003906,2019-10-10 11:30:00,2019-10-10 11:30:00,1,NA,NA,NA,0,0,NA,7635.421578,4,2019-12-14 19:26:14,7635.421578,5644574,0.00135270112111206,FALSE,0,"NA_rel_grotenete1",NA,"non-tidal",15.0271540629825,0.0327880242199563,NA,6.03802231940315,50.1827862455996,6.3084801427078,0.404309724896595,NA,NA,NA,664
"353",1294162,1294162,509,"2019_Grotenete","gn-14","VR2W-122358",51.138267,4.996319,2019-12-10 10:36:12,2019-12-10 10:52:16,3,5267654,1048.509145,0.000199,1048.509145,1048.509145,TRUE,7635.421578,4,2019-12-14 19:26:14,6586.912433,377402,0.0174533055813165,TRUE,964,"rel_grotenete1_gn-14",TRUE,"non-tidal",9.27540918740178,0.0791919610563961,NA,5.2451287173086,101.906165712829,7.52450271073683,0.388102371027213,-5.75174487558073,0.0464039368364398,1,559.58064516129
"354",1294162,1294162,510,"2019_Grotenete","gn-13","VR2W-124066",51.119771,4.990306,2019-12-14 16:52:49,2019-12-14 16:57:32,5,367856.5,2389.94432,0.006497,3438.453465,3438.453465,TRUE,7635.421578,4,2019-12-14 19:26:14,4196.968113,9205,0.455944390331342,TRUE,283,"gn-14_gn-13",TRUE,"non-tidal",6.34196905314991,0.880175414809853,NA,1.87596225852357,165.876257803883,8.75544650650209,0.457408906331828,-2.93344013425187,0.800983453753457,1,477.5
"355",1294162,1294162,511,"2019_Grotenete","gn-11","VR2W-127720",51.09592,4.957142,2019-12-14 19:26:14,2019-12-14 19:28:54,3,9143.5,4338.377744,0.474477,7776.831209,7635.421578,TRUE,21357.312272,7,2019-12-16 00:55:13,13721.890694,106139,0.129282268478128,TRUE,160,"gn-13_gn-11",TRUE,"non-tidal",6.60243919668014,1.48517828913162,NA,2.70646199982704,168.487403986863,9.00543037570424,0.478626435060533,0.260470143530235,0.605002874321763,2,475
"356",1294162,1294162,512,"2019_Grotenete","gn-10","VR2W-122324",51.091558,4.945793,2019-12-14 19:55:10,2019-12-15 16:46:15,938,39188.5,1107.062052,0.02825,8883.893261,8742.48363,TRUE,21357.312272,7,2019-12-16 00:55:13,12614.828642,104403,0.120828219897896,TRUE,75065,"gn-11_gn-10",TRUE,"non-tidal",6.56170696174234,1.40358630942533,NA,1.3786522005866,139.78763830538,8.64480976535743,0.472717861281893,-0.0407322349378036,-0.081591979706289,2,475
"357",1294162,1294162,513,"2019_Grotenete","gn-9","VR2W-127109",51.081153,4.913762,2019-12-15 17:56:41,2019-12-15 18:02:28,3,41932,2855.524863,0.068099,11739.418124,11598.008493,TRUE,21357.312272,7,2019-12-16 00:55:13,9759.303779,25112,0.38863108390411,TRUE,347,"gn-10_gn-9",TRUE,"non-tidal",6.67139518089455,0.232241700757569,NA,1.28747495098842,144.678927192142,8.73976542120478,0.524988906677122,0.109688219152206,-1.17134460866776,2,474.5
"358",1294162,1294162,514,"2019_Grotenete","gn-7","VR2W-122340",51.061848,4.787587,2019-12-16 00:55:13,2019-12-16 00:59:09,4,25056.5,9817.88091,0.39183,21557.299034,21357.312272,TRUE,31338.233487,10,2019-12-16 19:15:14,9980.921215,66001,0.15122378774564,TRUE,236,"gn-9_gn-7",TRUE,"non-tidal",6.71093330531226,0.055656973742739,NA,1.2145908317805,146.538884982885,8.67324743369159,0.876759308332931,0.0395381244177155,-0.17658472701483,2,474
"359",1294162,1294162,515,"2019_Grotenete","gn-6","VR2W-122333",51.078636,4.757592,2019-12-16 02:51:37,2019-12-16 16:03:22,7,30618.5,3296.955011,0.107679,24854.254045,24654.267283,TRUE,31338.233487,10,2019-12-16 19:15:14,6683.966204,59017,0.113254930003219,TRUE,47505,"gn-7_gn-6",TRUE,"non-tidal",6.68018171744335,2.09579755812602,NA,1.22590904018574,123.310616777908,8.66967350204386,0.7074786417121,-0.030751587868906,2.04014058438328,2,474
"360",1294162,1294162,517,"2019_Grotenete","gn-5","VR2W-122332",51.125942,4.718199,2019-12-16 19:15:14,2019-12-16 19:20:11,4,35413,6683.966204,0.188743,31538.220249,31338.233487,TRUE,35783.626426,11,2019-12-16 22:05:40,4445.392939,10226,0.43471474075885,TRUE,297,"gn-6_gn-5",TRUE,"transition",6.80638030043872,1.48869471795191,NA,0.994896695592639,115.642674277428,8.57358896802923,0.529308683266937,0.126198582995366,-0.607102840174102,2,474
"361",1294162,1294162,518,"2019_Grotenete","gn-4","VR2W-122353",51.135075,4.664932,2019-12-16 22:05:40,2019-12-16 22:14:38,8,10346.5,4503.97007,0.435313,36042.190319,35783.626426,TRUE,39887.614896,12,2019-12-17 15:53:43,4103.98847,64083,0.0640417656788851,TRUE,538,"gn-5_gn-4",TRUE,"transition",6.78514060990065,1.37116541660119,NA,1.17080498496483,161.763422086343,8.62083759718049,0.446178820618904,-0.0212396905380681,-0.117529301350721,2,474
"362",1294162,1294162,519,"2019_Grotenete","gn-3","VR2W-122365",51.130352,4.617316,2019-12-17 15:53:43,2019-12-17 16:05:36,7,64170.5,4186.83712,0.065246,40229.027439,39887.614896,TRUE,44215.902021,14,2019-12-17 21:14:42,4328.287125,19259,0.224741010696298,TRUE,713,"gn-4_gn-3",TRUE,"transition",6.95550607721672,0.57543970320223,NA,0.895752556397758,110.476698313196,8.43577882634938,0.382112512372468,0.170365467316064,-0.795725713398963,2,473.5
"363",1294162,1294162,520,"2019_Grotenete","gn-2","VR2W-127721",51.135829,4.5937,2019-12-17 17:18:07,2019-12-17 17:52:32,17,5740,2138.410314,0.372545,42367.437753,42026.025211,TRUE,46288.624568,15,2019-12-17 22:12:56,4262.599357,17689,0.240974580643338,TRUE,2065,"gn-3_gn-2",TRUE,"transition",7.214451635291,0.201208709795392,NA,0.778627586488581,98.7546694554102,8.43557932865133,0.35191213968714,0.258945558074284,-0.374230993406838,2,473
"364",1294162,1294162,521,"2019_Grotenete","bn-3","VR2W-124063",51.126391,4.571903,2019-12-17 21:14:42,2019-12-17 21:24:24,7,13453.5,2189.87681,0.162774,44557.314563,44215.902021,TRUE,50582.614153,16,2019-12-18 00:15:01,6366.712132,10819,0.588475102319993,TRUE,582,"gn-2_bn-3",TRUE,"tidal",7.05888064904368,22.7242880634046,NA,1.32989907635549,139.363060384835,8.59710469547583,0.321303849332827,-0.155570986247321,22.5230793536092,2,473
"365",1294162,1294162,522,"2019_Grotenete","bn-2","VR2W-124078",51.117416,4.549158,2019-12-17 22:12:56,2019-12-17 22:21:34,7,3462,2072.722547,0.598707,46630.03711,46288.624568,TRUE,50582.614153,16,2019-12-18 00:15:01,4293.989585,7325,0.58621018225256,TRUE,518,"bn-3_bn-2",TRUE,"tidal",7.0706847540243,13.1054451265421,NA,0.999205213648832,171.77265377403,8.5121303589717,0.294330570264235,0.011804104980623,-9.6188429368625,2,473
"366",1294162,1294162,523,"2019_Grotenete","bn-1","VR2W-122351",51.093001,4.506837,2019-12-18 00:15:01,2019-12-18 09:06:51,217,23021,4293.989585,0.186525,50924.026695,50582.614153,TRUE,55176.559657,17,2019-12-18 11:26:51,4593.945504,40310,0.11396540570578,TRUE,31910,"bn-2_bn-1",TRUE,"tidal",7.28398133986607,12.1435383629609,NA,0.653623526370431,96.5246367741026,8.23577068597909,0.240352872734674,0.213296585841769,-0.961906763581208,2,473
"367",1294162,1294162,524,"2019_Grotenete","bn-Walem","VR2W-122339",51.07183,4.45474,2019-12-18 11:26:51,2019-12-18 15:51:06,12,32282.5,4593.945504,0.142305,55517.972199,55176.559657,TRUE,62601.734282,20,2019-12-18 23:30:25,7425.174625,43414,0.171031801377436,TRUE,15855,"bn-1_bn-Walem",TRUE,"tidal",7.14498868404458,1.01664060450027,NA,0.791071769561026,107.060608363051,8.23998732432846,0.187032251368476,-0.13899265582149,-11.1268977584607,2,473
"368",1294162,1294162,527,"2019_Grotenete","ru-1","VR2W-122328",51.082273,4.366215,2019-12-18 23:30:25,2019-12-18 23:58:14,14,36321,7425.174625,0.204432,62943.146824,62601.734282,TRUE,72906.866784,22,2019-12-19 23:09:04,10305.132502,85119,0.121067358662578,TRUE,1669,"bn-Walem_ru-1",TRUE,"tidal",7.47540983582623,0.472565408662488,NA,0.393196721528266,70.96721312957,7.91229508211891,0.0879014046956682,0.330421151781651,-0.544075195837781,2,473
"369",1294162,1294162,528,"2019_Grotenete","me-7-2b","VR2W-113524",51.1008,4.330483,2019-12-19 00:53:38,2019-12-19 01:33:09,17,5344,3445.459128,0.644734,66388.605952,66047.19341,TRUE,72906.866784,22,2019-12-19 23:09:04,6859.67337399999,80126,0.0856110797244339,TRUE,2371,"ru-1_me-7-2b",TRUE,"tidal",7.30560562603814,0.390550757183832,NA,0.596154112663141,98.0567873312103,8.08423508298025,0.110145025400083,-0.169804209788089,-0.0820146514786564,2,473
"370",1294162,1294162,529,"2019_Grotenete","s-8","VR2W-112295",51.14319,4.33078,2019-12-19 23:09:04,2019-12-19 23:09:04,1,78940.5,6859.673374,0.086897,73248.279326,72906.866784,TRUE,78555.442897,23,2019-12-20 00:46:16,5648.576113,5832,0.968548716220851,TRUE,0,"me-7-2b_s-8",TRUE,"tidal",6.96917293284537,25.6380841231796,NA,1.02677200037153,117.583217631767,8.1909710641721,0.0454040853280283,-0.336432693192773,25.2475333659957,2,473
"371",1294162,1294162,530,"2019_Grotenete","s-9","VR2W-127738",51.19068,4.33602,2019-12-20 00:46:16,2019-12-20 04:43:20,50,12944,5407.156952,0.417735,78896.855439,78555.442897,TRUE,86022.171044,24,2019-12-22 16:12:10,7466.728147,228354,0.0326980396533453,TRUE,14224,"s-8_s-9",TRUE,"tidal",7.1514994048813,21.0496839645969,NA,1.03978674939429,168.062473043103,8.15023663850969,0.110625093515966,0.182326472035929,-4.58840015858263,2,473
"372",1294162,1294162,531,"2019_Grotenete","s-10a","VR2W-127716",51.235423,4.396673,2019-12-22 16:12:10,2019-12-22 16:17:50,3,221412,7708.147308,0.034814,86363.583586,86022.171044,TRUE,100575.552435,25,2019-12-23 16:48:55,14553.381391,88605,0.16425011445178,TRUE,340,"s-9_s-10a",TRUE,"tidal",7.41853470343202,2.32398505769565,NA,1.30897598610025,111.082097012614,8.67205983745417,0.140663918598728,0.267035298550724,-18.7256989069013,2,473
"373",1294162,1294162,532,"2019_Grotenete","s-12","VR2W-127732",51.30305,4.28731,2019-12-23 16:48:55,2019-12-23 16:50:02,2,88468.5,14553.381391,0.164504,100916.964977,100575.552435,TRUE,125923.958763,27,2019-12-26 18:34:09,25348.406328,265514,0.0954691893007525,TRUE,67,"s-10a_s-12",TRUE,"tidal",7.77035062346251,1.40023551652853,NA,1.46539413172334,78.6239564163467,10.3982474186943,0.0984573440641292,0.351815920030486,-0.923749541167122,2,473
"374",1294162,1294162,533,"2019_Grotenete","s-STD3","VR2W-134898",51.330504,4.270161,2019-12-25 15:30:10,2019-12-25 15:35:21,2,168197,3855.62017,0.022923,104772.585147,104431.172605,TRUE,125923.958763,27,2019-12-26 18:34:09,21492.786158,97439,0.220576834306592,TRUE,311,"s-12_s-STD3",TRUE,"tidal",7.73802511896741,52.3642995269836,NA,1.66272786917551,80.779553520011,9.88654585455311,0.0557552361050411,-0.0323255044951027,50.9640640104551,2,473.333333333333
"375",1294164,1294164,544,"2019_Grotenete","rel_grotenete1","none",51.144779,5.003906,2020-10-08 11:00:00,2020-10-08 11:00:00,1,NA,NA,NA,0,0,NA,7635.421578,4,2020-12-15 21:55:37,7635.421578,5914537,0.00129095846014658,FALSE,0,"NA_rel_grotenete1",NA,"non-tidal",15.3741392860815,0.0414332001553913,NA,4.97615785120862,74.1043240595141,4.70220914295563,0.343993400539365,NA,NA,NA,669
"376",1294164,1294164,545,"2019_Grotenete","gn-14","VR2W-122358",51.138267,4.996319,2020-12-15 18:37:48,2020-12-15 18:39:06,2,5902707,1048.509145,0.000178,1048.509145,1048.509145,TRUE,7635.421578,4,2020-12-15 21:55:37,6586.912433,11869,0.554967767545707,TRUE,78,"rel_grotenete1_gn-14",TRUE,"non-tidal",10.0316539035881,0.0290381938537978,NA,5.56572958914047,107.637878943472,7.98399011529448,0.358993711386819,-5.34248538249341,-0.0123950063015935,1,553.414285714286
"377",1294164,1294164,546,"2019_Grotenete","gn-13","VR2W-124066",51.119771,4.990306,2020-12-15 19:37:22,2020-12-15 19:40:52,4,3640,2389.94432,0.656578,3438.453465,3438.453465,TRUE,7635.421578,4,2020-12-15 21:55:37,4196.968113,8295,0.505963606148282,TRUE,210,"gn-14_gn-13",TRUE,"non-tidal",8.63213533312322,0.219425148842961,NA,5.45502498034883,126.018538744741,9.12282367271927,0.451145219862459,-1.39951857046489,0.190386954989163,2,474
"378",1294164,1294164,547,"2019_Grotenete","gn-11","VR2W-127720",51.09592,4.957142,2020-12-15 21:55:37,2020-12-15 21:59:02,3,8292.5,4338.377744,0.523169,7776.831209,7635.421578,TRUE,16419.087288,7,2020-12-16 00:53:56,8783.66571,10699,0.820980064492008,TRUE,205,"gn-13_gn-11",TRUE,"non-tidal",8.4126277092247,1.70898099658715,NA,4.80377843923482,105.775820359166,8.73756670279138,0.423518399705315,-0.219507623898524,1.48955584774419,2,474
"379",1294164,1294164,548,"2019_Grotenete","gn-10","VR2W-122324",51.091558,4.945793,2020-12-15 22:21:58,2020-12-15 22:23:25,2,1522,1107.062052,0.727373,8883.893261,8742.48363,TRUE,16419.087288,7,2020-12-16 00:53:56,7676.603658,9118,0.84191748826497,TRUE,87,"gn-11_gn-10",TRUE,"non-tidal",8.31963730808414,1.15440478175745,NA,0.995412372936376,102.865075613722,8.52540935663438,0.404446146952658,-0.0929904011405576,-0.554576214829697,2,474
"380",1294164,1294164,549,"2019_Grotenete","gn-9","VR2W-127109",51.081153,4.913762,2020-12-15 23:18:47,2020-12-15 23:20:21,2,3412.5,2855.524863,0.836784,11739.418124,11598.008493,TRUE,16419.087288,7,2020-12-16 00:53:56,4821.078795,5709,0.844469923804519,TRUE,94,"gn-10_gn-9",TRUE,"non-tidal",8.2668469842718,0.812102482498936,NA,0.869501295403183,89.7264953997404,8.41952956619245,0.475488593293177,-0.0527903238123333,-0.342302299258514,2,474
"381",1294164,1294164,550,"2019_Grotenete","gn-8","VR2W-122348",51.070653,4.851284,2020-12-16 00:53:56,2020-12-16 00:55:26,2,5707,4879.655927,0.85503,16619.074051,16419.087288,TRUE,21357.312272,8,2020-12-16 02:20:01,4938.224984,5165,0.956093898160697,TRUE,90,"gn-9_gn-8",TRUE,"non-tidal",8.17515061622341,0.144823622936307,NA,0.902374270207092,79.4212338929111,8.41332593275314,0.624731409110926,-0.0916963680483942,-0.667278859562629,2,474
"382",1294164,1294164,551,"2019_Grotenete","gn-7","VR2W-122340",51.061848,4.787587,2020-12-16 02:20:01,2020-12-16 02:25:08,5,5273.5,4938.224983,0.936423,21557.299034,21357.312272,TRUE,31338.233487,10,2020-12-16 18:53:31,9980.921215,59610,0.167437027596041,TRUE,307,"gn-8_gn-7",TRUE,"non-tidal",8.08388705708517,0.0361116947629701,NA,1.19052282455051,87.6804320471548,8.53072438230187,0.910941837773667,-0.0912635591382411,-0.108711928173337,2,474
"383",1294164,1294164,552,"2019_Grotenete","gn-6","VR2W-122333",51.078636,4.757592,2020-12-16 03:34:13,2020-12-16 03:35:51,2,4347.5,3296.955011,0.758357,24854.254045,24654.267283,TRUE,31338.233487,10,2020-12-16 18:53:31,6683.966204,55158,0.121178545342471,TRUE,98,"gn-7_gn-6",TRUE,"non-tidal",7.98297688216621,1.44088042325401,NA,2.07764871710456,138.077771743156,8.97173952118409,0.716800671570743,-0.100910174918962,1.40476872849104,2,474
"384",1294164,1294164,553,"2019_Grotenete","gn-5","VR2W-122332",51.125942,4.718199,2020-12-16 18:53:31,2020-12-16 19:19:00,10,55873.5,6683.966204,0.119627,31538.220249,31338.233487,TRUE,35783.626426,11,2020-12-16 21:20:45,4445.392939,8834,0.503214052411139,TRUE,1529,"gn-6_gn-5",TRUE,"transition",8.00452402897477,1.08124473198178,NA,4.92802457801095,99.7515231066556,8.8609266217069,0.524840209798615,0.0215471468085617,-0.359635691272229,2,473.5
"385",1294164,1294164,554,"2019_Grotenete","gn-4","VR2W-122353",51.135075,4.664932,2020-12-16 21:20:45,2020-12-16 21:24:42,4,8188,4503.97007,0.55007,36042.190319,35783.626426,TRUE,39887.614896,12,2020-12-16 22:48:55,4103.98847,5290,0.775801223062381,TRUE,237,"gn-5_gn-4",TRUE,"transition",7.98241864401237,0.969746470704259,NA,4.27332952688685,112.928552198646,8.71482958759946,0.438047843706737,-0.0221053849623969,-0.111498261277519,2,473
"386",1294164,1294164,555,"2019_Grotenete","gn-3","VR2W-122365",51.130352,4.617316,2020-12-16 22:48:55,2020-12-16 22:53:26,4,5307,4186.83712,0.788927,40229.027439,39887.614896,TRUE,46288.624568,14,2020-12-17 01:01:21,6401.009672,7946,0.805563764409766,TRUE,271,"gn-4_gn-3",TRUE,"transition",8.09069072238435,0.43393945836941,NA,3.4187281084547,88.4012755111283,8.52057588537538,0.371642048821317,0.108272078371976,-0.535807012334849,2,473
"387",1294164,1294164,556,"2019_Grotenete","gn-2","VR2W-127721",51.135829,4.5937,2020-12-16 23:40:58,2020-12-16 23:58:26,11,3511.5,2138.410314,0.608973,42367.437753,42026.025211,TRUE,46288.624568,14,2020-12-17 01:01:21,4262.599357,4823,0.883806625958947,TRUE,1048,"gn-3_gn-2",TRUE,"transition",8.18430183522758,0.16117052530126,NA,2.97255113498142,76.3285454477841,8.36178070162573,0.342507384005637,0.0936111128432326,-0.27276893306815,2,473
"388",1294164,1294164,557,"2019_Grotenete","bn-2","VR2W-124078",51.117416,4.549158,2020-12-17 01:01:21,2020-12-17 01:06:55,5,4466,4262.599357,0.954456,46630.03711,46288.624568,TRUE,50582.614153,15,2020-12-17 18:44:00,4293.989585,63759,0.0673471915337443,TRUE,334,"gn-2_bn-2",TRUE,"tidal",8.24194141770728,18.2548190841094,NA,2.89110423724024,58.4215328207947,8.19861522224034,0.283401263714983,0.0576395824797,18.0936485588082,2,473
"389",1294164,1294164,558,"2019_Grotenete","bn-1","VR2W-122351",51.093001,4.506837,2020-12-17 18:44:00,2020-12-17 19:13:51,19,64487.5,4293.989585,0.066586,50924.026695,50582.614153,TRUE,55176.559657,16,2020-12-17 20:14:36,4593.945504,5436,0.845096671081677,TRUE,1791,"bn-2_bn-1",TRUE,"tidal",8.12678104726168,9.84239336940885,NA,3.52458971035259,98.2739201464156,8.67702886675321,0.227502221524572,-0.115160370445604,-8.41242571470057,2,473
"390",1294164,1294164,559,"2019_Grotenete","bn-Walem","VR2W-122339",51.07183,4.45474,2020-12-17 20:14:36,2020-12-17 20:24:31,8,4838,4593.945504,0.949555,55517.972199,55176.559657,TRUE,62601.734282,17,2020-12-17 22:16:11,7425.174625,7295,1.01784436257711,TRUE,595,"bn-1_bn-Walem",TRUE,"tidal",7.87207468272574,8.48485551156106,NA,3.38942314802246,141.368637164522,8.93381125360435,0.168219957857497,-0.254706364535934,-1.35753785784779,2,473
"391",1294164,1294164,560,"2019_Grotenete","ru-1","VR2W-122328",51.082273,4.366215,2020-12-17 22:16:11,2020-12-17 22:25:46,8,7285,7425.174625,1.019242,62943.146824,62601.734282,TRUE,78314.023736,19,2020-12-18 20:32:33,15712.289454,80182,0.195957814147814,TRUE,575,"bn-Walem_ru-1",TRUE,"tidal",8.35199999974075,0.740026876278807,NA,0.555600001061346,121.320000003176,8.06000000027037,0.0569705968273534,0.479925317015005,-7.74482863528225,2,473
"392",1294164,1294164,561,"2019_Grotenete","me-7-2b","VR2W-113524",51.1008,4.330483,2020-12-17 23:14:19,2020-12-17 23:22:12,7,3437,3445.459128,1.002461,66388.605952,66047.19341,TRUE,78314.023736,19,2020-12-18 20:32:33,12266.830326,76694,0.159945110777897,TRUE,473,"ru-1_me-7-2b",TRUE,"tidal",8.28558552265421,0.358989695796605,NA,1.70665549985768,94.640244126234,8.30999998227102,0.0849218633542448,-0.0664144770865374,-0.381037180482202,2,473
"393",1294164,1294164,562,"2019_Grotenete","s-9","VR2W-122319",51.19069,4.32954,2020-12-18 20:32:33,2020-12-18 20:33:47,2,76494.5,12266.830326,0.160362,78655.436278,78314.023736,TRUE,86022.171044,20,2020-12-18 21:47:41,7708.147308,4508,1.70988183407276,TRUE,74,"me-7-2b_s-9",TRUE,"tidal",7.79672712263558,22.3492384776098,NA,3.41139583391032,136.050031263764,9.24720553564168,0.0913120151307433,-0.488858400018632,21.9902487818132,2,473
"394",1294164,1294164,563,"2019_Grotenete","s-10a","VR2W-127716",51.235423,4.396673,2020-12-18 21:47:41,2020-12-18 21:52:26,4,4613.5,7708.147308,1.670781,86363.583586,86022.171044,TRUE,100575.552435,21,2020-12-19 10:28:22,14553.381391,45641,0.31886640062663,TRUE,285,"s-9_s-10a",TRUE,"tidal",8.21581569981284,13.6716063802434,NA,6.37031716966034,124.326377545983,9.35952002166999,0.115666267459063,0.419088577177259,-8.67763209736638,2,473
"395",1294164,1294164,564,"2019_Grotenete","s-12","VR2W-127732",51.30305,4.28731,2020-12-19 10:28:22,2020-12-19 10:30:43,2,45569,14553.381391,0.31937,100916.964977,100575.552435,TRUE,126233.948778,22,2020-12-19 23:44:23,25658.396343,47761,0.53722485590754,TRUE,141,"s-10a_s-12",TRUE,"tidal",9.02507000579909,3.38387392380844,NA,15.3909520202368,42.2338028397507,9.75840396807611,0.0788640549723271,0.809254305986252,-10.287732456435,2,473
"396",1294165,1294165,576,"2019_Grotenete","rel_grotenete1","none",51.144779,5.003906,2020-12-16 12:30:00,2020-12-16 12:30:00,1,NA,NA,NA,0,0,NA,7635.421578,4,2020-12-23 20:34:33,7635.421578,633873,0.0120456646331363,TRUE,0,"NA_rel_grotenete1",NA,"non-tidal",8.18585299146823,1.6521997273587,NA,4.52421840657125,68.7542391074168,8.45560192903482,0.443172970445468,NA,NA,NA,473
"397",1294165,1294165,577,"2019_Grotenete","gn-14","VR2W-122358",51.138267,4.996319,2020-12-23 17:16:34,2020-12-23 17:16:34,1,621994,1048.509145,0.001686,1048.509145,1048.509145,TRUE,7635.421578,4,2020-12-23 20:34:33,6586.912433,11879,0.554500583634986,TRUE,0,"rel_grotenete1_gn-14",TRUE,"non-tidal",8.18963833852106,0.858476304277651,NA,5.08875479456894,85.6921023685581,9.06842439486581,0.417782708701486,0.00378534705283506,-0.793723423081052,1,473
"398",1294165,1294165,578,"2019_Grotenete","gn-13","VR2W-124066",51.119771,4.990306,2020-12-23 18:14:25,2020-12-23 18:15:48,2,3512.5,2389.94432,0.680411,3438.453465,3438.453465,TRUE,7635.421578,4,2020-12-23 20:34:33,4196.968113,8408,0.499163667102759,TRUE,83,"gn-14_gn-13",TRUE,"non-tidal",10.3859091730282,0.747754289214832,NA,3.66136213706956,36.7716670139955,8.57709128813262,0.459746570006519,2.19627083450718,-0.110722015062819,2,473
"399",1294165,1294165,579,"2019_Grotenete","gn-11","VR2W-127720",51.09592,4.957142,2020-12-23 20:34:33,2020-12-23 20:37:32,3,8456,4338.377744,0.513053,7776.831209,7635.421578,TRUE,16419.087288,7,2020-12-24 00:17:11,8783.66571,13358,0.657558445126516,TRUE,179,"gn-13_gn-11",TRUE,"non-tidal",10.1034445261873,0.153827683416975,NA,4.32475259088944,48.8181730148423,8.72904556839974,0.437082772225876,-0.282464646840983,-0.593926605797857,2,473
"400",1294165,1294165,580,"2019_Grotenete","gn-10","VR2W-122324",51.091558,4.945793,2020-12-23 21:10:40,2020-12-23 21:13:15,3,2155,1107.062052,0.513718,8883.893261,8742.48363,TRUE,16419.087288,7,2020-12-24 00:17:11,7676.603658,11191,0.685962260566527,TRUE,155,"gn-11_gn-10",TRUE,"non-tidal",9.93316478013173,0.0482216982692747,NA,4.83366029562286,74.4312077159758,9.1319177866078,0.421526618301551,-0.170279746055529,-0.1056059851477,2,473
"401",1294165,1294165,581,"2019_Grotenete","gn-9","VR2W-127109",51.081153,4.913762,2020-12-23 22:19:57,2020-12-23 22:23:11,3,4176.5,2855.524863,0.683712,11739.418124,11598.008493,TRUE,16419.087288,7,2020-12-24 00:17:11,4821.078795,7034,0.685396473557009,TRUE,194,"gn-10_gn-9",TRUE,"non-tidal",9.68856301030131,0.440236118508789,NA,5.20049461471759,70.8903249961242,9.35896041609861,0.489701971567863,-0.244601769830416,0.392014420239514,2,473
"402",1294165,1294165,582,"2019_Grotenete","gn-8","VR2W-122348",51.070653,4.851284,2020-12-24 00:17:11,2020-12-24 00:18:10,2,6966.5,4879.655927,0.700446,16619.074051,16419.087288,TRUE,21357.312272,8,2020-12-24 01:56:38,4938.224984,5967,0.827589238143121,TRUE,59,"gn-9_gn-8",TRUE,"non-tidal",9.42711230019127,1.35963498405208,NA,5.16992259747188,43.5930955379702,9.37398539723225,0.633398176831671,-0.26145071011004,0.919398865543294,2,473
"403",1294165,1294165,583,"2019_Grotenete","gn-7","VR2W-122340",51.061848,4.787587,2020-12-24 01:56:38,2020-12-24 01:59:33,3,6025,4938.224983,0.819622,21557.299034,21357.312272,TRUE,31338.233487,10,2020-12-24 06:05:39,9980.921215,14941,0.668022302054749,TRUE,175,"gn-8_gn-7",TRUE,"non-tidal",9.37318570056928,1.18825997110404,NA,4.43930893342881,75.4895973643688,9.03495995920374,0.901797892962784,-0.05392659962199,-0.171375012948045,2,473
"404",1294165,1294165,584,"2019_Grotenete","gn-6","VR2W-122333",51.078636,4.757592,2020-12-24 03:13:48,2020-12-24 03:16:44,3,4630.5,3296.955011,0.712008,24854.254045,24654.267283,TRUE,31338.233487,10,2020-12-24 06:05:39,6683.966204,10311,0.648236466298128,TRUE,176,"gn-7_gn-6",TRUE,"non-tidal",9.4618684777548,0.331186505231124,NA,3.81812456153778,65.5778829456923,8.6252682095121,0.719036679965323,0.0886827771855181,-0.857073465872914,2,473
"405",1294165,1294165,585,"2019_Grotenete","gn-5","VR2W-122332",51.125942,4.718199,2020-12-24 06:05:39,2020-12-24 06:08:38,4,10312.5,6683.966204,0.648142,31538.220249,31338.233487,TRUE,35783.626426,11,2020-12-24 17:30:17,4445.392939,41078,0.108218339232679,TRUE,179,"gn-6_gn-5",TRUE,"transition",9.46227356894521,0.173407198439367,NA,3.2429830266964,48.6530836562032,8.23362494513865,0.539355808470382,0.000405091190414097,-0.157779306791757,2,473
"406",1294165,1294165,586,"2019_Grotenete","gn-4","VR2W-122353",51.135075,4.664932,2020-12-24 17:30:17,2020-12-24 17:36:18,6,41169,4503.97007,0.109402,36042.190319,35783.626426,TRUE,39887.614896,12,2020-12-24 19:16:06,4103.98847,6349,0.646399191998739,TRUE,361,"gn-5_gn-4",TRUE,"transition",9.2612084039005,0.0463449165703562,NA,3.41567804087015,47.7922352972527,8.37868377763099,0.459958547949972,-0.20106516504471,-0.127062281869011,2,473.5
"407",1294165,1294165,587,"2019_Grotenete","gn-3","VR2W-122365",51.130352,4.617316,2020-12-24 19:16:06,2020-12-24 19:21:07,5,6319,4186.83712,0.662579,40229.027439,39887.614896,TRUE,46288.624568,18,2020-12-25 05:12:32,6401.009672,35786,0.178869101659867,TRUE,301,"gn-4_gn-3",TRUE,"transition",9.19481094898139,1.10543485694878,NA,2.46491184472158,30.1361037504306,8.16579999449236,0.394808118000254,-0.0663974549191177,1.05908994037842,2,474
"408",1294165,1294165,588,"2019_Grotenete","gn-2","VR2W-127721",51.135829,4.5937,2020-12-24 20:21:03,2020-12-24 20:44:16,11,4443,2138.410314,0.481299,42367.437753,42026.025211,TRUE,46288.624568,18,2020-12-25 05:12:32,4262.599357,31889,0.133669897362727,TRUE,1393,"gn-3_gn-2",TRUE,"transition",9.14745728255385,1.23847399848153,NA,2.85284654367923,35.1170754122655,8.05054439151052,0.364826336403507,-0.0473536664275382,0.133039141532747,2,474
"409",1294165,1294165,589,"2019_Grotenete","gn-1","VR2W-112285",51.133464,4.588822,2020-12-24 22:24:40,2020-12-24 22:54:58,22,7629.5,424.253116,0.055607,42791.690869,42450.278327,NA,NA,NA,NA,NA,NA,NA,TRUE,1818,"gn-2_gn-1",TRUE,"transition",9.07391998381543,1.18403642848676,NA,3.27254573777682,43.5288866772085,8.16372745048549,0.358915249182838,-0.0735372987384135,-0.054437569994765,1,474
"410",1294165,1294165,590,"2019_Grotenete","gn-3","VR2W-122365",51.130352,4.617316,2020-12-25 00:10:24,2020-12-25 02:39:23,11,9904.5,2562.663431,0.258737,45354.3543,39887.614896,TRUE,46288.624568,18,2020-12-25 05:12:32,6401.009672,18128,0.353100710061783,TRUE,8939,"gn-1_gn-3",FALSE,"transition",8.65177497595181,0.523582346181409,NA,3.72971166992014,36.4213591806814,8.88982376750521,0.394201823842134,-0.422145007863628,-0.660454082305352,2,474
"411",1294165,1294165,592,"2019_Grotenete","gn-2","VR2W-127721",51.135829,4.5937,2020-12-25 03:31:09,2020-12-25 03:55:34,13,8308,2138.410314,0.257392,47492.764614,42026.025211,TRUE,46288.624568,18,2020-12-25 05:12:32,4262.599357,6083,0.700739660858129,TRUE,1465,"gn-3_gn-2",TRUE,"transition",9.00036726450295,0.195303598311539,NA,3.11843885777316,65.6626302157717,8.21273824086486,0.364501141239696,0.348592288551144,-0.328278747869871,2,474
"412",1294165,1294165,593,"2019_Grotenete","bn-2","VR2W-124078",51.117416,4.549158,2020-12-25 05:12:32,2020-12-25 05:18:07,5,5518,4262.599357,0.77249,51755.363971,46288.624568,TRUE,50582.614153,19,2020-12-25 06:47:00,4293.989585,5668,0.75758461273818,TRUE,335,"gn-2_bn-2",TRUE,"tidal",9.0892628945769,27.2629915019316,NA,2.3354281165081,66.4322784696941,8.17970053958777,0.310305374389231,0.0888956300739476,27.0676879036201,2,474
"413",1294165,1294165,594,"2019_Grotenete","bn-1","VR2W-122351",51.093001,4.506837,2020-12-25 06:47:00,2020-12-25 12:50:30,17,16405.5,4293.989585,0.261741,56049.353556,50582.614153,TRUE,55176.559657,21,2020-12-25 17:02:54,4593.945504,36954,0.124315243383666,TRUE,21810,"bn-2_bn-1",TRUE,"tidal",9.08861547962836,15.7229849453166,NA,2.05173887641281,36.5213790830871,7.85355161958868,0.258313075759927,-0.000647414948533154,-11.540006556615,2,474
"414",1294165,1294165,596,"2019_Grotenete","bn-Walem","VR2W-122339",51.07183,4.45474,2020-12-25 17:02:54,2020-12-25 17:15:51,10,26437.5,4593.945504,0.173766,60643.29906,55176.559657,TRUE,62601.734282,22,2020-12-25 20:16:43,7425.174625,11629,0.638504998280162,TRUE,777,"bn-1_bn-Walem",TRUE,"tidal",8.89084133574097,12.7807247022497,NA,1.97491032107981,47.5542107282539,8.02097153230286,0.193605389399995,-0.197774143887392,-2.94226024306696,2,474
"415",1294165,1294165,597,"2019_Grotenete","ru-1","VR2W-122328",51.082273,4.366215,2020-12-25 20:16:43,2020-12-27 03:31:47,24,67492.5,7425.174625,0.110015,68068.473685,62601.734282,TRUE,78314.023736,25,2020-12-28 04:37:19,15712.289454,202836,0.0774630216233805,TRUE,112504,"bn-Walem_ru-1",TRUE,"tidal",8.83716814133702,0.958736369752679,NA,0.330442478558075,37.3761062007135,7.62522123916932,0.0709833396786747,-0.0536731944039577,-11.821988332497,2,474
"416",1294165,1294165,600,"2019_Grotenete","s-9","VR2W-122319",51.19069,4.32954,2020-12-28 04:37:19,2020-12-28 04:39:58,3,146663.5,15712.289454,0.107132,83780.763139,78314.023736,TRUE,86022.171044,26,2020-12-28 06:19:35,7708.147308,6136,1.25621696675359,TRUE,159,"ru-1_s-9",TRUE,"tidal",8.04058116393455,18.2812950164068,NA,1.6032729231615,76.651187129417,9.13692597462432,0.124687204645756,-0.796586977402461,17.3225586466541,2,474.666666666667
"417",1294165,1294165,601,"2019_Grotenete","s-10a","VR2W-127716",51.235423,4.396673,2020-12-28 06:19:35,2020-12-28 15:44:08,21,22993,7708.147308,0.335239,91488.910447,86022.171044,FALSE,100575.552435,29,2021-01-06 00:07:03,14553.381391,755248,0.0192696722017139,TRUE,33873,"s-9_s-10a",TRUE,"tidal",7.79274055249161,80.7796464741091,NA,3.64827341945067,56.3562117991807,9.25644466044885,0.155731195430646,-0.247840611442945,62.4983514577023,2,475
"418",1294165,1294165,604,"2019_Grotenete","s-12","VR2W-127732",51.30305,4.28731,2021-01-06 00:07:03,2021-01-06 00:07:03,1,738311.5,14553.381391,0.019712,106042.291838,100575.552435,TRUE,125923.958763,31,2021-01-07 11:52:03,25348.406328,128700,0.196957314125874,TRUE,0,"s-10a_s-12",TRUE,"tidal",8.11823130759743,31.531843714272,NA,10.6137170500905,20.4337990232008,9.88817715065345,0.0895978618825354,0.325490755105819,-49.2478027598372,1,480.1
"419",1294165,1294165,605,"2019_Grotenete","s-STD3","VR2W-134898",51.330504,4.270161,2021-01-06 21:47:14,2021-01-06 21:59:58,10,78393,3855.62017,0.049183,109897.912008,104431.172605,TRUE,125923.958763,31,2021-01-07 11:52:03,21492.786158,50689,0.424012826412042,TRUE,764,"s-12_s-STD3",TRUE,"tidal",7.18639971477143,3.34249084931778,NA,8.53604681533379,36.5700531687514,9.81246226853006,0.0484153348517255,-0.931831592826002,-28.1893528649542,1,487
"420",1294166,1294166,614,"2019_Grotenete","rel_grotenete3","none",51.138881,4.996931,2020-12-09 11:10:00,2020-12-09 11:10:00,1,NA,NA,NA,0,1007.092895,NA,7635.421578,4,2021-01-12 17:45:02,6628.328683,2961302,0.00223831567432163,FALSE,0,"NA_rel_grotenete3",NA,"non-tidal",5.11850718113092,0.143317148868503,NA,6.30679623117781,104.025720083714,8.90973861122896,0.361147857309692,NA,NA,NA,480
"421",1294166,1294166,615,"2019_Grotenete","gn-14","VR2W-122358",51.138267,4.996319,2020-12-15 19:14:55,2020-12-15 19:14:55,1,547495,99.993381,0.000183,99.993381,1048.509145,TRUE,7635.421578,4,2021-01-12 17:45:02,6586.912433,2413807,0.00272884801187502,FALSE,0,"rel_grotenete3_gn-14",TRUE,"non-tidal",6.69051112509075,0.728102982941955,NA,5.42780403938512,113.301314511637,9.08066477610559,0.382099444137882,1.57200394395982,0.584785834073452,1,476.625
"422",1294166,1294166,616,"2019_Grotenete","gn-13","VR2W-124066",51.119771,4.990306,2020-12-15 20:45:26,2020-12-15 20:51:51,5,5623.5,2389.94432,0.424992,2489.937701,3438.453465,TRUE,7635.421578,4,2021-01-12 17:45:02,4196.968113,2408376,0.00174265484832933,FALSE,385,"gn-14_gn-13",TRUE,"non-tidal",8.57536312287286,0.749790107315443,NA,5.05702297301084,116.258757308715,8.87371970981067,0.451448011313958,1.88485199778211,0.0216871243734877,2,474
"423",1294166,1294166,617,"2019_Grotenete","gn-11","VR2W-127720",51.09592,4.957142,2021-01-12 17:45:02,2021-01-12 17:48:04,4,2408274.5,4338.377744,0.001801,6828.315445,7635.421578,TRUE,16419.087288,7,2021-01-12 21:53:28,8783.66571,14906,0.58927047564739,TRUE,182,"gn-13_gn-11",TRUE,"non-tidal",6.72584990361419,0.121946954342017,NA,3.74629398964051,66.1071036281708,9.05596371740834,0.38338844722534,-1.84951321925867,-0.627843152973426,1,480.586206896552
"424",1294166,1294166,618,"2019_Grotenete","gn-10","VR2W-122324",51.091558,4.945793,2021-01-12 18:21:01,2021-01-12 18:23:35,3,2145,1107.062052,0.516113,7935.377497,8742.48363,TRUE,16419.087288,7,2021-01-12 21:53:28,7676.603658,12747,0.602228262179336,TRUE,154,"gn-11_gn-10",TRUE,"non-tidal",6.07588677498938,0.0636757618280067,NA,3.41790707790128,109.967302800492,9.52213247489775,0.487960676064267,-0.649963128624807,-0.0582711925140102,2,500
"425",1294166,1294166,619,"2019_Grotenete","gn-9","VR2W-127109",51.081153,4.913762,2021-01-12 19:42:59,2021-01-12 19:44:14,2,4878.5,2855.524863,0.585328,10790.90236,11598.008493,TRUE,16419.087288,7,2021-01-12 21:53:28,4821.078795,7829,0.615797521394814,TRUE,75,"gn-10_gn-9",TRUE,"non-tidal",6.1217574916499,0.628822433682433,NA,3.09083234191442,109.820724414238,9.11639402382465,0.531349933813296,0.0458707166605148,0.565146671854427,2,500
"426",1294166,1294166,620,"2019_Grotenete","gn-8","VR2W-122348",51.070653,4.851284,2021-01-12 21:53:28,2021-01-12 21:53:28,1,7791.5,4879.655927,0.626279,15670.558287,16419.087288,TRUE,21357.312272,8,2021-01-12 23:39:55,4938.224984,6387,0.773168151557852,TRUE,0,"gn-9_gn-8",TRUE,"non-tidal",6.12184963919704,1.86493519863242,NA,2.53738284678118,97.3132742476334,9.13730860456202,0.640586013403868,9.21475471420408e-05,1.23611276494999,2,500
"427",1294166,1294166,621,"2019_Grotenete","gn-7","VR2W-122340",51.061848,4.787587,2021-01-12 23:39:55,2021-01-12 23:40:59,2,6419,4938.224983,0.769314,20608.78327,21357.312272,TRUE,31338.233487,10,2021-01-13 03:50:16,9980.921215,15021,0.664464497370348,TRUE,64,"gn-8_gn-7",TRUE,"non-tidal",6.03181017154479,1.67998216876546,NA,2.56737300402712,60.0573918415315,9.25062192288773,0.874178448054456,-0.0900394676522529,-0.184953029866963,2,500
"428",1294166,1294166,622,"2019_Grotenete","gn-6","VR2W-122333",51.078636,4.757592,2021-01-13 00:56:33,2021-01-13 01:00:38,4,4688.5,3296.955011,0.7032,23905.738281,24654.267283,TRUE,31338.233487,10,2021-01-13 03:50:16,6683.966204,10423,0.641270862899357,TRUE,245,"gn-7_gn-6",TRUE,"non-tidal",5.96335395084223,0.429034835420219,NA,2.90236668536988,51.7407936254587,9.25256328515625,0.706890171875029,-0.0684562207025587,-1.25094733334524,2,500
"429",1294166,1294166,623,"2019_Grotenete","gn-5","VR2W-122332",51.125942,4.718199,2021-01-13 03:50:16,2021-01-13 03:53:15,4,10390,6683.966204,0.643308,30589.704485,31338.233487,TRUE,35783.626426,11,2021-01-13 06:55:25,4445.392939,11109,0.400161395175083,TRUE,179,"gn-6_gn-5",TRUE,"transition",5.85794304716465,0.2182081099764,NA,3.21591800886619,78.1043708808115,9.24582173312527,0.540684243378987,-0.105410903677583,-0.21082672544382,2,500
"430",1294166,1294166,624,"2019_Grotenete","gn-4","VR2W-122353",51.135075,4.664932,2021-01-13 06:55:25,2021-01-13 07:02:02,6,11218,4503.97007,0.401495,35093.674555,35783.626426,TRUE,39887.614896,12,2021-01-13 08:51:04,4103.98847,6939,0.591438027093241,TRUE,397,"gn-5_gn-4",TRUE,"transition",5.77022094508648,0.0602452988770173,NA,2.97270117823243,91.7803782336157,9.21408855879461,0.466020608716868,-0.0877221020781684,-0.157962811099383,2,500
"431",1294166,1294166,625,"2019_Grotenete","gn-3","VR2W-122365",51.130352,4.617316,2021-01-13 08:51:04,2021-01-13 08:58:58,8,6977.5,4186.83712,0.600048,39280.511675,39887.614896,TRUE,46288.624568,14,2021-01-13 11:29:11,6401.009672,9487,0.67471378433646,TRUE,474,"gn-4_gn-3",TRUE,"transition",5.91059351674374,1.45508085031135,NA,2.12936226083239,99.4959675072821,9.27851720348983,0.406202868785609,0.140372571657263,1.39483555143433,2,500
"432",1294166,1294166,626,"2019_Grotenete","gn-2","VR2W-127721",51.135829,4.5937,2021-01-13 10:00:17,2021-01-13 10:26:45,17,4710,2138.410314,0.454015,41418.921989,42026.025211,TRUE,46288.624568,14,2021-01-13 11:29:11,4262.599357,5334,0.799137487251593,TRUE,1588,"gn-3_gn-2",TRUE,"transition",5.97061643242198,1.56731609486017,NA,1.63851601655488,96.6792513481412,9.3770790541382,0.377886573643823,0.0600229156782355,0.11223524454882,2,500
"433",1294166,1294166,627,"2019_Grotenete","bn-2","VR2W-124078",51.117416,4.549158,2021-01-13 11:29:11,2021-01-13 11:33:33,5,4671,4262.599357,0.912567,45681.521346,46288.624568,TRUE,50582.614153,15,2021-01-13 17:12:40,4293.989585,20609,0.208355067446261,TRUE,262,"gn-2_bn-2",TRUE,"tidal",5.92757715210836,1.97824529547883,NA,1.66419141655395,84.0481982661936,9.31518028658808,0.324614876694057,-0.0430392803136117,0.41092920061867,2,500
"434",1294166,1294166,628,"2019_Grotenete","bn-1","VR2W-122351",51.093001,4.506837,2021-01-13 17:12:40,2021-01-13 17:37:54,18,21235,4293.989585,0.202213,49975.510931,50582.614153,TRUE,55176.559657,16,2021-01-13 18:41:01,4593.945504,5301,0.866618657611771,TRUE,1514,"bn-2_bn-1",TRUE,"tidal",5.74695191857453,0.858948940257526,NA,2.16687403039135,81.4011796308356,9.31764661903305,0.274733486382026,-0.180625233533833,-1.11929635522131,2,501
"435",1294166,1294166,629,"2019_Grotenete","bn-Walem","VR2W-122339",51.07183,4.45474,2021-01-13 18:41:01,2021-01-13 18:47:25,6,4736,4593.945504,0.970005,54569.456435,55176.559657,TRUE,62601.734282,17,2021-01-13 20:25:28,7425.174625,6267,1.18480526966651,TRUE,384,"bn-1_bn-Walem",TRUE,"tidal",5.61968027897282,0.626649255039718,NA,1.75262263932247,107.90950798221,9.22930999515395,0.222114184104849,-0.127271639601712,-0.232299685217808,2,502
"436",1294166,1294166,630,"2019_Grotenete","ru-1","VR2W-122328",51.082273,4.366215,2021-01-13 20:25:28,2021-01-13 20:30:54,5,6238,7425.174625,1.190313,61994.63106,62601.734282,TRUE,72606.862417,18,2021-01-13 22:40:16,10005.128135,8088,1.23703364676063,TRUE,326,"bn-Walem_ru-1",TRUE,"tidal",5.92272727260861,33.536402780099,NA,0.345454546008063,83.0454545584909,8.92272727286608,0.118501945767316,0.303046993635795,32.9097535250593,2,502
"437",1294166,1294166,631,"2019_Grotenete","s-8","VR2W-127719",51.14222,4.32646,2021-01-13 22:40:16,2021-01-13 23:18:29,22,9071.5,10305.132502,1.13599,71999.759195,72606.862417,TRUE,76955.080462,20,2021-01-14 01:41:27,4348.218045,10871,0.39998326234937,TRUE,2293,"ru-1_s-8",TRUE,"tidal",5.67191721034604,53.1120400068425,NA,1.19372058853962,120.74304434843,9.56005571824067,0.111962584394569,-0.250810062262573,19.5756372267435,2,502
"438",1294166,1294166,632,"2019_Grotenete","s-7","VR2W-115442",51.11414,4.24123,2021-01-14 00:57:40,2021-01-14 01:05:40,7,7337.5,7752.382046,1.056543,79452.136873,75006.647038,TRUE,86163.588749,25,2021-01-14 19:30:59,11156.941711,66799,0.167022585832123,TRUE,480,"s-8_s-7",NA,"tidal",5.62840566223357,4.62948192137265,NA,0.983995268669405,79.9814323859976,9.37152601396224,0.134579287291634,-0.0435115481124742,-48.4825580854699,2,502
"439",1294166,1294166,633,"2019_Grotenete","s-6","VR2W-122354",51.12267069,4.21890556,2021-01-14 01:41:27,2021-01-14 08:06:10,9,13928.5,1948.433424,0.139888,81400.570297,76955.080462,TRUE,86163.588749,25,2021-01-14 19:30:59,9208.508287,64172,0.143497293009412,TRUE,23083,"s-7_s-6",FALSE,"tidal",5.31739835091574,2.36126352195096,NA,0.916618626445927,142.300632027544,9.43252215123847,0.149845538437065,-0.311007311317828,-2.26821839942169,2,502
"440",1294166,1294166,635,"2019_Grotenete","s-7","VR2W-115442",51.11414,4.24123,2021-01-14 08:35:01,2021-01-14 08:39:27,4,13405.5,1948.433424,0.145346,83349.003721,75006.647038,NA,NA,NA,NA,NA,NA,NA,TRUE,266,"s-6_s-7",TRUE,"tidal",5.36450867511916,16.6840784920677,NA,1.31292671315585,161.161408795068,9.41353916469614,0.13458167217613,0.0471103242034241,14.3228149701168,2,502
"441",1294166,1294166,636,"2019_Grotenete","s-8","VR2W-127719",51.14222,4.32646,2021-01-14 10:13:39,2021-01-14 10:16:32,3,5871.5,7752.382046,1.320341,90801.381399,72606.862417,NA,78314.023736,24,2021-01-14 18:14:21,5707.16131900001,28842,0.197876753311144,TRUE,173,"s-7_s-8",TRUE,"tidal",5.51364011988389,102.7311985895,NA,1.08879555070283,128.059096191345,9.48820482972527,0.111977762212742,0.149131444764724,86.0471200974324,2,502
"442",1294166,1294166,637,"2019_Grotenete","s-9","VR2W-122319",51.19069,4.32954,2021-01-14 18:14:21,2021-01-14 18:14:21,1,28755.5,5407.156952,0.188039,96508.542718,78314.023736,TRUE,86163.588749,25,2021-01-14 19:30:59,7849.565013,4598,1.70716942431492,TRUE,0,"s-8_s-9",TRUE,"tidal",5.51782098606344,70.0046138914353,NA,1.08875916313244,103.579526974887,9.59780542728835,0.162369091395388,0.0041808661795546,-32.7265846980648,2,503
"443",1294166,1294166,638,"2019_Grotenete","ak-41","VR2W-126195",51.239128,4.397469,2021-01-14 19:30:59,2021-01-14 19:32:58,3,4657.5,7849.565013,1.68536,104358.107731,86163.588749,TRUE,100575.552435,26,2021-01-14 22:48:41,14411.963686,11862,1.21496911869836,TRUE,119,"s-9_ak-41",TRUE,"tidal",5.76125594346008,44.3121870014015,NA,3.67194146755381,145.416023392886,9.54741604667914,0.177980110025564,0.243434957396636,-25.6924268900338,2,504
"444",1294166,1294166,639,"2019_Grotenete","s-12","VR2W-127732",51.30305,4.28731,2021-01-14 22:48:41,2021-01-15 06:13:05,13,25134.5,14411.963686,0.573394,118770.071417,100575.552435,TRUE,125923.958763,29,2021-01-15 20:40:56,25348.406328,78735,0.321945847818632,TRUE,26664,"ak-41_s-12",TRUE,"tidal",6.22405893479296,4.12043220816256,NA,7.26496261836232,86.7231014202277,9.71997625628424,0.120072277953297,0.462802991332883,-40.1917547932389,2,504
"445",1294166,1294166,641,"2019_Grotenete","s-STD3","VR2W-134898",51.330504,4.270161,2021-01-15 06:58:22,2021-01-15 06:58:22,1,16049,3855.62017,0.240241,122625.691587,104431.172605,TRUE,125923.958763,29,2021-01-15 20:40:56,21492.786158,49354,0.43548215257122,TRUE,0,"s-12_s-STD3",TRUE,"tidal",6.38557789679985,2.99330481677234,NA,8.72210314049783,85.0721119249725,9.93749903028357,0.0794881438174364,0.161518962006888,-1.12712739139022,2,504
"446",1294167,1294167,655,"2019_Grotenete","rel_grotenete1","none",51.144779,5.003906,2020-12-16 12:30:00,2020-12-16 12:30:00,1,NA,NA,NA,0,0,NA,7635.421578,4,2020-12-24 19:24:24,7635.421578,716064,0.0106630434961121,TRUE,0,"NA_rel_grotenete1",NA,"non-tidal",8.18585299146823,0.744484178641434,NA,4.52421840657125,68.7542391074168,8.45560192903482,0.443172970445468,NA,NA,NA,473
"447",1294167,1294167,656,"2019_Grotenete","gn-14","VR2W-122358",51.138267,4.996319,2020-12-16 16:35:48,2020-12-16 16:37:25,2,14796.5,1048.509145,0.070862,1048.509145,1048.509145,TRUE,7635.421578,4,2020-12-24 19:24:24,6586.912433,701316,0.00939221753531931,TRUE,97,"rel_grotenete1_gn-14",TRUE,"non-tidal",7.82352955497234,0.445015233993391,NA,5.52667846954038,98.3746616786985,8.82496986963365,0.443037857417334,-0.362323436495888,-0.299468944648044,2,473
"448",1294167,1294167,657,"2019_Grotenete","gn-13","VR2W-124066",51.119771,4.990306,2020-12-16 21:05:52,2020-12-16 21:08:07,3,16223,2389.94432,0.147318,3438.453465,3438.453465,TRUE,7635.421578,4,2020-12-24 19:24:24,4196.968113,685112,0.00612595913222948,TRUE,135,"gn-14_gn-13",TRUE,"non-tidal",7.78122969764122,0.0419339884195097,NA,5.99522078994249,105.661319667139,9.11082487529471,0.435636456727844,-0.0422998573311215,-0.403081245573881,2,473
"449",1294167,1294167,658,"2019_Grotenete","gn-11","VR2W-127720",51.09592,4.957142,2020-12-24 19:24:24,2020-12-29 16:53:45,137,896525,4338.377744,0.004839,7776.831209,7635.421578,TRUE,16419.087288,35,2021-01-05 00:14:32,8783.66571,967808,0.00907583498999801,TRUE,422961,"gn-13_gn-11",TRUE,"non-tidal",8.1860138526326,0.13766660982375,NA,4.55665858994938,73.5927332377082,8.91828516677947,0.383506176368215,0.404784154991381,0.0957326214042403,1,473.363636363636
"450",1294167,1294167,687,"2019_Grotenete","gn-10","VR2W-122324",51.091558,4.945793,2020-12-29 17:19:43,2020-12-29 17:21:58,3,213106,1107.062052,0.005195,8883.893261,8742.48363,TRUE,16419.087288,35,2021-01-05 00:14:32,7676.603658,543289,0.0141298713171075,TRUE,135,"gn-11_gn-10",TRUE,"non-tidal",6.59659759448637,1.75210403278761,NA,3.27793933158835,54.527580315626,9.14912191093331,0.375269528643324,-1.58941625814623,1.61443742296386,1,475.75
"451",1294167,1294167,688,"2019_Grotenete","gn-9","VR2W-127109",51.081153,4.913762,2020-12-29 18:19:24,2020-12-29 18:20:53,2,3558,2855.524863,0.802565,11739.418124,11598.008493,TRUE,16419.087288,35,2021-01-05 00:14:32,4821.078795,539708,0.00893275399845843,TRUE,89,"gn-10_gn-9",TRUE,"non-tidal",6.46282971068392,0.956744083170785,NA,3.26198980585661,75.3224225496811,8.92688932839944,0.44863175934092,-0.133767883802446,-0.795359949616826,2,477
"452",1294167,1294167,689,"2019_Grotenete","gn-8","VR2W-122348",51.070653,4.851284,2021-01-05 00:14:32,2021-01-05 00:14:32,1,539663.5,4879.655927,0.009042,16619.074051,16419.087288,TRUE,21357.312272,36,2021-01-05 01:43:28,4938.224984,5336,0.925454457271364,TRUE,0,"gn-9_gn-8",TRUE,"non-tidal",6.29165473187448,0.412113143401745,NA,2.92935160304286,53.5907705697738,8.88215725780552,0.615272527770136,-0.171174978809437,-0.544630939769039,1,480.571428571429
"453",1294167,1294167,690,"2019_Grotenete","gn-7","VR2W-122340",51.061848,4.787587,2021-01-05 01:43:28,2021-01-05 01:47:31,3,5457.5,4938.224983,0.904851,21557.299034,21357.312272,TRUE,35783.626426,38,2021-01-05 20:06:48,14426.314154,66200,0.217920153383686,TRUE,243,"gn-8_gn-7",TRUE,"non-tidal",5.95234116328225,0.0362509141104515,NA,2.22657285974436,47.2833465128069,9.27526348849518,0.932108912950227,-0.339313568592238,-0.375862229291294,2,485
"454",1294167,1294167,691,"2019_Grotenete","gn-6","VR2W-122333",51.078636,4.757592,2021-01-05 02:58:18,2021-01-05 03:32:34,7,5396.5,3296.955011,0.610943,24854.254045,24654.267283,TRUE,35783.626426,38,2021-01-05 20:06:48,11129.359143,61710,0.180349362226544,TRUE,2056,"gn-7_gn-6",TRUE,"non-tidal",6.03244328704049,0.0308230802386864,NA,2.29751280466435,31.7753809482641,9.20427417027055,0.719263633067976,0.0801021237582464,-0.00542783387176514,2,485
"455",1294167,1294167,692,"2019_Grotenete","gn-4","VR2W-122353",51.135075,4.664932,2021-01-05 20:06:48,2021-01-05 23:45:31,26,67243.5,11129.359143,0.165508,35983.613188,35783.626426,TRUE,39887.614896,40,2021-01-06 01:55:15,4103.98847,20907,0.196297339168699,TRUE,13123,"gn-6_gn-4",TRUE,"transition",6.17074336347528,0.819716405791311,NA,2.61875498441748,45.6874126253204,9.23187304979109,0.431682115651786,0.138300076434787,0.788893325552625,2,485.5
"456",1294167,1294167,694,"2019_Grotenete","gn-3","VR2W-122365",51.130352,4.617316,2021-01-06 01:55:15,2021-01-06 02:00:27,5,14501.5,4186.83712,0.288718,40170.450308,39887.614896,TRUE,46288.624568,42,2021-01-08 00:32:28,6401.009672,167833,0.0381391601889974,TRUE,312,"gn-4_gn-3",TRUE,"transition",6.10389052638144,0.838103806765012,NA,2.36128506177042,64.6386218024179,9.26047085559479,0.36599848388058,-0.0668528370938359,0.0183874009737003,2,486
"457",1294167,1294167,695,"2019_Grotenete","gn-2","VR2W-127721",51.135829,4.5937,2021-01-06 03:26:34,2021-01-07 00:05:15,916,42483.5,2138.410314,0.050335,42308.860622,42026.025211,TRUE,46288.624568,42,2021-01-08 00:32:28,4262.599357,162354,0.0262549697389655,TRUE,74321,"gn-3_gn-2",TRUE,"transition",6.12013769978285,0.799765153777346,NA,2.37925522213209,51.635235459369,9.26792210952122,0.333623658640457,0.0162471734014007,-0.0383386529876655,1,487
"458",1294167,1294167,696,"2019_Grotenete","bn-2","VR2W-124078",51.117416,4.549158,2021-01-08 00:32:28,2021-01-08 00:39:07,6,125393,4262.599357,0.033994,46571.459979,46288.624568,TRUE,50582.614153,43,2021-01-08 02:16:23,4293.989585,6235,0.688691192461909,TRUE,399,"gn-2_bn-2",TRUE,"tidal",5.98544878920912,0.403863407771181,NA,2.30951372604214,62.6248771658454,9.28031316386233,0.279530463266134,-0.134688910573728,-0.395901746006166,1,489
"459",1294167,1294167,697,"2019_Grotenete","bn-1","VR2W-122351",51.093001,4.506837,2021-01-08 02:16:23,2021-01-08 02:58:16,24,7292,4293.989585,0.588863,50865.449564,50582.614153,TRUE,55176.559657,44,2021-01-08 12:42:02,4593.945504,37539,0.122377940382003,TRUE,2513,"bn-2_bn-1",TRUE,"tidal",5.89407347422272,0.353680580806337,NA,2.0578057821475,75.640162084916,9.3137013459009,0.227867623745656,-0.0913753149863972,-0.0501828269648434,2,490
"460",1294167,1294167,698,"2019_Grotenete","bn-Walem","VR2W-122339",51.07183,4.45474,2021-01-08 12:42:02,2021-01-08 12:56:07,11,36705,4593.945504,0.125159,55459.395068,55176.559657,TRUE,62601.734282,45,2021-01-08 16:57:16,7425.174625,15314,0.48486186659266,TRUE,845,"bn-1_bn-Walem",TRUE,"tidal",5.85919093278576,19.2337174104697,NA,1.73945119171871,52.0194402850275,9.28042812015272,0.177446257732463,-0.0348825414369625,18.8800368296633,2,490.5
"461",1294167,1294167,699,"2019_Grotenete","ru-1","VR2W-122328",51.082273,4.366215,2021-01-08 16:57:16,2021-01-08 17:09:01,9,15244,7425.174625,0.487088,62884.569693,62601.734282,TRUE,72606.862417,46,2021-01-09 01:44:19,10005.128135,31623,0.316387696771337,TRUE,705,"bn-Walem_ru-1",TRUE,"tidal",5.80192307699432,11.2687307452326,NA,0.41615384671095,54.4615384695972,9.21923076924881,0.0793917347017513,-0.0572678557914372,-7.96498666523711,2,491
"462",1294167,1294167,700,"2019_Grotenete","s-8","VR2W-127719",51.14222,4.32646,2021-01-09 01:44:19,2021-01-09 01:44:19,1,31270.5,10305.132502,0.329548,72889.697828,72606.862417,TRUE,78314.023736,47,2021-01-09 02:55:33,5707.16131900001,4274,1.33532085142724,TRUE,0,"ru-1_s-8",TRUE,"tidal",5.62947343740656,1.55796623949376,NA,1.91536029309457,80.0437297247109,9.21481389301123,0.0432498138573279,-0.172449639587759,-9.71076450573881,2,491
"463",1294167,1294167,701,"2019_Grotenete","s-9","VR2W-122319",51.19069,4.32954,2021-01-09 02:55:33,2021-01-09 03:04:44,5,4549.5,5407.156952,1.188517,78596.859147,78314.023736,TRUE,86022.171044,48,2021-01-09 04:24:41,7708.147308,5348,1.44131400673149,TRUE,551,"s-8_s-9",TRUE,"tidal",5.62203005890755,0.773018025715453,NA,1.53164150395044,107.788658175243,9.16468506981697,0.10475328461582,-0.00744337849901111,-0.78494821377831,2,491
"464",1294167,1294167,702,"2019_Grotenete","s-10a","VR2W-127716",51.235423,4.396673,2021-01-09 04:24:41,2021-01-09 04:47:44,16,5764,7708.147308,1.337291,86305.006455,86022.171044,FALSE,104431.172605,49,2021-01-18 13:35:32,18409.001561,810651,0.0227089111849612,TRUE,1383,"s-9_s-10a",TRUE,"tidal",5.99344235547561,17.4979959692764,NA,3.53876174917561,72.7320170962577,9.34913493432205,0.129287217497129,0.371412296568062,16.7249779435609,2,491
"465",1294167,1294167,703,"2019_Grotenete","s-STD3","VR2W-134898",51.330504,4.270161,2021-01-18 13:35:32,2021-01-18 13:56:42,4,810594.5,18409.001561,0.02271,104714.008016,104431.172605,NA,NA,NA,NA,NA,NA,NA,TRUE,1270,"s-10a_s-STD3",TRUE,"tidal",6.40860399541629,57.9156537440945,NA,7.88814301908174,83.9399704099452,9.78030767730701,0.0647002108254533,0.415161639940673,40.4176577748181,1,502.272727272727
"466",1294167,1294167,704,"2019_Grotenete","s-12","VR2W-127732",51.30305,4.28731,2021-01-18 14:48:31,2021-01-18 14:48:31,1,3744,3855.62017,1.029813,108569.628186,100575.552435,TRUE,NA,NA,NA,NA,NA,NA,TRUE,0,"s-STD3_s-12",FALSE,"tidal",5.57107051639178,58.7091905871787,NA,4.55321947683722,64.5057386691847,9.2799602149912,0.107995095030596,-0.837533479024501,0.793536843084247,2,514
"467",1294167,1294167,705,"2019_Grotenete","s-10a","VR2W-127716",51.235423,4.396673,2021-01-18 18:17:19,2021-01-18 20:49:34,3,17095.5,14553.381391,0.851299,123123.009577,86022.171044,TRUE,100575.552435,78,2021-01-25 16:32:14,14553.381391,598495,0.0243166298649112,TRUE,9135,"s-12_s-10a",FALSE,"tidal",5.30864897865181,31.2146865331645,NA,2.94926413533024,101.28122265919,9.65347388717939,0.161124760638819,-0.26242153773997,-27.4945040540142,2,514
"468",1294167,1294167,707,"2019_Grotenete","ak-41","VR2W-126195",51.239128,4.397469,2021-01-19 04:30:01,2021-01-19 04:49:55,12,32791.5,141.417705,0.004313,123264.427282,86163.588749,NA,NA,NA,NA,NA,NA,NA,TRUE,1194,"s-10a_ak-41",TRUE,"tidal",5.1713083876773,3.577250799338,NA,2.68049555062391,107.912001841314,9.67375170987387,0.160727814782259,-0.137340590974516,-27.6374357338265,1,514
"469",1294167,1294167,708,"2019_Grotenete","s-9","VR2W-122319",51.19069,4.32954,2021-01-19 06:39:16,2021-01-19 06:42:43,4,7261.5,7849.565013,1.080984,131113.992295,78314.023736,TRUE,86022.171044,55,2021-01-19 09:56:51,7708.147308,11855,0.650202219148039,TRUE,207,"ak-41_s-9",FALSE,"tidal",4.90444116497415,2.09716389911797,NA,0.984948523634755,108.774257209307,9.78833706430718,0.143708418959625,-0.266867222703144,-1.48008690022003,2,514
"470",1294167,1294167,709,"2019_Grotenete","s-10a","VR2W-127716",51.235423,4.396673,2021-01-19 09:56:51,2021-01-19 17:18:35,14,25003.5,7708.147308,0.308283,138822.139603,86022.171044,TRUE,100575.552435,78,2021-01-25 16:32:14,14553.381391,542123,0.0268451650105234,TRUE,26504,"s-9_s-10a",TRUE,"tidal",5.30162740676566,48.4395155455361,NA,2.84681865078738,122.51668949412,9.83437266176238,0.163657002880462,0.397186241791504,46.3423516464181,2,515.5
"471",1294167,1294167,711,"2019_Grotenete","s-9","VR2W-122319",51.19069,4.32954,2021-01-19 19:23:00,2021-01-19 20:36:28,19,22921,7708.147308,0.336292,146530.286911,78314.023736,TRUE,86022.171044,58,2021-01-19 22:09:15,7708.147308,9975,0.772746597293233,TRUE,4408,"s-10a_s-9",FALSE,"tidal",5.12703427839788,90.4861121976393,NA,0.89498068413216,117.762484787679,10.029234718791,0.150800819191654,-0.174593128367774,42.0465966521032,2,517
"472",1294167,1294167,712,"2019_Grotenete","s-10a","VR2W-127716",51.235423,4.396673,2021-01-19 22:09:15,2021-01-20 05:47:01,7,21504,7708.147308,0.358452,154238.434219,86022.171044,TRUE,100575.552435,78,2021-01-25 16:32:14,14553.381391,498179,0.0292131571001588,TRUE,27466,"s-9_s-10a",TRUE,"tidal",5.38133103994478,58.4617988351606,NA,2.66869819671745,116.239134238411,9.9710183461082,0.1681332775934,0.254296761546891,-32.0243133624787,2,517
"473",1294167,1294167,714,"2019_Grotenete","s-9","VR2W-122319",51.19069,4.32954,2021-01-20 07:32:39,2021-01-20 08:24:00,25,21611.5,7708.147308,0.356669,161946.581527,78314.023736,TRUE,86163.588749,61,2021-01-20 09:56:33,7849.565013,8634,0.909145820361362,TRUE,3081,"s-10a_s-9",FALSE,"tidal",5.23819978989944,42.0258001449826,NA,0.835199280777115,92.0927149057952,10.1773025094014,0.151443177310649,-0.14313125004534,-16.435998690178,2,517
"474",1294167,1294167,715,"2019_Grotenete","ak-41","VR2W-126195",51.239128,4.397469,2021-01-20 09:56:33,2021-01-20 09:56:33,1,7093.5,7849.565013,1.106586,169796.14654,86163.588749,NA,NA,NA,NA,NA,NA,NA,TRUE,0,"s-9_ak-41",TRUE,"tidal",5.58834345755885,3.72273568165218,NA,3.18053876227044,87.2847977062798,10.1204735484834,0.1676767649208,0.350143667659419,-38.3030644633305,2,517
"475",1294167,1294167,716,"2019_Grotenete","s-10a","VR2W-127716",51.235423,4.396673,2021-01-20 18:00:15,2021-01-20 18:00:15,1,29022,141.417705,0.004873,169937.564245,86022.171044,TRUE,NA,NA,NA,NA,NA,NA,TRUE,0,"ak-41_s-10a",FALSE,"tidal",5.37781209224114,2.13150022487434,NA,2.1320277500825,97.3167487091347,10.0108826472624,0.166150935702001,-0.210531365317712,-1.59123545677785,1,518.5
"476",1294167,1294167,717,"2019_Grotenete","s-9","VR2W-122319",51.19069,4.32954,2021-01-20 19:35:07,2021-01-20 19:38:01,3,5779,7708.147308,1.33382,177645.711553,78314.023736,TRUE,86022.171044,64,2021-01-20 23:23:20,7708.147308,13693,0.562926116117724,TRUE,174,"s-10a_s-9",FALSE,"tidal",5.29377522555677,24.4275479721129,NA,0.905616515443142,110.114845830967,10.2326880873916,0.147003442753314,-0.084036866684376,22.2960477472385,2,520
"477",1294167,1294167,718,"2019_Grotenete","s-10a","VR2W-127716",51.235423,4.396673,2021-01-20 23:23:20,2021-01-21 05:56:39,6,25405.5,7708.147308,0.303405,185353.858861,86022.171044,TRUE,100575.552435,78,2021-01-25 16:32:14,14553.381391,407334,0.0357283737448875,TRUE,23599,"s-9_s-10a",TRUE,"tidal",5.55889485384146,80.5102427020728,NA,2.59659542700946,104.042622200298,10.1980747728575,0.164324850161348,0.265119628284697,56.0826947299599,2,520
"478",1294167,1294167,720,"2019_Grotenete","s-9","VR2W-122319",51.19069,4.32954,2021-01-21 07:40:31,2021-01-21 08:53:14,13,20213,7708.147308,0.381346,193062.006169,78314.023736,TRUE,86022.171044,67,2021-01-21 10:38:17,7708.147308,10666,0.722683977873617,TRUE,4363,"s-10a_s-9",FALSE,"tidal",5.6295163599107,54.4017250649674,NA,0.835308049709184,114.344882510596,10.5187023099687,0.146670137466711,0.070621506069239,-26.1085176371054,2,520
"479",1294167,1294167,721,"2019_Grotenete","s-10a","VR2W-127716",51.235423,4.396673,2021-01-21 10:38:17,2021-01-22 19:06:43,28,66937.5,7708.147308,0.115154,200770.153477,86022.171044,TRUE,100575.552435,78,2021-01-25 16:32:14,14553.381391,366837,0.0396726104264292,TRUE,116906,"s-9_s-10a",TRUE,"tidal",5.65043801553306,37.4057659348457,NA,2.24601128236393,93.3765784391384,10.3005048783046,0.174299651793039,0.0209216556223524,-16.9959591301217,2,521.5
"480",1294167,1294167,726,"2019_Grotenete","s-9","VR2W-122319",51.19069,4.32954,2021-01-22 21:20:33,2021-01-22 23:31:08,71,70400.5,7708.147308,0.10949,208478.300785,78314.023736,TRUE,86022.171044,73,2021-01-23 00:51:09,7708.147308,12636,0.610014823361823,TRUE,7835,"s-10a_s-9",FALSE,"tidal",5.86793669704907,5.01781373725743,NA,0.739994110420161,74.3182842851524,10.2941807545458,0.165337087590481,0.217498681516016,-32.3879521975883,2,524.5
"481",1294167,1294167,727,"2019_Grotenete","s-10a","VR2W-127716",51.235423,4.396673,2021-01-23 00:51:09,2021-01-23 01:02:36,9,9062,7708.147308,0.850601,216186.448093,86022.171044,TRUE,100575.552435,78,2021-01-25 16:32:14,14553.381391,229265,0.0634784262360151,TRUE,687,"s-9_s-10a",TRUE,"tidal",5.736482093946,2.37814501943577,NA,2.42698067401362,65.6885443329785,9.99136297463993,0.173445528093999,-0.131454603103071,-2.63966871782166,2,526
"482",1294167,1294167,728,"2019_Grotenete","ak-41","VR2W-126195",51.239128,4.397469,2021-01-23 08:11:02,2021-01-23 08:37:06,17,26831.5,141.417705,0.005271,216327.865798,86163.588749,NA,NA,NA,NA,NA,NA,NA,TRUE,1564,"s-10a_ak-41",TRUE,"tidal",5.673126317935,54.309927213245,NA,1.76879437460084,67.520170723286,9.8936929296792,0.173058389376112,-0.0633557760109982,51.9317821938093,1,526
"483",1294167,1294167,729,"2019_Grotenete","s-10a","VR2W-127716",51.235423,4.396673,2021-01-23 12:44:18,2021-01-24 01:42:51,23,38970.5,141.417705,0.003629,216469.283503,86022.171044,TRUE,100575.552435,78,2021-01-25 16:32:14,14553.381391,186476,0.0780442598028701,TRUE,46713,"ak-41_s-10a",FALSE,"tidal",5.7398275404801,91.1862968243116,NA,1.83223494066969,63.5350159180241,9.85861635343126,0.174203919034515,0.0667012225451007,36.8763696110666,1,527
"484",1294167,1294167,732,"2019_Grotenete","s-12","VR2W-127732",51.30305,4.28731,2021-01-25 16:32:14,2021-01-25 16:32:14,1,163119.5,14553.381391,0.089219,231022.664894,100575.552435,TRUE,125923.958763,86,2021-01-28 05:53:15,25348.406328,220861,0.114770857362776,TRUE,0,"s-10a_s-12",TRUE,"tidal",6.09623513687297,55.0940106075302,NA,5.28595987403207,47.4878771467215,10.439737042059,0.109646655257722,0.35640759639287,-36.0922862167814,2,531
"485",1294167,1294167,733,"2019_Grotenete","s-STD3","VR2W-134898",51.330504,4.270161,2021-01-25 17:25:11,2021-01-25 18:04:38,13,4360.5,3855.62017,0.884215,234878.285064,104431.172605,NA,NA,NA,NA,NA,NA,NA,TRUE,2367,"s-12_s-STD3",TRUE,"tidal",6.06627896975004,7.23470196092099,NA,3.81112002400007,88.4681964724536,10.1849164170267,0.0636603479618089,-0.0299561671229336,-47.8593086466092,2,534
"486",1294167,1294167,734,"2019_Grotenete","s-12","VR2W-127732",51.30305,4.28731,2021-01-25 21:48:10,2021-01-26 16:25:44,9,48122.5,3855.62017,0.080121,238733.905234,100575.552435,TRUE,125923.958763,86,2021-01-28 05:53:15,25348.406328,201905,0.125546204046457,TRUE,67054,"s-STD3_s-12",FALSE,"tidal",6.04625159310356,2.24137652836228,NA,5.17938631886435,55.1772777036646,10.4832051912506,0.102195238166691,-0.0200273766464836,-4.99332543255871,2,534
"487",1294167,1294167,736,"2019_Grotenete","s-STD3","VR2W-134898",51.330504,4.270161,2021-01-26 17:38:52,2021-01-26 22:35:15,8,46806.5,3855.62017,0.082374,242589.525404,104431.172605,TRUE,125923.958763,86,2021-01-28 05:53:15,21492.786158,130463,0.164742387941409,TRUE,17783,"s-12_s-STD3",TRUE,"tidal",6.02564597151959,1.68107784223551,NA,4.04351593332286,49.7931284408695,10.2947133836193,0.0649808973118015,-0.0206056215839672,-0.56029868612677,2,536
"488",1294167,1294167,738,"2019_Grotenete","s-12","VR2W-127732",51.30305,4.28731,2021-01-27 04:23:29,2021-01-27 04:32:17,5,30049.5,3855.62017,0.128309,246445.145574,100575.552435,TRUE,125923.958763,86,2021-01-28 05:53:15,25348.406328,91786,0.27616854779596,TRUE,528,"s-STD3_s-12",FALSE,"tidal",6.11645759331695,74.9209457675988,NA,5.07711268901255,42.8673070785083,10.5365257535458,0.107347521698693,0.0908116217973571,73.2398679253633,2,538
"489",1294167,1294167,739,"2019_Grotenete","s-STD3","VR2W-134898",51.330504,4.270161,2021-01-27 05:17:26,2021-01-27 05:31:39,4,3399.5,3855.62017,1.134173,250300.765744,104431.172605,TRUE,125923.958763,86,2021-01-28 05:53:15,21492.786158,88549,0.242721952342771,TRUE,853,"s-12_s-STD3",TRUE,"tidal",6.00462367046175,55.6516715729233,NA,4.70565620244291,81.0510937855145,10.4344518435144,0.06636700534704,-0.111833922855195,-19.2692741946755,2,538
"490",1294168,1294168,743,"2019_Grotenete","rel_grotenete1","none",51.144779,5.003906,2020-10-09 10:15:00,2020-10-09 10:15:00,1,NA,NA,NA,0,0,NA,NA,NA,NA,NA,NA,NA,FALSE,0,"NA_rel_grotenete1",NA,"non-tidal",15.4690914163024,0.0228010624158232,NA,5.4120199920632,67.2166191598508,2.34046132269671,0.345880981187748,NA,NA,NA,665
"491",1294169,1294169,744,"2019_Grotenete","rel_grotenete1","none",51.144779,5.003906,2020-12-16 12:30:00,2020-12-16 12:30:00,1,NA,NA,NA,0,0,NA,7635.421578,4,2020-12-16 19:25:46,7635.421578,24946,0.306077991581817,TRUE,0,"NA_rel_grotenete1",NA,"non-tidal",8.18585299146823,0.554367534664719,NA,4.52421840657125,68.7542391074168,8.45560192903482,0.443172970445468,NA,NA,NA,473
"492",1294169,1294169,745,"2019_Grotenete","gn-14","VR2W-122358",51.138267,4.996319,2020-12-16 16:32:52,2020-12-16 16:35:58,3,14665,1048.509145,0.071497,1048.509145,1048.509145,TRUE,7635.421578,4,2020-12-16 19:25:46,6586.912433,10374,0.634944325525352,TRUE,186,"rel_grotenete1_gn-14",TRUE,"non-tidal",7.82317923598395,0.275441660992429,NA,5.52667846954038,98.3746616786985,8.82496986963365,0.443037857417334,-0.362673755484272,-0.27892587367229,1,473
"493",1294169,1294169,746,"2019_Grotenete","gn-13","VR2W-124066",51.119771,4.990306,2020-12-16 17:31:50,2020-12-16 17:33:23,2,3491.5,2389.94432,0.684504,3438.453465,3438.453465,TRUE,7635.421578,4,2020-12-16 19:25:46,4196.968113,6836,0.61395086497952,TRUE,93,"gn-14_gn-13",TRUE,"non-tidal",7.81768443158936,0.99025619316282,NA,7.13457887696498,82.2592733415582,9.36235901779583,0.438210721771878,-0.00549480439459149,0.714814532170391,2,473
"494",1294169,1294169,747,"2019_Grotenete","gn-11","VR2W-127720",51.09592,4.957142,2020-12-16 19:25:46,2020-12-16 19:27:22,2,6837.5,4338.377744,0.634498,7776.831209,7635.421578,TRUE,16419.087288,7,2020-12-16 22:10:03,8783.66571,9857,0.891109435933854,TRUE,96,"gn-13_gn-11",TRUE,"non-tidal",7.82299454825998,0.856825916439746,NA,6.11595381981355,112.971294551923,9.23289913076341,0.402285064864056,0.00531011667061332,-0.133430276723073,2,473
"495",1294169,1294169,748,"2019_Grotenete","gn-10","VR2W-122324",51.091558,4.945793,2020-12-16 19:48:15,2020-12-16 19:49:49,2,1348,1107.062052,0.821263,8883.893261,8742.48363,TRUE,16419.087288,7,2020-12-16 22:10:03,7676.603658,8508,0.902280636812412,TRUE,94,"gn-11_gn-10",TRUE,"non-tidal",7.84475854450626,0.084710392714432,NA,5.24786917757003,120.123539105653,8.96640561749269,0.378247669944652,0.021763996246289,-0.772115523725314,2,473
"496",1294169,1294169,749,"2019_Grotenete","gn-9","VR2W-127109",51.081153,4.913762,2020-12-16 20:38:23,2020-12-16 20:41:52,4,3065.5,2855.524863,0.931504,11739.418124,11598.008493,TRUE,16419.087288,7,2020-12-16 22:10:03,4821.078795,5500,0.876559780909091,TRUE,209,"gn-10_gn-9",TRUE,"non-tidal",7.87835170065727,0.0394625160172623,NA,4.95155025926451,111.051509967123,8.79083165364586,0.457314154625588,0.033593156151003,-0.0452478766971697,2,473
"497",1294169,1294169,750,"2019_Grotenete","gn-8","VR2W-122348",51.070653,4.851284,2020-12-16 22:10:03,2020-12-16 22:11:16,2,5432,4879.655927,0.898317,16619.074051,16419.087288,TRUE,21357.312272,8,2020-12-16 23:34:19,4938.224984,5056,0.976705890822785,TRUE,73,"gn-9_gn-8",TRUE,"non-tidal",7.94364849561846,0.92582755735528,NA,4.4013372253068,97.1087106795673,8.64806424225686,0.617588909168241,0.0652967949611947,0.886365041338018,2,473
"498",1294169,1294169,751,"2019_Grotenete","gn-7","VR2W-122340",51.061848,4.787587,2020-12-16 23:34:19,2020-12-16 23:38:56,4,5158,4938.224983,0.957391,21557.299034,21357.312272,FALSE,31338.233487,12,2020-12-23 19:32:13,9980.921215,590274,0.0169089629815984,TRUE,277,"gn-8_gn-7",TRUE,"non-tidal",8.02531040684617,1.01082575309222,NA,3.73703847190203,82.7375436412521,8.57380708162355,0.922612609453974,0.0816619112277044,0.0849981957369355,2,473
"499",1294169,1294169,752,"2019_Grotenete","gn-6","VR2W-122333",51.078636,4.757592,2020-12-17 01:18:20,2020-12-23 17:04:05,6,293675,3296.955011,0.011227,24854.254045,24654.267283,TRUE,31338.233487,12,2020-12-23 19:32:13,6683.966204,584033,0.0114445009169002,TRUE,575145,"gn-7_gn-6",TRUE,"non-tidal",8.01691850299572,0.862009271699623,NA,4.70087222795389,94.7353659499873,8.93839355541804,0.715497133341132,-0.00839190385044297,-0.148816481392593,1,473
"500",1294169,1294169,755,"2019_Grotenete","gn-5","VR2W-122332",51.125942,4.718199,2020-12-23 19:32:13,2020-12-23 19:32:13,1,296460.5,6683.966204,0.022546,31538.220249,31338.233487,TRUE,35783.626426,13,2020-12-23 21:06:42,4445.392939,5669,0.784158218204269,TRUE,0,"gn-6_gn-5",TRUE,"transition",8.53741263360437,0.325077908764099,NA,4.27395028661352,75.2224349181444,9.08304988413683,0.521501752323198,0.52049413060865,-0.536931362935524,1,473
"501",1294169,1294169,756,"2019_Grotenete","gn-4","VR2W-122353",51.135075,4.664932,2020-12-23 21:06:42,2020-12-23 21:10:58,4,5797,4503.97007,0.776948,36042.190319,35783.626426,TRUE,39887.614896,14,2020-12-24 00:40:13,4103.98847,12811,0.320348799469206,TRUE,256,"gn-5_gn-4",TRUE,"transition",9.35107239348149,0.180650957492215,NA,3.9142865498118,61.8919465215454,8.78499826864589,0.461933248966349,0.813659759877112,-0.144426951271884,2,473
"502",1294169,1294169,757,"2019_Grotenete","gn-3","VR2W-122365",51.130352,4.617316,2020-12-24 00:40:13,2020-12-24 00:46:47,6,12880,4186.83712,0.325065,40229.027439,39887.614896,TRUE,46288.624568,16,2020-12-24 02:41:57,6401.009672,7304,0.876370437020811,TRUE,394,"gn-4_gn-3",TRUE,"transition",8.96576971961863,0.0464666826076159,NA,4.29906025973719,56.7101232093333,9.26556118702475,0.400227182668026,-0.385302673862855,-0.134184274884599,2,473
"503",1294169,1294169,758,"2019_Grotenete","gn-2","VR2W-127721",51.135829,4.5937,2020-12-24 01:33:59,2020-12-24 01:52:26,13,3582.5,2138.410314,0.596904,42367.437753,42026.025211,TRUE,46288.624568,16,2020-12-24 02:41:57,4262.599357,4078,1.04526713021089,TRUE,1107,"gn-3_gn-2",TRUE,"transition",9.1135413135067,1.0718389970673,NA,3.630176794841,78.8968522936741,8.8616619634065,0.369991398531172,0.147771593888072,1.02537231445968,2,473
"504",1294169,1294169,759,"2019_Grotenete","bn-2","VR2W-124078",51.117416,4.549158,2020-12-24 02:41:57,2020-12-24 02:44:58,3,3615,4262.599357,1.179142,46630.03711,46288.624568,TRUE,50582.614153,17,2020-12-24 03:45:06,4293.989585,3789,1.13327780021114,TRUE,181,"gn-2_bn-2",TRUE,"tidal",9.26400476884969,18.9306005962881,NA,3.03305487511065,68.2732469678189,8.49955519846861,0.31718367650012,0.150463455342985,17.8587615992208,2,473
"505",1294169,1294169,760,"2019_Grotenete","bn-1","VR2W-122351",51.093001,4.506837,2020-12-24 03:45:06,2020-12-24 03:55:57,8,4024,4293.989585,1.067095,50924.026695,50582.614153,TRUE,55176.559657,18,2020-12-24 04:53:58,4593.945504,4132,1.11179707260406,TRUE,651,"bn-2_bn-1",TRUE,"tidal",9.40993866285432,1.65107740565112,NA,2.49308051811653,64.8196604884498,8.06897492473186,0.266733170129112,0.14593389400463,-17.279523190637,2,473
"506",1294169,1294169,761,"2019_Grotenete","bn-Walem","VR2W-122339",51.07183,4.45474,2020-12-24 04:53:58,2020-12-24 05:02:05,7,4050,4593.945504,1.134308,55517.972199,55176.559657,TRUE,62601.734282,19,2020-12-24 15:37:17,7425.174625,38599,0.192367020518666,TRUE,487,"bn-1_bn-Walem",TRUE,"tidal",9.58721131994209,0.800943580011321,NA,1.87415918452291,54.8057395883064,7.77432622228459,0.212982202761199,0.177272657087769,-0.850133825639796,2,473
"507",1294169,1294169,762,"2019_Grotenete","ru-1","VR2W-122328",51.082273,4.366215,2020-12-24 15:37:17,2020-12-24 15:56:15,14,38924.5,7425.174625,0.190758,62943.146824,62601.734282,TRUE,72606.862417,20,2020-12-25 00:42:26,10005.128135,32709,0.305883033263016,TRUE,1138,"bn-Walem_ru-1",TRUE,"tidal",10.2099999991786,0.585682392398058,NA,0.387230770111162,21.0538461640869,7.09615384662717,0.106469275811285,0.622788679236539,-0.215261187613263,2,473.5
"508",1294169,1294169,763,"2019_Grotenete","s-8","VR2W-127719",51.14222,4.32646,2020-12-25 00:42:26,2020-12-25 00:53:24,9,32469,10305.132502,0.317384,72948.274959,72606.862417,TRUE,78314.023736,21,2020-12-25 02:06:10,5707.16131900001,5024,1.13597956190287,TRUE,658,"ru-1_s-8",TRUE,"tidal",8.60155481533685,38.2608463633229,NA,2.14114914232094,61.9164114996475,8.71490131978193,0.0748666207568745,-1.60844518384178,37.6751639709249,2,474
"509",1294169,1294169,764,"2019_Grotenete","s-9","VR2W-122319",51.19069,4.32954,2020-12-25 02:06:10,2020-12-25 02:09:15,3,4787.5,5407.156952,1.129432,78655.436278,78314.023736,TRUE,86022.171044,22,2020-12-25 03:30:15,7708.147308,5045,1.52787855460852,TRUE,185,"s-8_s-9",TRUE,"tidal",8.35045471638615,28.6959551808074,NA,2.29391710189316,99.4516148804829,9.45833801445788,0.130240665454978,-0.251100098950701,-9.56489118251556,2,474
"510",1294169,1294169,765,"2019_Grotenete","s-10a","VR2W-127716",51.235423,4.396673,2020-12-25 03:30:15,2020-12-25 03:42:32,10,5321,7708.147308,1.448628,86363.583586,86022.171044,TRUE,100575.552435,23,2020-12-25 15:03:58,14553.381391,41623,0.349647584052087,TRUE,737,"s-9_s-10a",TRUE,"tidal",8.92609895967617,2.54674842122616,NA,4.9553807601603,86.8610613967487,9.00538646704098,0.151285440041103,0.575644243290016,-26.1492067595812,2,474
"511",1294169,1294169,766,"2019_Grotenete","s-12","VR2W-127732",51.30305,4.28731,2020-12-25 15:03:58,2020-12-25 15:09:20,3,41415.5,14553.381391,0.351399,100916.964977,100575.552435,TRUE,125923.958763,25,2020-12-26 03:17:48,25348.406328,44030,0.575707615898251,TRUE,322,"s-10a_s-12",TRUE,"tidal",9.2401459149634,1.31565494677857,NA,13.0212305046301,18.2673418295441,9.98644096414412,0.0965581693637836,0.31404695528723,-1.23109347444759,2,474
"512",1294169,1294169,767,"2019_Grotenete","s-STD3","VR2W-134898",51.330504,4.270161,2020-12-25 15:53:24,2020-12-25 16:22:09,3,3667.5,3855.62017,1.051294,104772.585147,104431.172605,TRUE,125923.958763,25,2020-12-26 03:17:48,21492.786158,41064,0.52339728613871,TRUE,1725,"s-12_s-STD3",TRUE,"tidal",9.50316569863003,55.5258134164235,NA,10.4318676898304,47.9568941665011,9.60073567843188,0.0556116316558159,0.263019783666634,54.210158469645,2,474
"513",1294170,1294170,770,"2019_Grotenete","rel_grotenete1","none",51.144779,5.003906,2020-12-16 12:30:00,2020-12-16 12:30:00,1,NA,NA,NA,0,0,NA,7635.421578,4,2020-12-24 00:35:11,7635.421578,648311,0.0117774055630708,TRUE,0,"NA_rel_grotenete1",NA,"non-tidal",8.18585299146823,0.0747457108893627,NA,4.52421840657125,68.7542391074168,8.45560192903482,0.443172970445468,NA,NA,NA,473
"514",1294170,1294170,771,"2019_Grotenete","gn-14","VR2W-122358",51.138267,4.996319,2020-12-17 06:17:08,2020-12-17 06:21:17,3,64152.5,1048.509145,0.016344,1048.509145,1048.509145,TRUE,7635.421578,4,2020-12-24 00:35:11,6586.912433,584283,0.0112734966326249,TRUE,249,"rel_grotenete1_gn-14",TRUE,"non-tidal",7.76129578384131,0.0436587516453656,NA,5.42703864830292,93.5494146707648,8.87736081131057,0.436043334731961,-0.424557207626913,-0.0310869592439971,1,473
"515",1294170,1294170,772,"2019_Grotenete","gn-13","VR2W-124066",51.119771,4.990306,2020-12-17 07:24:19,2020-12-17 07:27:12,3,3993,2389.94432,0.598534,3438.453465,3438.453465,TRUE,7635.421578,4,2020-12-24 00:35:11,4196.968113,580252,0.00723300930113123,TRUE,173,"gn-14_gn-13",TRUE,"non-tidal",7.85211258057415,0.198603011804087,NA,6.07673854286624,118.941518797479,9.19330521163479,0.424134376100772,0.0908167967328328,0.154944260158721,2,473
"516",1294170,1294170,773,"2019_Grotenete","gn-11","VR2W-127720",51.09592,4.957142,2020-12-24 00:35:11,2020-12-24 00:36:40,2,580210,4338.377744,0.007477,7776.831209,7635.421578,TRUE,16419.087288,7,2020-12-24 03:36:43,8783.66571,10892,0.806432768086669,TRUE,89,"gn-13_gn-11",TRUE,"non-tidal",8.3479361560962,1.30210528942851,NA,4.93352379402209,83.2200486456883,9.07777950961828,0.367270126025505,0.495823575522053,1.10350227762442,1,473
"517",1294170,1294170,774,"2019_Grotenete","gn-10","VR2W-122324",51.091558,4.945793,2020-12-24 00:59:42,2020-12-24 01:01:26,2,1478.5,1107.062052,0.748774,8883.893261,8742.48363,TRUE,16419.087288,7,2020-12-24 03:36:43,7676.603658,9421,0.814839577327247,TRUE,104,"gn-11_gn-10",TRUE,"non-tidal",9.72387378472591,1.24866911685025,NA,4.89554233118692,77.0186463870102,9.23721140777928,0.424928458993064,1.37593762862971,-0.0534361725782624,2,473
"518",1294170,1294170,775,"2019_Grotenete","gn-9","VR2W-127109",51.081153,4.913762,2020-12-24 01:50:42,2020-12-24 01:53:40,3,3097,2855.524863,0.922029,11739.418124,11598.008493,TRUE,16419.087288,7,2020-12-24 03:36:43,4821.078795,6361,0.757912088508096,TRUE,178,"gn-10_gn-9",TRUE,"non-tidal",9.67468827775374,0.88863348849254,NA,4.5197492025077,77.5583925346702,8.9550782625975,0.490861608390075,-0.0491855069721723,-0.360035628357708,2,473
"519",1294170,1294170,776,"2019_Grotenete","gn-8","VR2W-122348",51.070653,4.851284,2020-12-24 03:36:43,2020-12-24 03:36:43,1,6272,4879.655927,0.778006,16619.074051,16419.087288,TRUE,21357.312272,8,2020-12-24 05:02:57,4938.224984,5174,0.954430804793197,TRUE,0,"gn-9_gn-8",TRUE,"non-tidal",9.60696097848345,0.162707833095508,NA,3.97934465876628,66.1721083889824,8.63792061697546,0.63468803654141,-0.0677272992702864,-0.725925655397031,2,473
"520",1294170,1294170,777,"2019_Grotenete","gn-7","VR2W-122340",51.061848,4.787587,2020-12-24 05:02:57,2020-12-24 05:07:30,4,5310.5,4938.224983,0.929898,21557.299034,21357.312272,TRUE,31338.233487,10,2020-12-24 17:31:20,9980.921215,44903,0.222277380464557,TRUE,273,"gn-8_gn-7",TRUE,"non-tidal",9.56504092963893,0.0418161568772847,NA,3.48183411757015,56.758721422954,8.36282875491481,0.902964898750835,-0.0419200488445224,-0.120891676218224,2,473
"521",1294170,1294170,778,"2019_Grotenete","gn-6","VR2W-122333",51.078636,4.757592,2020-12-24 06:12:21,2020-12-24 06:17:01,6,4167.5,3296.955011,0.791111,24854.254045,24654.267283,TRUE,31338.233487,10,2020-12-24 17:31:20,6683.966204,40739,0.164067998821768,TRUE,280,"gn-7_gn-6",TRUE,"non-tidal",9.51423924209656,1.66778684040295,NA,3.36803823810814,30.3254389499691,8.16932496536492,0.717783978239688,-0.050801687542366,1.62597068352566,2,473
"522",1294170,1294170,779,"2019_Grotenete","gn-5","VR2W-122332",51.125942,4.718199,2020-12-24 17:31:20,2020-12-24 17:32:34,2,40636,6683.966204,0.164484,31538.220249,31338.233487,TRUE,35783.626426,11,2020-12-24 19:15:49,4445.392939,6269,0.709107184399426,TRUE,74,"gn-6_gn-5",TRUE,"transition",9.27210294215263,1.27985874524946,NA,3.58142345210296,48.6386542665497,8.42715269614832,0.539040950103721,-0.242136299943933,-0.387928095153484,2,473.5
"523",1294170,1294170,780,"2019_Grotenete","gn-4","VR2W-122353",51.135075,4.664932,2020-12-24 19:15:49,2020-12-24 19:19:15,3,6335,4503.97007,0.710966,36042.190319,35783.626426,TRUE,39887.614896,12,2020-12-24 20:45:53,4103.98847,5404,0.759435320133234,TRUE,206,"gn-5_gn-4",TRUE,"transition",9.17616930423217,1.20083929362541,NA,2.590379772259,31.2254930109893,8.21105156615281,0.456530842842023,-0.0959336379204636,-0.0790194516240583,2,474
"524",1294170,1294170,781,"2019_Grotenete","gn-3","VR2W-122365",51.130352,4.617316,2020-12-24 20:45:53,2020-12-24 20:49:37,4,5413,4186.83712,0.773478,40229.027439,39887.614896,TRUE,46288.624568,14,2020-12-25 02:24:06,6401.009672,20293,0.315429442270734,TRUE,224,"gn-4_gn-3",TRUE,"transition",9.13417124128743,0.530644445808433,NA,3.00424796424675,36.9754799528477,8.07684905401252,0.394154750984121,-0.0419980629447352,-0.670194847816972,2,474
"525",1294170,1294170,782,"2019_Grotenete","gn-2","VR2W-127721",51.135829,4.5937,2020-12-24 22:38:26,2020-12-25 00:45:44,78,10460,2138.410314,0.204437,42367.437753,42026.025211,TRUE,46288.624568,14,2020-12-25 02:24:06,4262.599357,13540,0.314815314401772,TRUE,7638,"gn-3_gn-2",TRUE,"transition",8.92069266028624,0.197652467139013,NA,3.41554949752057,42.4043344455846,8.42733318404852,0.364615930922262,-0.213478581001187,-0.33299197866942,2,474
"526",1294170,1294170,783,"2019_Grotenete","bn-2","VR2W-124078",51.117416,4.549158,2020-12-25 02:24:06,2020-12-25 02:29:27,6,9881.5,4262.599357,0.431372,46630.03711,46288.624568,TRUE,50582.614153,15,2020-12-25 03:32:44,4293.989585,4118,1.04273666464303,TRUE,321,"gn-2_bn-2",TRUE,"tidal",8.74316296736066,27.2629915019316,NA,3.25176378725835,42.7088700515681,8.59452442910654,0.310014019868111,-0.177529692925589,27.0653390347926,2,474
"527",1294170,1294170,784,"2019_Grotenete","bn-1","VR2W-122351",51.093001,4.506837,2020-12-25 03:32:44,2020-12-25 03:47:24,9,4397.5,4293.989585,0.976462,50924.026695,50582.614153,TRUE,55176.559657,16,2020-12-25 04:48:44,4593.945504,4560,1.00744418947368,TRUE,880,"bn-2_bn-1",TRUE,"tidal",9.17691403023123,15.7229849453166,NA,2.42796439134123,66.3021322418804,7.93351124444333,0.258759081425459,0.433751062870577,-11.540006556615,2,474
"528",1294170,1294170,785,"2019_Grotenete","bn-Walem","VR2W-122339",51.07183,4.45474,2020-12-25 04:48:44,2020-12-25 04:57:28,8,4382,4593.945504,1.048367,55517.972199,55176.559657,TRUE,62601.734282,17,2020-12-25 15:37:01,7425.174625,38897,0.190893246908502,TRUE,524,"bn-1_bn-Walem",TRUE,"tidal",9.24432721307546,14.5689573318665,NA,1.70722944637205,60.4501551204486,7.9349666666063,0.204671444755629,0.0674131828442288,-1.15402761345017,2,474
"529",1294170,1294170,786,"2019_Grotenete","ru-1","VR2W-122328",51.082273,4.366215,2020-12-25 15:37:01,2020-12-25 15:49:52,11,39020.5,7425.174625,0.190289,62943.146824,62601.734282,TRUE,72606.862417,18,2020-12-26 01:52:43,10005.128135,36942,0.270833418196091,TRUE,771,"bn-Walem_ru-1",TRUE,"tidal",9.57862595372214,1.11470133641028,NA,0.348320611446733,25.0076335972968,7.24885496220192,0.0872922003830547,0.334298740646679,-13.4542559954562,2,474
"530",1294170,1294170,787,"2019_Grotenete","s-8","VR2W-127719",51.14222,4.32646,2020-12-26 01:52:43,2020-12-26 01:58:40,6,36735,10305.132502,0.280526,72948.274959,72606.862417,TRUE,78314.023736,19,2020-12-26 03:20:46,5707.16131900001,5283,1.08028796498202,TRUE,357,"ru-1_s-8",TRUE,"tidal",8.5512955614838,4.19181277200622,NA,1.75662684527406,72.83109178003,8.30603521604805,0.0583649894790961,-1.02733039223834,3.07711143559595,2,474
"531",1294170,1294170,788,"2019_Grotenete","s-9","VR2W-122319",51.19069,4.32954,2020-12-26 03:20:46,2020-12-26 03:29:01,7,5352,5407.156952,1.010306,78655.436278,78314.023736,TRUE,86022.171044,20,2020-12-26 04:59:43,7708.147308,5937,1.29832361596766,TRUE,495,"s-8_s-9",TRUE,"tidal",8.24846410127696,47.312423471068,NA,1.83566042568102,94.7120945991781,8.9864578484383,0.112209069046969,-0.302831460206841,43.1206106990618,2,474
"532",1294170,1294170,789,"2019_Grotenete","s-10a","VR2W-127716",51.235423,4.396673,2020-12-26 04:59:43,2020-12-26 05:13:42,8,6109,7708.147308,1.261769,86363.583586,86022.171044,TRUE,100575.552435,21,2020-12-26 16:18:35,14553.381391,40732,0.357296017651969,TRUE,839,"s-9_s-10a",TRUE,"tidal",8.27731770178507,30.5675913388809,NA,4.40879613596768,79.9885370743032,8.74462195633853,0.134876068604429,0.0288536005081177,-16.7448321321871,2,474
"533",1294170,1294170,790,"2019_Grotenete","s-12","VR2W-127732",51.30305,4.28731,2020-12-26 16:18:35,2020-12-27 02:10:29,9,58069.5,14553.381391,0.25062,100916.964977,100575.552435,TRUE,126233.948778,30,2020-12-28 14:33:54,25658.396343,166519,0.154086899050559,TRUE,35514,"s-10a_s-12",TRUE,"tidal",8.91670335157542,8.56500788775762,NA,11.7098921194115,20.7396010663459,9.98746369042043,0.0937047430513072,0.639385649790349,-22.0025834511233,2,474.5
"534",1294170,1294170,792,"2019_Grotenete","s-STD3","VR2W-134898",51.330504,4.270161,2020-12-27 02:58:16,2020-12-27 02:58:16,1,20624,3855.62017,0.186948,104772.585147,104431.172605,NA,NA,NA,NA,NA,NA,NA,TRUE,0,"s-12_s-STD3",TRUE,"tidal",8.75545149798658,1.85869651104492,NA,10.9615522108865,27.3765768051315,9.82558288403879,0.0592508549632673,-0.161251853588848,-6.7063113767127,2,475
"535",1294170,1294170,793,"2019_Grotenete","s-12","VR2W-127732",51.30305,4.28731,2020-12-27 10:36:49,2020-12-27 10:36:49,1,27513,3855.62017,0.140138,108628.205317,100575.552435,TRUE,NA,NA,NA,NA,NA,NA,TRUE,0,"s-STD3_s-12",FALSE,"tidal",8.67500118628942,1.44254281391885,NA,10.7698708738313,25.7879818483523,10.114200068835,0.0962934053210042,-0.0804503116971542,-0.416153697126072,2,475
"536",1294170,1294170,794,"2019_Grotenete","s-10a","VR2W-127716",51.235423,4.396673,2020-12-27 14:00:26,2020-12-27 14:56:38,35,13903,14553.381391,1.04678,123181.586708,86022.171044,TRUE,100575.552435,26,2020-12-27 19:48:08,14553.381391,20862,0.69760240585754,TRUE,3372,"s-12_s-10a",FALSE,"tidal",8.28751066790324,39.9549284093816,NA,4.99659361373496,67.2698905955829,9.63242689012049,0.149297030810053,-0.387490518386182,38.5123855954627,2,475
"537",1294170,1294170,795,"2019_Grotenete","s-12","VR2W-127732",51.30305,4.28731,2020-12-27 19:48:08,2020-12-28 02:56:55,20,32039.5,14553.381391,0.454232,137734.968099,100575.552435,TRUE,126233.948778,30,2020-12-28 14:33:54,25658.396343,67546,0.379865518950049,TRUE,25727,"s-10a_s-12",TRUE,"tidal",8.76516076799403,69.8869177858912,NA,11.8430430163264,20.8368868697516,10.185127463285,0.10499844191854,0.47765010009079,29.9319893765096,2,475
"538",1294170,1294170,798,"2019_Grotenete","s-STD3","VR2W-134898",51.330504,4.270161,2020-12-28 03:32:54,2020-12-28 03:35:43,3,15107,3855.62017,0.255221,141590.588269,104431.172605,TRUE,126233.948778,30,2020-12-28 14:33:54,21802.776173,39660,0.549742213136662,TRUE,169,"s-12_s-STD3",TRUE,"tidal",8.49032644586929,59.1053372323657,NA,11.5002796724293,25.3410430680683,10.0150641829752,0.0671493319134093,-0.274834322124738,-10.7815805535255,2,475
"539",1294171,1294171,824,"2019_Grotenete","rel_grotenete2","none",51.139997,4.997392,2020-10-14 10:30:00,2020-10-14 10:30:00,1,NA,NA,NA,0,807.089983,NA,7635.421578,6,2020-10-29 00:16:05,6828.331595,1259165,0.00542290453991336,FALSE,0,"NA_rel_grotenete2",NA,"non-tidal",11.150129176891,0.0475944556062692,NA,4.51485857419358,46.9009534784245,2.30621133498352,0.344418659250536,NA,NA,NA,646
"540",1294171,1294171,825,"2019_Grotenete","gn-14","VR2W-122358",51.138267,4.996319,2020-10-25 00:18:18,2020-10-25 01:41:16,42,916187,241.419161,0.000264,241.419161,1048.509145,TRUE,7635.421578,6,2020-10-29 00:16:05,6586.912433,345467,0.0190666906911514,TRUE,4978,"rel_grotenete2_gn-14",TRUE,"non-tidal",11.8818522244873,0.138355189433764,NA,5.60034466060508,95.5469911960416,7.29097865434174,0.334823366667332,0.731723047596324,0.0907607338274952,1,625.25
"541",1294171,1294171,826,"2019_Grotenete","gn-13","VR2W-124066",51.119771,4.990306,2020-10-28 03:27:34,2020-10-28 20:16:38,385,298339,2389.94432,0.008011,2631.363481,3438.453465,TRUE,7635.421578,6,2020-10-29 00:16:05,4196.968113,74911,0.0560260590967949,TRUE,60544,"gn-14_gn-13",TRUE,"non-tidal",12.4738754818885,0.644979032562724,NA,5.85497580197413,109.220885978318,7.27769287645786,0.344404668589713,0.592023257401182,0.50662384312896,1,599.25
"542",1294171,1294171,829,"2019_Grotenete","gn-11","VR2W-127720",51.09592,4.957142,2020-10-29 00:16:05,2020-10-29 00:20:19,5,44766,4338.377744,0.096912,6969.741225,7635.421578,TRUE,16419.087288,9,2020-10-29 03:24:07,8783.66571,11282,0.778555726821485,TRUE,254,"gn-13_gn-11",TRUE,"non-tidal",12.3031387252181,0.562323556065097,NA,5.91420189667179,150.940015475001,7.52458589851337,0.310035007505105,-0.170736756670387,-0.0826554764976278,2,592
"543",1294171,1294171,830,"2019_Grotenete","gn-10","VR2W-122324",51.091558,4.945793,2020-10-29 00:43:44,2020-10-29 00:46:55,3,1627.5,1107.062052,0.680222,8076.803277,8742.48363,TRUE,16419.087288,9,2020-10-29 03:24:07,7676.603658,9623,0.797734974332329,TRUE,191,"gn-11_gn-10",TRUE,"non-tidal",12.1734181063485,0.084816574262433,NA,6.81572563416495,237.74934800886,7.6643400310616,0.377765589801727,-0.129720618869682,-0.477506981802664,2,590
"544",1294171,1294171,831,"2019_Grotenete","gn-9","VR2W-127109",51.081153,4.913762,2020-10-29 01:44:31,2020-10-29 01:45:36,2,3584,2855.524863,0.796742,10932.32814,11598.008493,TRUE,16419.087288,9,2020-10-29 03:24:07,4821.078795,5976,0.806740092871486,TRUE,65,"gn-10_gn-9",TRUE,"non-tidal",12.3096487952634,0.0384517995628088,NA,7.58639344242936,243.256298060492,7.76272852411061,0.445953204583656,0.136230688914916,-0.0463647746996242,2,590
"545",1294171,1294171,832,"2019_Grotenete","gn-8","VR2W-122348",51.070653,4.851284,2020-10-29 03:24:07,2020-10-29 03:25:39,2,5989.5,4879.655927,0.814702,15811.984067,16419.087288,TRUE,21357.312272,10,2020-10-30 02:34:27,4938.224984,83420,0.0591971347878207,TRUE,92,"gn-9_gn-8",TRUE,"non-tidal",12.467516825049,0.753680815930506,NA,7.89920202611151,119.555524917752,7.85294826996681,0.584249956656972,0.157868029785622,0.715229016367697,2,590
"546",1294171,1294171,833,"2019_Grotenete","gn-7","VR2W-122340",51.061848,4.787587,2020-10-30 02:34:27,2020-10-31 01:29:51,12,124636,4938.224983,0.039621,20750.20905,21357.312272,TRUE,31338.233487,16,2020-11-16 01:56:26,9980.921215,1466519,0.00680585878191827,TRUE,82524,"gn-8_gn-7",TRUE,"non-tidal",12.5791715200938,0.916864955858184,NA,5.32665536433862,145.526563858186,7.20386068722233,0.849274980378906,0.111654695044752,0.163184139927679,2,586.666666666667
"547",1294171,1294171,835,"2019_Grotenete","gn-6","VR2W-122333",51.078636,4.757592,2020-11-03 03:18:45,2020-11-15 22:26:38,21,859832.5,3296.955011,0.003834,24047.164061,24654.267283,TRUE,31338.233487,16,2020-11-16 01:56:26,6683.966204,1118261,0.00597710749458311,TRUE,1105673,"gn-7_gn-6",TRUE,"non-tidal",12.2882121205109,0.697796516785722,NA,4.99879766081616,126.50822992424,7.48185767653477,0.649247884424388,-0.290959399582855,-0.219068439072463,1,565.909090909091
"548",1294171,1294171,839,"2019_Grotenete","gn-5","VR2W-122332",51.125942,4.718199,2020-11-16 01:56:26,2020-11-16 01:59:21,3,565512,6683.966204,0.011819,30731.130265,31338.233487,TRUE,35783.626426,17,2020-11-16 21:03:40,4445.392939,68834,0.0645813542580702,TRUE,175,"gn-6_gn-5",TRUE,"transition",11.7696826497933,0.219077214639535,NA,4.83483430281697,119.416281625257,7.64650003726475,0.452092153671965,-0.518529470717635,-0.478719302146187,1,540
"549",1294171,1294171,840,"2019_Grotenete","gn-4","VR2W-122353",51.135075,4.664932,2020-11-16 21:03:40,2020-11-16 21:10:45,7,68959,4503.97007,0.065314,35235.100335,35783.626426,TRUE,39887.614896,18,2020-11-16 22:50:54,4103.98847,6434,0.637859569474665,TRUE,425,"gn-5_gn-4",TRUE,"transition",11.8846187030363,0.11508780607855,NA,5.5697099529529,142.241025099453,7.83636830532245,0.3877721276687,0.114936053243063,-0.103989408560985,2,529.5
"550",1294171,1294171,841,"2019_Grotenete","gn-3","VR2W-122365",51.130352,4.617316,2020-11-16 22:50:54,2020-11-16 22:54:33,4,6331,4186.83712,0.661323,39421.937455,39887.614896,TRUE,46288.624568,20,2020-11-17 01:25:31,6401.009672,9277,0.689987029427617,TRUE,219,"gn-4_gn-3",TRUE,"transition",11.7150012494361,0.0268702361520458,NA,3.76215816738563,122.769550611061,7.14675646110349,0.325782321552739,-0.169617453600202,-0.088217569926504,2,528
"551",1294171,1294171,842,"2019_Grotenete","gn-2","VR2W-127721",51.135829,4.5937,2020-11-16 23:49:51,2020-11-17 00:10:25,14,4044.5,2138.410314,0.528721,41560.347769,42026.025211,TRUE,46288.624568,20,2020-11-17 01:25:31,4262.599357,5740,0.742613128397212,TRUE,1234,"gn-3_gn-2",TRUE,"transition",11.7330827342361,0.603433547755694,NA,3.42823917516879,97.1329630951771,7.12973859613896,0.296941960845276,0.0180814847999553,0.576563311603648,2,528
"552",1294171,1294171,843,"2019_Grotenete","bn-2","VR2W-124078",51.117416,4.549158,2020-11-17 01:25:31,2020-11-17 01:34:21,9,5388,4262.599357,0.791128,45822.947126,46288.624568,TRUE,50582.614153,21,2020-11-17 08:03:38,4293.989585,23887,0.179762615020723,TRUE,530,"gn-2_bn-2",TRUE,"tidal",11.7632639283343,7.20842739317941,NA,3.55039911299409,91.3145702688682,7.02768817678627,0.244801401642878,0.0301811940982208,6.60499384542372,2,528
"553",1294171,1294171,844,"2019_Grotenete","bn-1","VR2W-122351",51.093001,4.506837,2020-11-17 08:03:38,2020-11-17 08:16:39,11,24012.5,4293.989585,0.178823,50116.936711,50582.614153,TRUE,55176.559657,22,2020-11-17 09:43:55,4593.945504,6017,0.763494350008309,TRUE,781,"bn-2_bn-1",TRUE,"tidal",11.8068459971697,0.628700158699073,NA,4.64121102819707,140.67170913343,7.82490316123989,0.195579552088512,0.043582068835434,-6.57972723448034,2,528
"554",1294171,1294171,845,"2019_Grotenete","bn-Walem","VR2W-122339",51.07183,4.45474,2020-11-17 09:43:55,2020-11-17 09:49:45,5,5801.5,4593.945504,0.791855,54710.882215,55176.559657,TRUE,62601.734282,23,2020-11-17 12:00:52,7425.174625,8217,0.903635709504685,TRUE,350,"bn-1_bn-Walem",TRUE,"tidal",11.6749863774023,0.304984705222552,NA,2.79178508920073,150.419205827293,6.97754998713884,0.143493289288387,-0.131859619767388,-0.323715453476522,2,528
"555",1294171,1294171,846,"2019_Grotenete","ru-1","VR2W-122328",51.082273,4.366215,2020-11-17 12:00:52,2020-11-17 19:05:58,10,20795,7425.174625,0.357065,62136.05684,62601.734282,TRUE,72606.862417,26,2020-11-17 22:05:56,10005.128135,36304,0.275592996226311,TRUE,25506,"bn-Walem_ru-1",TRUE,"tidal",11.716901408452,0.240410799186588,NA,0.498309860225257,119.225352118987,6.58450704258062,0.0428164017820026,0.0419150310496796,-0.0645739060359641,2,526.5
"556",1294171,1294171,848,"2019_Grotenete","me-7-2b","VR2W-113524",51.1008,4.330483,2020-11-17 20:09:16,2020-11-17 20:14:13,4,16699.5,3445.459128,0.206321,65581.515968,66047.19341,TRUE,72606.862417,26,2020-11-17 22:05:56,6559.66900699999,7000,0.93709557242857,TRUE,297,"ru-1_me-7-2b",TRUE,"tidal",11.7208160329344,12.2429602074843,NA,3.52825456071039,164.579232168274,7.98187209108844,0.0702648357250321,0.00391462448242308,12.0025494082977,2,525
"557",1294171,1294171,849,"2019_Grotenete","s-8","VR2W-127719",51.14222,4.32646,2020-11-17 22:05:56,2020-11-17 22:09:31,3,6959,6859.673374,0.985727,72141.184975,72606.862417,TRUE,78314.023736,27,2020-11-17 23:45:11,5707.16131900001,5955,0.958381413769942,TRUE,215,"me-7-2b_s-8",TRUE,"tidal",11.4530407235199,9.00393392368806,NA,3.54492667130946,169.940301556293,7.90866422700961,0.0241699811201713,-0.267775309414583,-3.23902628379619,2,525
"558",1294171,1294171,850,"2019_Grotenete","s-9","VR2W-122319",51.19069,4.32954,2020-11-17 23:45:11,2020-11-18 05:57:34,48,17019,5407.156952,0.317713,77848.346294,78314.023736,TRUE,86022.171044,29,2020-11-18 08:02:06,7708.147308,29815,0.258532527519705,TRUE,22343,"s-8_s-9",TRUE,"tidal",11.5437318997668,0.754588242921289,NA,2.5850561976014,152.005311418855,8.02890747898398,0.0781340839809499,0.0906911762469438,-8.24934568076677,2,525
"559",1294171,1294171,852,"2019_Grotenete","s-10a","VR2W-127716",51.235423,4.396673,2020-11-18 08:02:06,2020-11-18 08:08:44,5,18842.5,7708.147308,0.409083,85556.493602,86022.171044,TRUE,100575.552435,30,2020-11-18 11:35:47,14553.381391,12821,1.13512061391467,TRUE,398,"s-9_s-10a",TRUE,"tidal",12.4945261338593,0.400309221797367,NA,8.34956490419478,150.597267654711,8.21802752092485,0.100955163669231,0.950794234092488,-0.354279021123922,2,525
"560",1294171,1294171,853,"2019_Grotenete","s-12","VR2W-127732",51.30305,4.28731,2020-11-18 11:35:47,2020-11-18 18:13:03,6,24540,14553.381391,0.593047,100109.874993,100575.552435,TRUE,144162.68826,33,2020-11-20 09:11:24,43587.135825,164137,0.265553384215625,TRUE,23836,"s-10a_s-12",TRUE,"tidal",12.7968626052641,15.8816815115858,NA,15.3818854673298,82.911310168648,8.25147873315972,0.0679605361537479,0.302336471404773,15.4813722897884,2,523.5
"561",1294171,1294171,855,"2019_Grotenete","s-STD3","VR2W-134898",51.330504,4.270161,2020-11-19 06:36:21,2020-11-19 06:37:29,2,56550,3855.62017,0.068181,103965.495163,104431.172605,TRUE,144162.68826,33,2020-11-20 09:11:24,39731.515655,95703,0.415154338474238,TRUE,68,"s-12_s-STD3",TRUE,"tidal",12.5250912813861,10.7448909415509,NA,14.0797732014981,92.958424125364,8.34558229634985,0.0382702458374179,-0.271771323877978,-5.13679057003494,2,522
"562",1294172,1294172,862,"2019_Grotenete","rel_grotenete2","none",51.139997,4.997392,2020-10-14 10:30:00,2020-10-15 02:50:31,742,NA,NA,NA,0,807.089983,NA,NA,NA,NA,NA,NA,NA,FALSE,58831,"NA_rel_grotenete2",NA,"non-tidal",10.9546400729665,0.0148510760272009,NA,6.44811723123931,32.3728953451574,2.64044486179273,0.337285421152831,NA,NA,NA,642
"563",1294172,1294172,863,"2019_Grotenete","gn-14","VR2W-122358",51.138267,4.996319,2020-10-15 16:50:36,2020-10-29 18:54:35,4768,688340,241.419161,0.000351,241.419161,1048.509145,NA,NA,NA,NA,NA,NA,NA,FALSE,1217039,"rel_grotenete2_gn-14",TRUE,"non-tidal",11.5260901870772,0.0600704339519673,NA,5.50190462640864,94.3418190302719,7.36724957669928,0.334335671503496,0.571450114110723,0.0452193579247664,NA,627.111111111111
"564",1294189,1294189,868,"2019_Grotenete","rel_grotenete1","none",51.144779,5.003906,2020-12-16 12:30:00,2020-12-16 12:30:00,1,NA,NA,NA,0,0,NA,7635.421578,4,2020-12-23 23:15:21,7635.421578,643521,0.0118650697925942,TRUE,0,"NA_rel_grotenete1",NA,"non-tidal",8.18585299146823,1.6521997273587,NA,4.52421840657125,68.7542391074168,8.45560192903482,0.443172970445468,NA,NA,NA,473
"565",1294189,1294189,869,"2019_Grotenete","gn-14","VR2W-122358",51.138267,4.996319,2020-12-23 19:54:53,2020-12-23 19:54:53,1,631493,1048.509145,0.00166,1048.509145,1048.509145,TRUE,7635.421578,4,2020-12-23 23:15:21,6586.912433,12028,0.547631562437646,TRUE,0,"rel_grotenete1_gn-14",TRUE,"non-tidal",8.22720385313196,0.862901955795384,NA,5.07355618928268,85.0368562950503,9.06222107635775,0.41842616085382,0.0413508616637355,-0.789297771563319,1,473
"566",1294189,1294189,870,"2019_Grotenete","gn-13","VR2W-124066",51.119771,4.990306,2020-12-23 21:02:25,2020-12-23 21:05:01,3,4130,2389.94432,0.578679,3438.453465,3438.453465,TRUE,7635.421578,4,2020-12-23 23:15:21,4196.968113,7976,0.526199612963892,TRUE,156,"gn-14_gn-13",TRUE,"non-tidal",10.3401221205408,0.77541983821746,NA,4.77135716288939,63.6368708157306,8.96282684883577,0.466861127619906,2.11291826740885,-0.0874821175779245,2,473
"567",1294189,1294189,871,"2019_Grotenete","gn-11","VR2W-127720",51.09592,4.957142,2020-12-23 23:15:21,2020-12-23 23:17:25,3,7960,4338.377744,0.545022,7776.831209,7635.421578,TRUE,16419.087288,7,2020-12-24 02:47:15,8783.66571,12714,0.690865637092968,TRUE,124,"gn-13_gn-11",TRUE,"non-tidal",9.87716458912026,0.15818971193208,NA,5.34422284353782,58.2508073034968,9.37486172056956,0.439568170103454,-0.462957531420546,-0.61723012628538,2,473
"568",1294189,1294189,872,"2019_Grotenete","gn-10","VR2W-122324",51.091558,4.945793,2020-12-23 23:45:08,2020-12-23 23:47:24,3,1793,1107.062052,0.617436,8883.893261,8742.48363,TRUE,16419.087288,7,2020-12-24 02:47:15,7676.603658,10927,0.702535339800494,TRUE,136,"gn-11_gn-10",TRUE,"non-tidal",9.73075869119395,0.0485125919378586,NA,5.31452867108576,37.9204357667517,9.41987685185392,0.42092985308847,-0.146405897926313,-0.109677119994221,2,473
"569",1294189,1294189,873,"2019_Grotenete","gn-9","VR2W-127109",51.081153,4.913762,2020-12-24 00:45:14,2020-12-24 00:47:28,3,3605,2855.524863,0.792101,11739.418124,11598.008493,TRUE,16419.087288,7,2020-12-24 02:47:15,4821.078795,7321,0.658527358967354,TRUE,134,"gn-10_gn-9",TRUE,"non-tidal",9.57291367553293,0.454717993087406,NA,5.01499913449628,60.3246252793866,9.32920819449167,0.491003293481525,-0.157845015661023,0.406205401149547,2,473
"570",1294189,1294189,874,"2019_Grotenete","gn-8","VR2W-122348",51.070653,4.851284,2020-12-24 02:47:15,2020-12-24 02:50:06,3,7339.5,4879.655927,0.664849,16619.074051,16419.087288,FALSE,21357.312272,8,2021-01-08 19:48:24,4938.224984,1357269,0.00363835391805162,TRUE,171,"gn-9_gn-8",TRUE,"non-tidal",9.55064854410166,1.38682800682214,NA,4.29899125859948,72.5727257709014,8.87736902112462,0.632952869959516,-0.0222651314312632,0.932110013734736,2,473
"571",1294189,1294189,875,"2019_Grotenete","gn-7","VR2W-122340",51.061848,4.787587,2021-01-08 19:48:24,2021-01-08 19:52:23,4,1357303,4938.224983,0.003638,21557.299034,21357.312272,TRUE,31338.233487,11,2021-01-12 21:01:56,9980.921215,350012,0.0285159400677691,TRUE,239,"gn-8_gn-7",TRUE,"non-tidal",6.80761045739102,0.940865419443649,NA,3.02991429613324,54.2224163479661,8.95103713657554,0.919401605856445,-2.74303808671064,-0.445962587378492,1,480.352941176471
"572",1294189,1294189,876,"2019_Grotenete","gn-6","VR2W-122333",51.078636,4.757592,2021-01-09 19:23:54,2021-01-10 19:56:03,973,128975,3296.955011,0.025563,24854.254045,24654.267283,TRUE,31338.233487,11,2021-01-12 21:01:56,6683.966204,265082,0.0252147116892131,TRUE,88329,"gn-7_gn-6",TRUE,"non-tidal",5.42588847597075,0.253999004532669,NA,2.97315790657756,63.6189955610164,9.34577530574366,0.717227659089665,-1.38172198142027,-0.68686641491098,1,492
"573",1294189,1294189,878,"2019_Grotenete","gn-5","VR2W-122332",51.125942,4.718199,2021-01-12 21:01:56,2021-01-12 21:07:35,5,221087,6683.966204,0.030232,31538.220249,31338.233487,TRUE,35783.626426,12,2021-01-12 23:25:36,4445.392939,8620,0.515706837470998,TRUE,339,"gn-6_gn-5",TRUE,"transition",5.44145534417925,0.146214731491375,NA,2.99755676426133,82.3332222177405,9.41806109091105,0.52834841535675,0.015566868208496,-0.107784273041293,1,496.5
"574",1294189,1294189,879,"2019_Grotenete","gn-4","VR2W-122353",51.135075,4.664932,2021-01-12 23:25:36,2021-01-12 23:33:58,7,8701.5,4503.97007,0.517608,36042.190319,35783.626426,TRUE,39887.614896,13,2021-01-13 01:44:14,4103.98847,8318,0.493386447463332,TRUE,502,"gn-5_gn-4",TRUE,"transition",6.08762284917728,0.062995361307224,NA,2.20985424044256,68.4685883212873,9.19760655216104,0.466591668263345,0.646167504998036,-0.0832193701841512,2,500
"575",1294189,1294189,880,"2019_Grotenete","gn-3","VR2W-122365",51.130352,4.617316,2021-01-13 01:44:14,2021-01-13 18:47:59,23,38779.5,4186.83712,0.107965,40229.027439,39887.614896,TRUE,46288.624568,17,2021-01-13 21:15:21,6401.009672,70267,0.0910955309320165,TRUE,61425,"gn-4_gn-3",TRUE,"transition",5.87766329656988,1.48865993508538,NA,2.53786436880352,83.5792446988123,9.22972962910119,0.406666838514505,-0.209959552607405,1.42566457377815,2,500
"576",1294189,1294189,883,"2019_Grotenete","gn-2","VR2W-127721",51.135829,4.5937,2021-01-13 19:51:46,2021-01-13 20:15:50,15,35261.5,2138.410314,0.060644,42367.437753,42026.025211,TRUE,46288.624568,17,2021-01-13 21:15:21,4262.599357,5015,0.849969961515453,TRUE,1444,"gn-3_gn-2",TRUE,"transition",5.75317134611872,1.47155285913642,NA,2.47026246364507,94.2838580903615,9.3572430668832,0.377520059391309,-0.124491950451155,-0.017107075948954,2,501
"577",1294189,1294189,884,"2019_Grotenete","bn-2","VR2W-124078",51.117416,4.549158,2021-01-13 21:15:21,2021-01-13 21:19:16,4,4410.5,4262.599357,0.966466,46630.03711,46288.624568,TRUE,50582.614153,18,2021-01-13 22:32:52,4293.989585,4651,0.923240074177597,TRUE,235,"gn-2_bn-2",TRUE,"tidal",5.84582810297034,1.56305579803171,NA,1.75077275147053,121.334975878873,9.27395187937307,0.324996345832399,0.0926567568516186,0.0915029388952917,2,502
"578",1294189,1294189,885,"2019_Grotenete","bn-1","VR2W-122351",51.093001,4.506837,2021-01-13 22:32:52,2021-01-14 02:50:07,33,12251,4293.989585,0.350501,50924.026695,50582.614153,TRUE,55176.559657,23,2021-01-14 22:02:45,4593.945504,84593,0.0543064497535257,TRUE,15435,"bn-2_bn-1",TRUE,"tidal",5.93558033015515,0.758243981989002,NA,1.43237700981968,100.797646023876,9.03972836602207,0.274703394755471,0.0897522271848068,-0.804811816042712,2,502
"579",1294189,1294189,887,"2019_Grotenete","bn-2","VR2W-124078",51.117416,4.549158,2021-01-14 04:17:35,2021-01-14 18:03:20,475,37738,4293.989585,0.113784,55218.01628,46288.624568,TRUE,50582.614153,22,2021-01-14 19:37:01,4293.989585,55166,0.0778376098502701,TRUE,49545,"bn-1_bn-2",FALSE,"tidal",5.6906050683187,0.626649255039718,NA,2.00989557246589,104.263647776753,9.17926128827743,0.32531349974401,-0.244975261836451,-0.131594726949283,2,502
"580",1294189,1294189,889,"2019_Grotenete","bn-1","VR2W-122351",51.093001,4.506837,2021-01-14 19:37:01,2021-01-14 20:18:25,20,31635.5,4293.989585,0.135733,59512.005865,50582.614153,TRUE,55176.559657,23,2021-01-14 22:02:45,4593.945504,8744,0.525382605672461,TRUE,2484,"bn-2_bn-1",TRUE,"tidal",5.65401153985124,32.0170910358463,NA,1.75294618752224,93.4427326363215,9.13194088922308,0.271401353703245,-0.0365935284674572,31.3904417808066,2,503
"581",1294189,1294189,890,"2019_Grotenete","bn-Walem","VR2W-122339",51.07183,4.45474,2021-01-14 22:02:45,2021-01-14 22:17:03,12,7931,4593.945504,0.579239,64105.951369,55176.559657,TRUE,62601.734282,24,2021-01-15 21:07:13,7425.174625,83068,0.0893867027615929,TRUE,858,"bn-1_bn-Walem",TRUE,"tidal",5.77261067729918,17.5885366297144,NA,1.16858890640831,101.463860520119,8.82049018931634,0.21180143494581,0.118599137447937,-14.428554406132,2,504
"582",1294189,1294189,891,"2019_Grotenete","ru-1","VR2W-122328",51.082273,4.366215,2021-01-15 21:07:13,2021-01-15 21:38:39,16,83582,7425.174625,0.088837,71531.125994,62601.734282,TRUE,72606.862417,25,2021-01-24 01:56:04,10005.128135,708531,0.0141209462041887,TRUE,1886,"bn-Walem_ru-1",TRUE,"tidal",5.50321428565374,14.9255761378877,NA,0.355607143303602,67.8285714390544,8.94178571443826,0.0937078562196224,-0.269396391645435,-2.66296049182664,2,505.5
"583",1294189,1294189,892,"2019_Grotenete","s-8","VR2W-127719",51.14222,4.32646,2021-01-24 01:56:04,2021-01-24 02:14:08,11,708130,10305.132502,0.014553,81536.254129,72606.862417,TRUE,78314.023736,26,2021-01-25 02:58:22,5707.16131900001,90138,0.0633158192882026,TRUE,1084,"ru-1_s-8",TRUE,"tidal",5.27647021032913,2.2089483220301,NA,1.075011537194,101.156599785769,9.80851129175911,0.103751945555116,-0.226744075324614,-12.7166278158576,1,517.333333333333
"584",1294189,1294189,893,"2019_Grotenete","s-9","VR2W-122319",51.19069,4.32954,2021-01-25 02:58:22,2021-01-25 03:09:31,6,89930.5,5407.156952,0.060126,87243.415448,78314.023736,TRUE,86022.171044,27,2021-01-26 04:22:42,7708.147308,91460,0.084278890312705,TRUE,669,"s-8_s-9",TRUE,"tidal",5.85953352240375,25.1017876017028,NA,0.653436043873819,63.4880326746656,9.66437029207315,0.152581597109232,0.583063312074621,22.8928392796727,2,529.5
"585",1294189,1294189,894,"2019_Grotenete","s-10a","VR2W-127716",51.235423,4.396673,2021-01-26 04:22:42,2021-01-26 04:33:14,12,91441.5,7708.147308,0.084296,94951.562756,86022.171044,TRUE,104431.172605,28,2021-02-06 12:48:24,18409.001561,980742,0.0187704835328761,TRUE,632,"s-9_s-10a",TRUE,"tidal",5.65742409438464,69.0636286015625,NA,1.86955763036882,58.1165093325113,9.7427461050892,0.158176161743812,-0.202109428019112,43.9618409998597,2,532.5
"586",1294189,1294189,895,"2019_Grotenete","s-STD3","VR2W-134898",51.330504,4.270161,2021-02-06 12:48:24,2021-02-06 13:26:23,26,981565.5,18409.001561,0.018755,113360.564317,104431.172605,TRUE,125923.958763,29,2021-02-13 09:11:55,21492.786158,591811,0.0363169764637697,TRUE,2279,"s-10a_s-STD3",TRUE,"tidal",6.42686854051307,100.345963539233,NA,2.75872931292394,67.7396834061078,9.82512959941072,0.0926451919078716,0.769444446128432,31.2823349376708,1,553.923076923077
"587",1294190,1294190,901,"2019_Grotenete","rel_grotenete1","none",51.144779,5.003906,2020-12-16 12:30:00,2020-12-16 12:30:00,1,NA,NA,NA,0,0,NA,7635.421578,4,2021-01-12 19:03:39,7635.421578,2356419,0.00324026481623175,FALSE,0,"NA_rel_grotenete1",NA,"non-tidal",8.18585299146823,0.554367534664719,NA,4.52421840657125,68.7542391074168,8.45560192903482,0.443172970445468,NA,NA,NA,473
"588",1294190,1294190,902,"2019_Grotenete","gn-14","VR2W-122358",51.138267,4.996319,2020-12-18 21:54:04,2020-12-18 21:57:30,3,206747,1048.509145,0.005071,1048.509145,1048.509145,TRUE,7635.421578,4,2021-01-12 19:03:39,6586.912433,2149775,0.00306400085264737,FALSE,206,"rel_grotenete1_gn-14",TRUE,"non-tidal",7.81526695050341,0.248470416585421,NA,5.28278727780837,98.1416474057071,8.92240950095818,0.42762694096141,-0.370586040964814,-0.305897118079297,1,473
"589",1294190,1294190,903,"2019_Grotenete","gn-13","VR2W-124066",51.119771,4.990306,2020-12-18 23:12:39,2020-12-18 23:17:21,5,4753,2389.94432,0.502829,3438.453465,3438.453465,TRUE,7635.421578,4,2021-01-12 19:03:39,4196.968113,2145060,0.0019565737615731,FALSE,282,"gn-14_gn-13",TRUE,"non-tidal",7.46328254864531,0.851410821192567,NA,4.61188701989731,102.81773924913,8.89332185070668,0.409916525389252,-0.351984401858098,0.602940404607145,2,473
"590",1294190,1294190,904,"2019_Grotenete","gn-11","VR2W-127720",51.09592,4.957142,2021-01-12 19:03:39,2021-01-12 19:06:03,3,2144991,4338.377744,0.002023,7776.831209,7635.421578,TRUE,16419.087288,7,2021-01-20 17:06:35,8783.66571,684176,0.0128383131094923,TRUE,144,"gn-13_gn-11",TRUE,"non-tidal",6.56845382349236,0.784337444065314,NA,3.58893785482766,62.3582784549393,9.07869153012071,0.382430325220981,-0.894828725152952,-0.0670733771272527,1,481.423076923077
"591",1294190,1294190,905,"2019_Grotenete","gn-10","VR2W-122324",51.091558,4.945793,2021-01-12 19:42:40,2021-01-12 19:44:18,2,2318,1107.062052,0.477594,8883.893261,8742.48363,TRUE,16419.087288,7,2021-01-20 17:06:35,7676.603658,681835,0.0112587409827891,TRUE,98,"gn-11_gn-10",TRUE,"non-tidal",6.12366339289111,0.134708152531673,NA,3.01270130491993,109.320555831519,9.00568275642933,0.489776786347424,-0.444790430601256,-0.649629291533641,2,500
"592",1294190,1294190,906,"2019_Grotenete","gn-9","VR2W-127109",51.081153,4.913762,2021-01-12 21:06:17,2021-01-12 21:07:56,2,5017.5,2855.524863,0.569113,11739.418124,11598.008493,TRUE,16419.087288,7,2021-01-20 17:06:35,4821.078795,676818,0.00712315392764377,TRUE,99,"gn-10_gn-9",TRUE,"non-tidal",6.11327278613798,0.0642493451657344,NA,2.67583340841409,103.846438874975,9.09693493928258,0.531553284511022,-0.010390606753127,-0.0704588073659383,2,500
"593",1294190,1294190,907,"2019_Grotenete","gn-8","VR2W-122348",51.070653,4.851284,2021-01-20 17:06:35,2021-01-20 17:07:39,2,676800.5,4879.655927,0.00721,16619.074051,16419.087288,TRUE,21357.312272,8,2021-01-20 20:55:23,4938.224984,13728,0.359719185897436,TRUE,64,"gn-9_gn-8",TRUE,"non-tidal",5.16511183300772,1.23674206481321,NA,2.3193053975712,95.6873556354956,9.54197375566301,0.632387677659434,-0.948160953130258,1.17249271964748,1,509.444444444444
"594",1294190,1294190,908,"2019_Grotenete","gn-7","VR2W-122340",51.061848,4.787587,2021-01-20 20:55:23,2021-01-20 20:56:53,2,13741,4938.224983,0.359379,21557.299034,21357.312272,TRUE,31338.233487,10,2021-01-22 02:10:42,9980.921215,105319,0.0947684768655229,TRUE,90,"gn-8_gn-7",TRUE,"non-tidal",6.04923056353169,1.4607388620295,NA,2.27845361573689,73.3112291497844,9.91206964053904,0.893820265289613,0.884118730523971,0.22399679721629,2,520
"595",1294190,1294190,909,"2019_Grotenete","gn-6","VR2W-122333",51.078636,4.757592,2021-01-21 01:04:29,2021-01-21 01:08:30,4,15021.5,3296.955011,0.219482,24854.254045,24654.267283,TRUE,31338.233487,10,2021-01-22 02:10:42,6683.966204,90373,0.0739597690018036,TRUE,241,"gn-7_gn-6",TRUE,"non-tidal",6.03203436088646,1.33004231237698,NA,2.04897241028667,90.8905512401836,9.92475336264011,0.715035129689847,-0.017196202645235,-0.130696549652528,2,520
"596",1294190,1294190,910,"2019_Grotenete","gn-5","VR2W-122332",51.125942,4.718199,2021-01-22 02:10:42,2021-01-22 02:13:36,3,90339.5,6683.966204,0.073987,31538.220249,31338.233487,TRUE,35783.626426,11,2021-01-22 04:56:38,4445.392939,9956,0.446503911108879,TRUE,174,"gn-6_gn-5",TRUE,"transition",6.18919606487418,0.514463020824085,NA,1.67641927226607,88.6016992498221,9.95976986524854,0.542594671312176,0.157161703987725,-0.815579291552892,2,521.5
"597",1294190,1294190,911,"2019_Grotenete","gn-4","VR2W-122353",51.135075,4.664932,2021-01-22 04:56:38,2021-01-22 05:01:40,5,10020,4503.97007,0.449498,36042.190319,35783.626426,TRUE,39887.614896,12,2021-01-22 18:06:05,4103.98847,47367,0.0866423558595646,TRUE,302,"gn-5_gn-4",TRUE,"transition",6.39741675344644,0.243912636476864,NA,1.25500524982472,49.2146075420943,9.42332785005053,0.472580091599325,0.208220688572263,-0.270550384347221,2,523
"598",1294190,1294190,912,"2019_Grotenete","gn-3","VR2W-122365",51.130352,4.617316,2021-01-22 18:06:05,2021-01-22 18:11:41,5,47384,4186.83712,0.08836,40229.027439,39887.614896,TRUE,46288.624568,14,2021-01-23 01:34:11,6401.009672,26886,0.238079657516923,TRUE,336,"gn-4_gn-3",TRUE,"transition",6.31100099284167,0.0665500210303882,NA,1.4440114141792,59.4400321267861,9.45469380630689,0.411581932607312,-0.08641576060477,-0.177362615446476,2,524.5
"599",1294190,1294190,913,"2019_Grotenete","gn-2","VR2W-127721",51.135829,4.5937,2021-01-22 19:39:25,2021-01-23 00:15:47,169,13723,2138.410314,0.155827,42367.437753,42026.025211,TRUE,46288.624568,14,2021-01-23 01:34:11,4262.599357,21286,0.200253657662313,TRUE,16582,"gn-3_gn-2",TRUE,"transition",6.3219861081077,1.57833574066315,NA,1.54092426187973,41.3519748932147,9.16492412196088,0.380745380159883,0.0109851152660303,1.51178571963276,2,526
"600",1294190,1294190,914,"2019_Grotenete","bn-2","VR2W-124078",51.117416,4.549158,2021-01-23 01:34:11,2021-01-23 01:53:42,17,13580.5,4262.599357,0.313876,46630.03711,46288.624568,TRUE,50582.614153,15,2021-01-23 03:26:56,4293.989585,6765,0.634736080561715,TRUE,1171,"gn-2_bn-2",TRUE,"tidal",6.15261071416101,20.2830799874236,NA,1.41359817261178,53.2204373342167,9.22332818728987,0.326522072991335,-0.169375393946699,18.7047442467604,2,526
"601",1294190,1294190,915,"2019_Grotenete","bn-1","VR2W-122351",51.093001,4.506837,2021-01-23 03:26:56,2021-01-23 03:44:00,14,6691.5,4293.989585,0.641708,50924.026695,50582.614153,TRUE,55176.559657,16,2021-01-23 17:53:11,4593.945504,51975,0.0883875998845598,TRUE,1024,"bn-2_bn-1",TRUE,"tidal",6.35291599784562,1.76903711606571,NA,0.939335580105123,72.6141080570204,9.1666332439968,0.275535333014692,0.200305283684616,-18.5140428713579,2,526
"602",1294190,1294190,916,"2019_Grotenete","bn-Walem","VR2W-122339",51.07183,4.45474,2021-01-23 17:53:11,2021-01-24 00:40:26,35,63680.5,4593.945504,0.072141,55517.972199,55176.559657,TRUE,62601.734282,18,2021-01-24 03:42:00,7425.174625,35329,0.210172227490164,TRUE,24435,"bn-1_bn-Walem",TRUE,"tidal",6.30090583827243,0.86534083527716,NA,0.841586997729213,58.0964731018807,9.04842935370375,0.226139558504038,-0.0520101595731912,-0.903696280788553,2,527
"603",1294190,1294190,918,"2019_Grotenete","ru-1","VR2W-122328",51.082273,4.366215,2021-01-24 03:42:00,2021-01-24 04:16:46,23,24154.5,7425.174625,0.307403,62943.146824,62601.734282,TRUE,78314.023736,19,2021-01-24 16:29:56,15712.289454,46076,0.34100810517406,TRUE,2086,"bn-Walem_ru-1",TRUE,"tidal",6.31219512166473,0.721088654182073,NA,0.33012195154101,57.7926829293776,8.85000000023318,0.134366482736842,0.0112892833923031,-0.144252181095087,2,528
"604",1294190,1294190,919,"2019_Grotenete","s-9","VR2W-122319",51.19069,4.32954,2021-01-24 16:29:56,2021-01-24 17:00:00,12,45935,15712.289454,0.342055,78655.436278,78314.023736,TRUE,86022.171044,20,2021-01-25 03:40:43,7708.147308,40247,0.191521040276294,TRUE,1804,"ru-1_s-9",TRUE,"tidal",5.8713258334097,55.9035751943281,NA,0.659856263181546,62.983121968586,9.64970375375525,0.152444392513295,-0.440869288255031,55.182486540146,2,529.5
"605",1294190,1294190,920,"2019_Grotenete","s-10a","VR2W-127716",51.235423,4.396673,2021-01-25 03:40:43,2021-01-25 04:15:47,9,40397,7708.147308,0.19081,86363.583586,86022.171044,TRUE,104431.172605,21,2021-01-26 05:36:23,18409.001561,93340,0.197225214923934,TRUE,2104,"s-9_s-10a",TRUE,"tidal",5.68471003908075,28.893780005275,NA,1.80704890474881,51.0728167097202,9.73072795486155,0.164623560519201,-0.186615794328953,-27.0097951890531,2,531
"606",1294190,1294190,921,"2019_Grotenete","s-STD3","VR2W-134898",51.330504,4.270161,2021-01-26 05:36:23,2021-01-26 05:52:57,5,92785,18409.001561,0.198405,104772.585147,104431.172605,TRUE,168963.81643,22,2021-01-30 04:10:04,64532.643825,340421,0.18956716484882,TRUE,994,"s-10a_s-STD3",TRUE,"tidal",6.04227315247269,2.29962846508859,NA,4.26064836149969,53.0300171967491,10.2586075390409,0.0661945463669948,0.357563113391936,-26.5941515401864,2,532.5
"607",1294191,1294191,923,"2019_Grotenete","rel_grotenete1","none",51.144779,5.003906,2020-12-18 10:35:00,2020-12-18 10:35:00,1,NA,NA,NA,0,0,NA,7635.421578,4,2020-12-23 20:09:46,7635.421578,466486,0.0163679544037763,TRUE,0,"NA_rel_grotenete1",NA,"non-tidal",8.21961806321164,0.888608805632237,NA,4.4970592309347,95.9612427676887,8.78660913957493,0.419847310831889,NA,NA,NA,473
"608",1294191,1294191,924,"2019_Grotenete","gn-14","VR2W-122358",51.138267,4.996319,2020-12-23 17:05:37,2020-12-23 17:09:38,4,455557.5,1048.509145,0.002302,1048.509145,1048.509145,TRUE,7635.421578,4,2020-12-23 20:09:46,6586.912433,11049,0.596154623314327,TRUE,241,"rel_grotenete1_gn-14",TRUE,"non-tidal",8.30522939814062,0.48959644423985,NA,4.9980479498249,81.058522017287,9.12700846634948,0.412681191658522,0.0856113349289878,-0.399012361392387,1,473
"609",1294191,1294191,925,"2019_Grotenete","gn-13","VR2W-124066",51.119771,4.990306,2020-12-23 18:06:57,2020-12-23 18:08:00,2,3591,2389.94432,0.665537,3438.453465,3438.453465,TRUE,7635.421578,4,2020-12-23 20:09:46,4196.968113,7369,0.56954377975302,TRUE,63,"gn-14_gn-13",TRUE,"non-tidal",10.3920191752512,0.364905999518035,NA,3.59288369088719,35.945312349223,8.56846982738429,0.459356908109556,2.08678977711059,-0.124690444721814,2,473
"610",1294191,1294191,926,"2019_Grotenete","gn-11","VR2W-127720",51.09592,4.957142,2020-12-23 20:09:46,2020-12-23 20:12:16,3,7412.5,4338.377744,0.585279,7776.831209,7635.421578,TRUE,16419.087288,7,2020-12-23 23:32:18,8783.66571,12152,0.722816467248189,TRUE,150,"gn-13_gn-11",TRUE,"non-tidal",10.1095104381518,0.0475691272480837,NA,4.22508385587973,46.5092606455115,8.68811490121104,0.436290071937879,-0.282508737099441,-0.317336872269952,2,473
"611",1294191,1294191,927,"2019_Grotenete","gn-10","VR2W-122324",51.091558,4.945793,2020-12-23 20:38:38,2020-12-23 20:41:25,3,1740.5,1107.062052,0.63606,8883.893261,8742.48363,TRUE,16419.087288,7,2020-12-23 23:32:18,7676.603658,10420,0.73671820134357,TRUE,167,"gn-11_gn-10",TRUE,"non-tidal",10.0079274243821,0.0461878697995805,NA,4.644733546002,59.2902904167479,8.90123844807152,0.420899472016347,-0.101583013769643,-0.00138125744850319,2,473
"612",1294191,1294191,928,"2019_Grotenete","gn-9","VR2W-127109",51.081153,4.913762,2020-12-23 21:39:23,2020-12-23 21:40:36,2,3598,2855.524863,0.793642,11739.418124,11598.008493,TRUE,16419.087288,7,2020-12-23 23:32:18,4821.078795,6775,0.711598346125461,TRUE,73,"gn-10_gn-9",TRUE,"non-tidal",9.74549522286598,1.61742173705265,NA,4.9210571582012,76.6742645301606,9.23337291397217,0.489980970003813,-0.262432201516141,1.57123386725307,2,473
"613",1294191,1294191,929,"2019_Grotenete","gn-8","VR2W-122348",51.070653,4.851284,2020-12-23 23:32:18,2020-12-23 23:33:18,2,6768.5,4879.655927,0.720936,16619.074051,16419.087288,TRUE,21357.312272,8,2020-12-24 01:25:31,4938.224984,6793,0.726957895480642,TRUE,60,"gn-9_gn-8",TRUE,"non-tidal",9.45370534389732,1.1890989543175,NA,5.24967842846118,48.3015757653207,9.38145915296771,0.634150970026429,-0.291789878968663,-0.42832278273515,2,473
"614",1294191,1294191,930,"2019_Grotenete","gn-7","VR2W-122340",51.061848,4.787587,2020-12-24 01:25:31,2020-12-24 01:39:52,11,7193.5,4938.224983,0.686484,21557.299034,21357.312272,FALSE,31338.233487,10,2021-01-12 23:57:17,9980.921215,1722706,0.00579374612673318,TRUE,861,"gn-8_gn-7",TRUE,"non-tidal",9.31409925807393,0.104862963747942,NA,4.66709670222917,66.3240454623468,9.19339250201615,0.902624693439187,-0.139606085823392,-1.08423599056955,2,473
"615",1294191,1294191,931,"2019_Grotenete","gn-6","VR2W-122333",51.078636,4.757592,2021-01-12 20:34:10,2021-01-12 20:38:42,4,1710224.5,3296.955011,0.001928,24854.254045,24654.267283,TRUE,31338.233487,10,2021-01-12 23:57:17,6683.966204,12187,0.548450496758841,TRUE,272,"gn-7_gn-6",TRUE,"non-tidal",6.62025573146685,0.0922800047428281,NA,2.99565366719386,58.7060138573395,9.03581493761758,0.717094647567664,-2.69384352660708,-0.0125829590051141,1,483.428571428571
"616",1294191,1294191,932,"2019_Grotenete","gn-5","VR2W-122332",51.125942,4.718199,2021-01-12 23:57:17,2021-01-12 23:59:56,3,12130.5,6683.966204,0.551005,31538.220249,31338.233487,TRUE,35783.626426,11,2021-01-13 01:59:53,4445.392939,7356,0.604322041734639,TRUE,159,"gn-6_gn-5",TRUE,"transition",6.0808787686008,0.062433534820949,NA,2.35158909554372,70.8462287506058,9.21045960493812,0.541063578423662,-0.539376962866051,-0.029846469921879,2,500
"617",1294191,1294191,933,"2019_Grotenete","gn-4","VR2W-122353",51.135075,4.664932,2021-01-13 01:59:53,2021-01-13 02:06:15,6,7467.5,4503.97007,0.603143,36042.190319,35783.626426,TRUE,39887.614896,12,2021-01-13 19:49:13,4103.98847,64160,0.0639649075748129,TRUE,382,"gn-5_gn-4",TRUE,"transition",5.99353392691134,1.62666456771133,NA,2.76239718067696,55.352351265909,9.13982614259907,0.465766809507451,-0.087344841689454,1.56423103289038,2,500
"618",1294191,1294191,934,"2019_Grotenete","gn-3","VR2W-122365",51.130352,4.617316,2021-01-13 19:49:13,2021-01-13 19:55:25,7,64155,4186.83712,0.065261,40229.027439,39887.614896,TRUE,46288.624568,14,2021-01-13 22:07:35,6401.009672,8302,0.771020196579138,TRUE,372,"gn-4_gn-3",TRUE,"transition",5.78808345831671,1.54638225237972,NA,2.54997053354923,93.8437036577153,9.31890465481588,0.406329354728622,-0.205450468594628,-0.0802823153316055,2,501
"619",1294191,1294191,935,"2019_Grotenete","gn-2","VR2W-127721",51.135829,4.5937,2021-01-13 20:49:23,2021-01-13 21:09:13,12,4019,2138.410314,0.532075,42367.437753,42026.025211,TRUE,46288.624568,14,2021-01-13 22:07:35,4262.599357,4692,0.908482386402387,TRUE,1190,"gn-3_gn-2",TRUE,"transition",5.81086470382896,1.36873016187377,NA,1.96288516066883,119.48270802132,9.27712844335547,0.377550481725094,0.0227812455122463,-0.177652090505948,2,502
"620",1294191,1294191,936,"2019_Grotenete","bn-2","VR2W-124078",51.117416,4.549158,2021-01-13 22:07:35,2021-01-13 22:11:49,4,4224,4262.599357,1.009138,46630.03711,46288.624568,TRUE,50582.614153,15,2021-01-13 23:16:49,4293.989585,4154,1.03369994824266,TRUE,254,"gn-2_bn-2",TRUE,"tidal",5.90031734410997,0.758243981989002,NA,1.533119387282,120.885626209021,9.2589143175813,0.325142276650988,0.0894526402810145,-0.61048617988477,2,502
"621",1294191,1294191,937,"2019_Grotenete","bn-1","VR2W-122351",51.093001,4.506837,2021-01-13 23:16:49,2021-01-14 05:35:50,19,15397.5,4293.989585,0.278876,50924.026695,50582.614153,TRUE,55176.559657,18,2021-01-14 06:44:35,4593.945504,26866,0.170994770490583,TRUE,22741,"bn-2_bn-1",TRUE,"tidal",5.90734313645041,0.626649255039718,NA,1.63587168494372,86.1088804121939,9.01556832210441,0.274733566284673,0.00702579234043643,-0.131594726949283,2,502
"622",1294191,1294191,940,"2019_Grotenete","bn-Walem","VR2W-122339",51.07183,4.45474,2021-01-14 06:44:35,2021-01-14 06:54:24,9,15790,4593.945504,0.29094,55517.972199,55176.559657,TRUE,62601.734282,19,2021-01-14 08:40:53,7425.174625,6978,1.06408349455431,TRUE,589,"bn-1_bn-Walem",TRUE,"tidal",5.54600983308331,33.536402780099,NA,1.7485530079234,96.1924772729204,9.26812474083754,0.222149145670088,-0.361333303367096,32.9097535250593,2,502
"623",1294191,1294191,941,"2019_Grotenete","ru-1","VR2W-122328",51.082273,4.366215,2021-01-14 08:40:53,2021-01-14 08:46:40,5,6857,7425.174625,1.082861,62943.146824,62601.734282,TRUE,72606.862417,20,2021-01-14 16:05:05,10005.128135,26652,0.375398774388414,TRUE,347,"bn-Walem_ru-1",TRUE,"tidal",5.93749999982312,19.3409573558431,NA,0.328750000517712,107.125000007197,8.60416666684746,0.118539472639419,0.391490166739808,-14.195445424256,2,502
"624",1294191,1294191,942,"2019_Grotenete","s-8","VR2W-127719",51.14222,4.32646,2021-01-14 16:05:05,2021-01-14 17:14:19,4,28555.5,10305.132502,0.360881,72948.274959,72606.862417,TRUE,78314.023736,22,2021-01-14 18:31:57,5707.16131900001,8812,0.647657889128462,TRUE,4154,"ru-1_s-8",TRUE,"tidal",5.48045849441191,5.39575793040094,NA,1.22981665645755,102.80997435392,9.40729343198361,0.125116297456656,-0.457041505411208,-13.9451994254421,2,503
"625",1294191,1294191,944,"2019_Grotenete","s-9","VR2W-122319",51.19069,4.32954,2021-01-14 18:31:57,2021-01-14 18:33:09,2,6771,5407.156952,0.798576,78655.436278,78314.023736,TRUE,100575.552435,23,2021-01-16 19:02:00,22261.528699,174603,0.127497973683156,TRUE,72,"s-8_s-9",TRUE,"tidal",5.32792877984589,2.99324948346516,NA,1.42401922738166,123.296154259348,9.58808168691553,0.1674793174686,-0.152529714566024,-2.40250844693578,2,504
"626",1294191,1294191,945,"2019_Grotenete","s-12","VR2W-127732",51.30305,4.28731,2021-01-16 19:02:00,2021-01-16 19:07:30,3,174732,22261.528699,0.127404,100916.964977,100575.552435,TRUE,125923.958763,24,2021-01-17 08:49:25,25348.406328,49645,0.510593339268808,TRUE,330,"s-9_s-12",TRUE,"tidal",6.22507775219468,98.4712227975261,NA,7.87256597850386,94.6348913331148,9.75941199559743,0.110000398767303,0.897148972348794,95.4779733140609,2,506.666666666667
"627",1305784,1305784,950,"2019_Grotenete","rel_grotenete1","none",51.144779,5.003906,2019-10-10 11:30:00,2019-10-10 11:30:00,1,NA,NA,NA,0,0,NA,7635.421578,4,2019-11-28 03:56:49,7635.421578,4206409,0.00181518762868756,FALSE,0,"NA_rel_grotenete1",NA,"non-tidal",15.0271540629825,0.0606594356373183,NA,6.03802231940315,50.1827862455996,6.3084801427078,0.404309724896595,NA,NA,NA,664
"628",1305784,1305784,951,"2019_Grotenete","gn-14","VR2W-122358",51.138267,4.996319,2019-11-28 00:41:44,2019-11-28 00:43:32,3,4194758,1048.509145,0.00025,1048.509145,1048.509145,TRUE,7635.421578,4,2019-11-28 03:56:49,6586.912433,11705,0.562743479965827,TRUE,108,"rel_grotenete1_gn-14",TRUE,"non-tidal",10.0101347904398,0.0321023853056462,NA,5.53316917223778,96.3310726677693,7.27978033902961,0.382216506852924,-5.0170192725427,-0.0285570503316721,1,576.62
"629",1305784,1305784,952,"2019_Grotenete","gn-13","VR2W-124066",51.119771,4.990306,2019-11-28 01:45:07,2019-11-28 01:48:38,4,3854.5,2389.94432,0.62004,3438.453465,3438.453465,TRUE,7635.421578,4,2019-11-28 03:56:49,4196.968113,7902,0.531127323842066,TRUE,211,"gn-14_gn-13",TRUE,"non-tidal",9.47439687111899,0.179563675262909,NA,5.16153163670292,70.7548494347066,8.60476866355243,0.405481351209409,-0.535737919320818,0.147461289957263,2,501
"630",1305784,1305784,953,"2019_Grotenete","gn-11","VR2W-127720",51.09592,4.957142,2019-11-28 03:56:49,2019-11-28 03:59:15,3,7869.5,4338.377744,0.55129,7776.831209,7635.421578,TRUE,21357.312272,7,2019-11-29 01:42:52,13721.890694,78363,0.175106755662749,TRUE,146,"gn-13_gn-11",TRUE,"non-tidal",9.26678171938305,1.28869918552417,NA,6.54945396477332,113.121920399161,9.00398339008647,0.365620416185216,-0.207615151735945,1.10913551026127,2,501
"631",1305784,1305784,954,"2019_Grotenete","gn-10","VR2W-122324",51.091558,4.945793,2019-11-28 04:21:26,2019-11-28 04:24:03,3,1482.5,1107.062052,0.746753,8883.893261,8742.48363,TRUE,21357.312272,7,2019-11-29 01:42:52,12614.828642,76886,0.1640718549801,TRUE,157,"gn-11_gn-10",TRUE,"non-tidal",9.24589069527834,0.864368639961184,NA,8.13079292153515,95.6018577998271,9.22005436649204,0.338711034874545,-0.0208910241047047,-0.42433054556299,2,501
"632",1305784,1305784,955,"2019_Grotenete","gn-9","VR2W-127109",51.081153,4.913762,2019-11-28 22:34:33,2019-11-28 22:37:02,3,65583,2855.524863,0.043541,11739.418124,11598.008493,TRUE,21357.312272,7,2019-11-29 01:42:52,9759.303779,11299,0.863731638109567,TRUE,149,"gn-10_gn-9",TRUE,"non-tidal",9.23195350923658,0.633070279522162,NA,5.83436275790057,101.470171360532,8.7367096918054,0.433991938233999,-0.0139371860417654,-0.231298360439022,2,500
"633",1305784,1305784,956,"2019_Grotenete","gn-7","VR2W-122340",51.061848,4.787587,2019-11-29 01:42:52,2019-11-29 01:46:55,5,11346,9817.88091,0.865316,21557.299034,21357.312272,TRUE,31338.233487,9,2019-11-29 05:39:23,9980.921215,14191,0.703327546684518,TRUE,243,"gn-9_gn-7",TRUE,"non-tidal",9.19044064098053,0.0413721677546744,NA,4.19664610555408,80.751097061561,8.01446248986964,0.912782657723436,-0.0415128682560422,-0.591698111767488,2,499
"634",1305784,1305784,957,"2019_Grotenete","gn-6","VR2W-122333",51.078636,4.757592,2019-11-29 02:59:52,2019-11-29 03:00:53,2,4529,3296.955011,0.727965,24854.254045,24654.267283,TRUE,31338.233487,9,2019-11-29 05:39:23,6683.966204,9571,0.698356096959565,TRUE,61,"gn-7_gn-6",TRUE,"non-tidal",9.11519970264337,0.0369026153404406,NA,4.78437815308269,72.0798251474849,8.19095528223701,0.711522036713602,-0.0752409383371671,-0.00446955241423376,2,499
"635",1305784,1305784,958,"2019_Grotenete","gn-5","VR2W-122332",51.125942,4.718199,2019-11-29 05:39:23,2019-11-29 19:45:39,13,34928.5,6683.966204,0.191361,31538.220249,31338.233487,TRUE,35783.626426,11,2019-11-29 21:46:27,4445.392939,58024,0.0766130039121743,TRUE,50776,"gn-6_gn-5",TRUE,"transition",8.96359334077141,1.09466754510017,NA,5.0618978905972,107.511202720257,8.35905648463553,0.517037141674776,-0.151606361871954,1.05776492975973,2,498
"636",1305784,1305784,960,"2019_Grotenete","gn-4","VR2W-122353",51.135075,4.664932,2019-11-29 21:46:27,2019-11-29 21:51:20,6,32782.5,4503.97007,0.137389,36042.190319,35783.626426,TRUE,39887.614896,12,2019-11-29 23:19:37,4103.98847,5590,0.734166094812164,TRUE,293,"gn-5_gn-4",TRUE,"transition",8.88506793208939,1.01443659277253,NA,4.85088051786975,111.368128458014,8.18364529970348,0.436736126941519,-0.078525408682026,-0.0802309523276479,2,497
"637",1305784,1305784,961,"2019_Grotenete","gn-3","VR2W-122365",51.130352,4.617316,2019-11-29 23:19:37,2019-11-29 23:24:17,6,5583.5,4186.83712,0.749859,40229.027439,39887.614896,TRUE,44215.902021,14,2019-11-30 00:53:24,4328.287125,5627,0.769199773413898,TRUE,280,"gn-4_gn-3",TRUE,"transition",8.89365826605382,0.987689798458995,NA,3.43101525883619,104.282595755592,7.55214277681067,0.37006741608797,0.00859033396442932,-0.026746794313532,2,497
"638",1305784,1305784,962,"2019_Grotenete","gn-2","VR2W-127721",51.135829,4.5937,2019-11-30 00:15:37,2019-11-30 00:33:15,14,3749,2138.410314,0.570395,42367.437753,42026.025211,TRUE,46288.624568,15,2019-11-30 01:27:22,4262.599357,4305,0.99015083786295,TRUE,1058,"gn-3_gn-2",TRUE,"transition",8.96191643611567,0.445076829316423,NA,2.95127427746577,83.7305817729619,7.38838924885544,0.338601687040136,0.0682581700618563,-0.542612969142572,2,497
"639",1305784,1305784,963,"2019_Grotenete","bn-3","VR2W-124063",51.126391,4.571903,2019-11-30 00:53:24,2019-11-30 00:57:12,4,1852,2189.87681,1.182439,44557.314563,44215.902021,TRUE,50582.614153,19,2019-12-01 01:11:17,6366.712132,87473,0.0727848837012564,TRUE,228,"gn-2_bn-3",TRUE,"tidal",8.96661639457706,0.358064753825883,NA,2.77940461883935,61.4820453547155,7.27807523476851,0.310365977885571,0.00469995846139248,-0.0870120754905398,2,497
"640",1305784,1305784,964,"2019_Grotenete","bn-2","VR2W-124078",51.117416,4.549158,2019-11-30 01:27:22,2019-11-30 04:32:55,14,7490.5,2072.722547,0.276714,46630.03711,46288.624568,TRUE,50582.614153,19,2019-12-01 01:11:17,4293.989585,85435,0.0502603100017558,TRUE,11133,"bn-3_bn-2",TRUE,"tidal",8.90624511762814,19.1625597718148,NA,3.10797821523757,63.5069771715903,7.31944108578246,0.284162477318455,-0.0603712769489224,18.8044950179889,2,497
"641",1305784,1305784,966,"2019_Grotenete","bn-3","VR2W-124063",51.126391,4.571903,2019-11-30 23:31:19,2019-11-30 23:36:04,5,74013,2072.722547,0.028005,48702.759657,44215.902021,TRUE,50582.614153,19,2019-12-01 01:11:17,6366.712132,5998,1.06147251283761,TRUE,285,"bn-2_bn-3",FALSE,"tidal",8.4871242387706,10.0098715527287,NA,3.80138703914348,106.00655406779,7.88011711631611,0.306454070946533,-0.419120878857541,-9.15268821908607,2,496
"642",1305784,1305784,967,"2019_Grotenete","bn-2","VR2W-124078",51.117416,4.549158,2019-12-01 00:05:31,2019-12-01 00:10:52,6,2070,2072.722547,1.001315,50775.482204,46288.624568,TRUE,50582.614153,19,2019-12-01 01:11:17,4293.989585,3946,1.08818793335023,TRUE,321,"bn-3_bn-2",TRUE,"tidal",8.33358906212757,8.31014312820769,NA,2.5986315823236,84.6303712337664,7.62097974651266,0.275587735648521,-0.153535176643027,-1.69972842452105,2,495
"643",1305784,1305784,968,"2019_Grotenete","bn-1","VR2W-122351",51.093001,4.506837,2019-12-01 01:11:17,2019-12-01 06:02:40,95,12527,4293.989585,0.342779,55069.471789,50582.614153,TRUE,55176.559657,21,2019-12-01 08:15:43,4593.945504,25466,0.180395252650593,TRUE,17483,"bn-2_bn-1",TRUE,"tidal",8.36882778418519,0.724788919766283,NA,2.44721086014745,60.8344749694294,7.45830938279789,0.221317917188602,0.0352387220576169,-7.58535420844141,2,495
"644",1305784,1305784,970,"2019_Grotenete","bn-Walem","VR2W-122339",51.07183,4.45474,2019-12-01 08:15:43,2019-12-01 08:26:56,13,17061,4593.945504,0.269266,59663.417293,55176.559657,TRUE,62601.734282,22,2019-12-01 10:32:06,7425.174625,8183,0.907390275571306,TRUE,673,"bn-1_bn-Walem",TRUE,"tidal",8.19944411208112,0.351597708358933,NA,2.9859120432231,103.484319544574,7.84974880046356,0.165535382978905,-0.169383672104066,-0.37319121140735,2,495
"645",1305784,1305784,971,"2019_Grotenete","ru-1","VR2W-122328",51.082273,4.366215,2019-12-01 10:32:06,2019-12-01 10:49:30,17,8368.5,7425.174625,0.887277,67088.591918,62601.734282,TRUE,72906.866784,24,2019-12-01 19:52:14,10305.132502,33608,0.306627365567722,TRUE,1044,"bn-Walem_ru-1",TRUE,"tidal",8.44482758597209,0.290577238000411,NA,0.52620689757003,95.1379310510586,7.05862068998796,0.0563858183744644,0.245383473890961,-0.0610204703585219,2,495
"646",1305784,1305784,972,"2019_Grotenete","me-7-2b","VR2W-113524",51.1008,4.330483,2019-12-01 11:29:42,2019-12-01 11:51:03,13,3574.5,3445.459128,0.9639,70534.051046,66047.19341,TRUE,72906.866784,24,2019-12-01 19:52:14,6859.67337399999,30152,0.227503096776333,TRUE,1281,"ru-1_me-7-2b",TRUE,"tidal",8.26664203410879,15.5508288152243,NA,1.54385217075729,88.6289587561994,7.32170792712203,0.0844597796475279,-0.178185551863297,15.2602515772239,2,495
"647",1305784,1305784,973,"2019_Grotenete","s-8","VR2W-112295",51.14319,4.33078,2019-12-01 19:52:14,2019-12-01 19:52:14,1,29511.5,6859.673374,0.232441,77393.72442,72906.866784,TRUE,78555.442897,25,2019-12-01 20:58:42,5648.576113,3988,1.41639320787362,TRUE,0,"me-7-2b_s-8",TRUE,"tidal",7.99000000022918,12.6136115989358,NA,3.01601843545027,127.876902253637,8.14883482353862,0.0254740937480762,-0.276642033879606,-2.93721721628851,2,494
"648",1305784,1305784,974,"2019_Grotenete","s-9","VR2W-127738",51.19068,4.33602,2019-12-01 20:58:42,2019-12-01 21:11:24,17,4369,5407.156952,1.237619,83042.300533,78555.442897,TRUE,86022.171044,26,2019-12-01 22:36:34,7466.728147,5872,1.27158176890327,TRUE,762,"s-8_s-9",TRUE,"tidal",7.9329430327871,0.959615664671477,NA,4.62052877065127,220.26408392544,8.56910101356558,0.0892487213884711,-0.0570569674420858,-11.6539959342643,2,493
"649",1305784,1305784,975,"2019_Grotenete","s-10a","VR2W-127716",51.235423,4.396673,2019-12-01 22:36:34,2019-12-01 22:42:43,9,5675.5,7708.147308,1.358144,90509.02868,86022.171044,TRUE,100575.552435,27,2019-12-02 08:54:16,14553.381391,37062,0.392676633506017,TRUE,369,"s-9_s-10a",TRUE,"tidal",8.23625339944359,0.510542298315902,NA,5.99197571213231,173.520876870275,8.50636652502199,0.11362824502201,0.303310366656489,-0.449073366355575,2,493
"650",1305784,1305784,976,"2019_Grotenete","s-12","VR2W-127732",51.30305,4.28731,2019-12-02 08:54:16,2019-12-02 08:57:57,3,36988,14553.381391,0.393462,105062.410071,100575.552435,TRUE,125171.186063,28,2019-12-02 22:53:13,24595.633628,50337,0.488619377952599,TRUE,221,"s-10a_s-12",TRUE,"tidal",8.76875595653639,22.0586003952822,NA,14.4209190094733,78.4043841482648,9.06304162103427,0.0774350479678438,0.532502557092801,21.5480580969663,2,493
"651",1305785,1305785,991,"2019_Grotenete","rel_grotenete1","none",51.144779,5.003906,2019-10-08 09:00:00,2019-10-08 09:00:00,1,NA,NA,NA,0,0,NA,7635.421578,4,2019-10-09 03:48:33,7635.421578,67713,0.112761531434141,TRUE,0,"NA_rel_grotenete1",NA,"non-tidal",13.4390803024749,0.0602284214525053,NA,6.48495498190955,46.1859031956385,4.03093295302967,0.399844551705167,NA,NA,NA,672
"652",1305785,1305785,992,"2019_Grotenete","gn-14","VR2W-122358",51.138267,4.996319,2019-10-08 18:43:30,2019-10-08 18:44:51,2,35050.5,1048.509145,0.029914,1048.509145,1048.509145,TRUE,7635.421578,4,2019-10-09 03:48:33,6586.912433,32703,0.201416152432499,TRUE,81,"rel_grotenete1_gn-14",TRUE,"non-tidal",13.1738464572632,0.0335289745979364,NA,6.32569614910762,44.7294104339946,6.80982191622535,0.43356789284763,-0.265233845211721,-0.0266994468545688,1,670
"653",1305785,1305785,993,"2019_Grotenete","gn-13","VR2W-124066",51.119771,4.990306,2019-10-08 19:35:06,2019-10-08 19:39:04,4,3174.5,2389.94432,0.752857,3438.453465,3438.453465,TRUE,7635.421578,4,2019-10-09 03:48:33,4196.968113,29607,0.141755939912858,TRUE,238,"gn-14_gn-13",TRUE,"non-tidal",13.5201032381307,0.178436946522747,NA,4.86552994692638,28.518086110161,6.40642944230931,0.424611441113919,0.346256780867503,0.144907971924811,2,668
"654",1305785,1305785,994,"2019_Grotenete","gn-11","VR2W-127720",51.09592,4.957142,2019-10-09 03:48:33,2019-10-09 03:52:12,5,29597.5,4338.377744,0.146579,7776.831209,7635.421578,TRUE,21357.312272,7,2019-10-13 01:19:21,13721.890694,336648,0.0407603511501628,TRUE,219,"gn-13_gn-11",TRUE,"non-tidal",13.9860118506423,1.3418706387921,NA,6.6403018500038,48.8733599149012,6.95547289901641,0.375512019692779,0.465908612511592,1.16343369226935,2,668
"655",1305785,1305785,995,"2019_Grotenete","gn-10","VR2W-122324",51.091558,4.945793,2019-10-09 04:14:23,2019-10-09 04:19:12,5,1585,1107.062052,0.698462,8883.893261,8742.48363,TRUE,21357.312272,7,2019-10-13 01:19:21,12614.828642,335098,0.0376451922780798,TRUE,289,"gn-11_gn-10",TRUE,"non-tidal",13.8524122797998,0.897526697692413,NA,5.47739549206459,55.3563328413672,6.75197630691063,0.347548638930408,-0.133599570842568,-0.444343941099683,2,668
"656",1305785,1305785,996,"2019_Grotenete","gn-9","VR2W-127109",51.081153,4.913762,2019-10-12 21:17:54,2019-10-12 21:21:32,4,320575.5,2855.524863,0.008907,11739.418124,11598.008493,TRUE,21357.312272,7,2019-10-13 01:19:21,9759.303779,14487,0.673659403534203,TRUE,218,"gn-10_gn-9",TRUE,"non-tidal",13.9650083696015,0.569910020643281,NA,5.71299182174951,58.5151605639155,6.52947479197374,0.430157330851497,0.112596089801794,-0.327616677049132,1,660.4
"657",1305785,1305785,997,"2019_Grotenete","gn-7","VR2W-122340",51.061848,4.787587,2019-10-13 01:19:21,2019-10-13 01:24:22,6,14528.5,9817.88091,0.675767,21557.299034,21357.312272,TRUE,31338.233487,11,2019-10-17 02:58:27,9980.921215,351546,0.0283915084085724,TRUE,301,"gn-9_gn-7",TRUE,"non-tidal",14.4604778589887,0.0307327057900259,NA,4.59530180338698,50.3692207716079,6.54117895722254,0.904975149079044,0.495469489387164,-0.539177314853255,2,653
"658",1305785,1305785,998,"2019_Grotenete","gn-6","VR2W-122333",51.078636,4.757592,2019-10-13 02:57:20,2019-10-16 23:41:36,12,172656.5,3296.955011,0.019095,24854.254045,24654.267283,TRUE,31338.233487,11,2019-10-17 02:58:27,6683.966204,345667,0.0193364313168454,TRUE,333856,"gn-7_gn-6",TRUE,"non-tidal",15.0911931864601,0.02519987877183,NA,5.61745401366347,68.0816670570197,6.80526828035033,0.745912780512567,0.630715327471389,-0.00553282701819587,1,649
"659",1305785,1305785,1001,"2019_Grotenete","gn-5","VR2W-122332",51.125942,4.718199,2019-10-17 02:58:27,2019-10-17 03:02:00,5,178845.5,6683.966204,0.037373,31538.220249,31338.233487,TRUE,35783.626426,12,2019-10-17 18:35:08,4445.392939,56201,0.0790981110478461,TRUE,213,"gn-6_gn-5",TRUE,"transition",15.196476275804,0.738794375042365,NA,5.56823029023798,72.1476731856917,6.74614189048973,0.582437321520821,0.105283089343931,0.713594496270535,1,641.333333333333
"660",1305785,1305785,1002,"2019_Grotenete","gn-4","VR2W-122353",51.135075,4.664932,2019-10-17 18:35:08,2019-10-17 19:00:36,24,56858.5,4503.97007,0.079214,36042.190319,35783.626426,TRUE,39887.614896,13,2019-10-17 21:18:06,4103.98847,9778,0.419716554510124,TRUE,1528,"gn-5_gn-4",TRUE,"transition",15.1669160768211,0.828017982989508,NA,5.7070471792902,71.8601672784587,6.61378220995065,0.429087974389396,-0.0295601989828977,0.0892236079471436,1,636
"661",1305785,1305785,1003,"2019_Grotenete","gn-3","VR2W-122365",51.130352,4.617316,2019-10-17 21:18:06,2019-10-17 21:23:06,5,9164,4186.83712,0.456879,40229.027439,39887.614896,TRUE,44215.902021,15,2019-10-17 22:53:06,4328.287125,5700,0.759348618421053,TRUE,300,"gn-4_gn-3",TRUE,"transition",15.1584054759138,0.814075554054102,NA,5.53505912059031,79.5836383442002,6.72134501727502,0.364532320490377,-0.00851060090731615,-0.0139424289354062,2,634
"662",1305785,1305785,1004,"2019_Grotenete","gn-2","VR2W-127721",51.135829,4.5937,2019-10-17 22:13:32,2019-10-17 22:31:48,16,3724,2138.410314,0.574224,42367.437753,42026.025211,TRUE,46288.624568,16,2019-10-17 23:31:41,4262.599357,4689,0.909063629132011,TRUE,1096,"gn-3_gn-2",TRUE,"transition",15.2328841435293,0.364010329948542,NA,4.29706200065488,73.1421093982697,5.7115677332977,0.330280323128101,0.0744786676154447,-0.45006522410556,2,634
"663",1305785,1305785,1005,"2019_Grotenete","bn-3","VR2W-124063",51.126391,4.571903,2019-10-17 22:53:06,2019-10-17 22:59:28,7,2017,2189.87681,1.08571,44557.314563,44215.902021,TRUE,50582.614153,17,2019-10-18 00:49:10,6366.712132,6964,0.914232069500287,TRUE,382,"gn-2_bn-3",TRUE,"tidal",15.2241299993547,0.314654253763492,NA,3.81810803098478,69.8335572744674,5.55645834605727,0.300527880887526,-0.00875414417459908,-0.0493560761850496,2,634
"664",1305785,1305785,1006,"2019_Grotenete","bn-2","VR2W-124078",51.117416,4.549158,2019-10-17 23:31:41,2019-10-17 23:37:02,6,2284.5,2072.722547,0.907298,46630.03711,46288.624568,TRUE,50582.614153,17,2019-10-18 00:49:10,4293.989585,4649,0.923637252097226,TRUE,321,"bn-3_bn-2",TRUE,"tidal",15.1988044990187,16.8393590287044,NA,3.48871947886317,67.2929663697693,5.53072725382144,0.274642991424683,-0.0253255003359669,16.5247047749409,2,634
"665",1305785,1305785,1007,"2019_Grotenete","bn-1","VR2W-122351",51.093001,4.506837,2019-10-18 00:49:10,2019-10-18 01:06:42,14,5014.5,4293.989585,0.856315,50924.026695,50582.614153,TRUE,55176.559657,18,2019-10-18 07:39:00,4593.945504,24590,0.186821695973973,TRUE,1052,"bn-2_bn-1",TRUE,"tidal",15.2379198249473,9.71151637847012,NA,2.88446408297727,56.8499148703168,5.44830222884915,0.222145573066017,0.0391153259286501,-7.12784265023427,2,634
"666",1305785,1305785,1008,"2019_Grotenete","bn-Walem","VR2W-122339",51.07183,4.45474,2019-10-18 07:39:00,2019-10-18 07:51:00,11,24424,4593.945504,0.188091,55517.972199,55176.559657,TRUE,62601.734282,19,2019-10-18 09:58:25,7425.174625,8365,0.887647893006575,TRUE,720,"bn-1_bn-Walem",TRUE,"tidal",15.1486967220972,8.99871546260036,NA,3.66769757251932,66.9847995615956,5.91521470579389,0.165904783926383,-0.089223102850136,-0.712800915869757,2,634
"667",1305785,1305785,1009,"2019_Grotenete","ru-1","VR2W-122328",51.082273,4.366215,2019-10-18 09:58:25,2019-10-18 10:22:22,17,8723.5,7425.174625,0.851169,62943.146824,62601.734282,TRUE,72906.866784,21,2019-10-18 19:31:39,10305.132502,34394,0.299620064604291,TRUE,1437,"bn-Walem_ru-1",TRUE,"tidal",15.1833333332496,0.784844395433289,NA,0.925666667899231,108.666666660478,4.9000000004994,0.0594159455704925,0.0346366111523508,-8.21387106716707,2,634
"668",1305785,1305785,1010,"2019_Grotenete","me-7-2b","VR2W-113524",51.1008,4.330483,2019-10-18 10:56:50,2019-10-18 11:20:40,18,3501.5,3445.459128,0.983995,66388.605952,66047.19341,TRUE,72906.866784,21,2019-10-18 19:31:39,6859.67337399999,30889,0.222074957881446,TRUE,1430,"ru-1_me-7-2b",TRUE,"tidal",15.1731690246774,0.380730835319171,NA,2.00170588868649,85.1340540537493,4.94582376798732,0.0855253512071193,-0.0101643085721559,-0.404113560114118,2,634
"669",1305785,1305785,1011,"2019_Grotenete","s-8","VR2W-112295",51.14319,4.33078,2019-10-18 19:31:39,2019-10-18 19:31:39,1,30174,6859.673374,0.227337,73248.279326,72906.866784,TRUE,78555.442897,22,2019-10-18 20:32:15,5648.576113,3636,1.55351378245325,TRUE,0,"me-7-2b_s-8",TRUE,"tidal",14.9725490198473,22.3243976648162,NA,4.50319579402591,79.188619299858,6.80288297258869,0.0225691497852727,-0.200620004830068,21.943666829497,2,632
"670",1305785,1305785,1012,"2019_Grotenete","s-9","VR2W-127738",51.19068,4.33602,2019-10-18 20:32:15,2019-10-18 20:40:46,7,3891.5,5407.156952,1.389479,78896.855439,78555.442897,TRUE,86022.171044,23,2019-10-18 21:57:22,7466.728147,5107,1.46205759682788,TRUE,511,"s-8_s-9",TRUE,"tidal",14.9632642730053,12.1087196590449,NA,6.01328910128763,96.1914035133329,7.40391740461759,0.0893734323719996,-0.00928474684202385,-10.2156780057713,2,630
"671",1305785,1305785,1013,"2019_Grotenete","s-10a","VR2W-127716",51.235423,4.396673,2019-10-18 21:57:22,2019-10-18 22:05:12,10,5086.5,7708.147308,1.515413,86363.583586,86022.171044,TRUE,100575.552435,24,2019-10-19 08:08:06,14553.381391,36644,0.397155916139068,TRUE,470,"s-9_s-10a",TRUE,"tidal",15.1782716673961,6.88750892501858,NA,6.84760905614391,76.1632009750984,7.08439854726876,0.113945380910125,0.215007394390836,-5.22121073402633,2,630
"672",1305785,1305785,1014,"2019_Grotenete","s-12","VR2W-127732",51.30305,4.28731,2019-10-19 08:08:06,2019-10-19 08:15:42,5,36637,14553.381391,0.397232,100916.964977,100575.552435,TRUE,125923.958763,26,2019-10-19 23:01:04,25348.406328,53578,0.47311221635746,TRUE,456,"s-10a_s-12",TRUE,"tidal",15.4105673357943,0.636957979433685,NA,15.2120846593612,40.1622163851765,8.0008134471766,0.0768970233618388,0.232295668398196,-6.2505509455849,2,630
"673",1305785,1305785,1015,"2019_Grotenete","s-STD3","VR2W-134898",51.330504,4.270161,2019-10-19 08:57:48,2019-10-19 09:02:44,6,2902,3855.62017,1.328608,104772.585147,104431.172605,TRUE,125923.958763,26,2019-10-19 23:01:04,21492.786158,50596,0.424792200134398,TRUE,296,"s-12_s-STD3",TRUE,"tidal",15.1516630300804,0.462712558360626,NA,13.7099706790054,71.3738152152089,7.81568416277516,0.0441908360169854,-0.25890430571393,-0.174245421073059,2,630
"674",1305786,1305786,1022,"2019_Grotenete","rel_grotenete1","none",51.144779,5.003906,2019-10-03 12:00:00,2019-10-03 12:00:00,1,NA,NA,NA,0,0,NA,7635.421578,4,2019-10-08 19:32:18,7635.421578,459138,0.0166299055578062,TRUE,0,"NA_rel_grotenete1",NA,"non-tidal",14.3873635965294,0.492913879018485,NA,5.49792869359659,57.1005185020036,3.63579857656436,0.360728418993834,NA,NA,NA,687
"675",1305786,1305786,1023,"2019_Grotenete","gn-14","VR2W-122358",51.138267,4.996319,2019-10-03 22:44:58,2019-10-03 22:44:58,1,38698,1048.509145,0.027095,1048.509145,1048.509145,TRUE,7635.421578,4,2019-10-08 19:32:18,6586.912433,420440,0.0156667120944725,TRUE,0,"rel_grotenete1_gn-14",TRUE,"non-tidal",13.7779041790128,0.269523062416697,NA,6.79911930710157,81.6015531773677,6.42597575874364,0.384378330648639,-0.609459417516565,-0.223390816601787,1,687
"676",1305786,1305786,1024,"2019_Grotenete","gn-13","VR2W-124066",51.119771,4.990306,2019-10-06 18:28:48,2019-10-06 18:36:38,10,244065,2389.94432,0.009792,3438.453465,3438.453465,TRUE,7635.421578,4,2019-10-08 19:32:18,4196.968113,176610,0.0237640457108884,TRUE,470,"gn-14_gn-13",TRUE,"non-tidal",13.4199138222604,0.028249005910034,NA,6.27098269702894,62.1788426277499,6.40320035066305,0.383993576989017,-0.357990356752376,-0.241274056506663,1,681.25
"677",1305786,1305786,1025,"2019_Grotenete","gn-11","VR2W-127720",51.09592,4.957142,2019-10-08 19:32:18,2019-10-08 19:34:40,3,176446,4338.377744,0.024588,7776.831209,7635.421578,TRUE,21357.312272,7,2019-10-16 20:30:02,13721.890694,694664,0.0197532774031762,TRUE,142,"gn-13_gn-11",TRUE,"non-tidal",13.5651031501154,0.116515270567394,NA,5.87243091434067,43.8817643652072,6.58307667136149,0.363628249842019,0.145189327854984,0.0882662646573597,1,672
"678",1305786,1305786,1026,"2019_Grotenete","gn-10","VR2W-122324",51.091558,4.945793,2019-10-08 19:58:01,2019-10-08 20:01:46,4,1584.5,1107.062052,0.698682,8883.893261,8742.48363,TRUE,21357.312272,7,2019-10-16 20:30:02,12614.828642,693121,0.0182000381491832,TRUE,225,"gn-11_gn-10",TRUE,"non-tidal",13.9499924625684,1.55115238873162,NA,5.09777946209853,41.2833219670848,6.45308999225349,0.347249371203942,0.384889312452996,1.43463711816423,2,668
"679",1305786,1305786,1027,"2019_Grotenete","gn-9","VR2W-127109",51.081153,4.913762,2019-10-08 20:53:44,2019-10-08 20:56:07,3,3302,2855.524863,0.864786,11739.418124,11598.008493,TRUE,21357.312272,7,2019-10-16 20:30:02,9759.303779,689778,0.0141484706369296,TRUE,143,"gn-10_gn-9",TRUE,"non-tidal",14.1598284895438,0.870275270275413,NA,5.23270517060842,38.1565540798659,6.55893071753968,0.438549314871597,0.209836026975388,-0.680877118456209,2,668
"680",1305786,1305786,1028,"2019_Grotenete","gn-7","VR2W-122340",51.061848,4.787587,2019-10-16 20:30:02,2019-10-16 20:57:52,24,690541.5,9817.88091,0.014218,21557.299034,21357.312272,TRUE,31338.233487,9,2019-10-18 01:47:43,9980.921215,105461,0.0946408740197798,TRUE,1670,"gn-9_gn-7",TRUE,"non-tidal",14.7202443163908,0.0651997184440611,NA,5.68883191846893,63.6115037841747,6.65486041724824,0.907063093912735,0.560415826846977,-0.805075551831352,1,652.777777777778
"681",1305786,1305786,1029,"2019_Grotenete","gn-6","VR2W-122333",51.078636,4.757592,2019-10-16 22:43:05,2019-10-16 22:44:21,2,7186,3296.955011,0.458803,24854.254045,24654.267283,TRUE,31338.233487,9,2019-10-18 01:47:43,6683.966204,97478,0.0685689715012618,TRUE,76,"gn-7_gn-6",TRUE,"non-tidal",14.9636391022867,0.0656001009413263,NA,4.97972509914022,82.9841246983674,6.66674118335288,0.75246685109279,0.243394785895937,0.000400382497265248,2,638
"682",1305786,1305786,1030,"2019_Grotenete","gn-5","VR2W-122332",51.125942,4.718199,2019-10-18 01:47:43,2019-10-18 02:00:16,8,97816.5,6683.966204,0.068332,31538.220249,31338.233487,TRUE,35783.626426,10,2019-10-18 21:00:47,4445.392939,69184,0.0642546389194033,TRUE,753,"gn-6_gn-5",TRUE,"transition",15.1184408732173,0.0303378772437619,NA,5.42269168435067,68.1231498554355,6.49630436458562,0.513173112066243,0.154801770930654,-0.0352622236975644,1,636
"683",1305786,1305786,1031,"2019_Grotenete","gn-4","VR2W-122353",51.135075,4.664932,2019-10-18 21:00:47,2019-10-18 21:07:06,7,68997,4503.97007,0.065278,36042.190319,35783.626426,TRUE,39887.614896,11,2019-10-18 22:58:57,4103.98847,7090,0.578841815232722,TRUE,379,"gn-5_gn-4",TRUE,"transition",14.953086545751,0.769426975986996,NA,5.18277607232731,73.3187622665543,6.39571625480195,0.4254275947338,-0.165354327466327,0.739089098743234,1,632
"684",1305786,1305786,1032,"2019_Grotenete","gn-3","VR2W-122365",51.130352,4.617316,2019-10-18 22:58:57,2019-10-18 23:05:21,7,7092.5,4186.83712,0.590319,40229.027439,39887.614896,TRUE,44215.902021,16,2019-10-19 21:25:36,4328.287125,80799,0.0535685729402592,TRUE,384,"gn-4_gn-3",TRUE,"transition",14.8234596529103,0.774463885632723,NA,4.12409691386869,81.4026213135786,5.96507757441519,0.359251693844462,-0.12962689284068,0.00503690964572701,2,630
"685",1305786,1305786,1033,"2019_Grotenete","gn-2","VR2W-127721",51.135829,4.5937,2019-10-19 01:30:09,2019-10-19 18:16:01,312,39056,2138.410314,0.054752,42367.437753,42026.025211,TRUE,46288.624568,17,2019-10-19 23:36:11,4262.599357,79562,0.0535758195746713,TRUE,60352,"gn-3_gn-2",TRUE,"transition",14.7212023464109,0.75077936401141,NA,4.3921291694255,73.5885254997869,6.21634794179947,0.327521518174258,-0.102257306499482,-0.0236845216213123,1,630
"686",1305786,1305786,1036,"2019_Grotenete","gn-1","VR2W-112285",51.133464,4.588822,2019-10-19 20:22:12,2019-10-19 20:58:53,28,38847.5,424.253116,0.010921,42791.690869,42450.278327,TRUE,50582.614153,21,2019-10-23 02:02:42,8132.335826,279630,0.0290824869506133,TRUE,2201,"gn-2_gn-1",TRUE,"transition",14.7071938189199,0.332368242508887,NA,4.3175738440731,73.5990787449693,6.15579800264857,0.321179200365807,-0.0140085274909278,-0.418411121502524,1,628
"687",1305786,1305786,1037,"2019_Grotenete","bn-3","VR2W-124063",51.126391,4.571903,2019-10-19 21:25:36,2019-10-19 21:42:03,12,3197,1765.623694,0.552275,44557.314563,44215.902021,TRUE,50582.614153,21,2019-10-23 02:02:42,6366.712132,275826,0.0230823494956966,TRUE,987,"gn-1_bn-3",TRUE,"tidal",14.6501171167591,0.262331664284318,NA,4.69305950467631,106.814403435465,6.43204697771863,0.293868819302576,-0.0570767021607921,-0.0700365782245682,2,626
"688",1305786,1305786,1038,"2019_Grotenete","bn-2","VR2W-124078",51.117416,4.549158,2019-10-19 23:36:11,2019-10-21 00:51:25,607,52798.5,2072.722547,0.039257,46630.03711,46288.624568,TRUE,50582.614153,21,2019-10-23 02:02:42,4293.989585,267991,0.0160228872797967,TRUE,90914,"bn-3_bn-2",TRUE,"tidal",14.5561363642155,16.5624211917773,NA,3.93125624334352,75.6856528853667,5.89276952300477,0.271488964339122,-0.0939807525436844,16.300089527493,1,624
"689",1305786,1305786,1042,"2019_Grotenete","bn-1","VR2W-122351",51.093001,4.506837,2019-10-23 02:02:42,2019-10-23 03:19:19,70,224832.5,4293.989585,0.019099,50924.026695,50582.614153,TRUE,55176.559657,22,2019-10-23 12:57:49,4593.945504,39307,0.116873470475997,TRUE,4597,"bn-2_bn-1",TRUE,"tidal",14.3853231156016,8.92329676072616,NA,3.39668398173663,72.4849348463495,5.78635065624058,0.220927661137477,-0.170813248613811,-7.63912443105115,1,618.666666666667
"690",1305786,1305786,1043,"2019_Grotenete","bn-Walem","VR2W-122339",51.07183,4.45474,2019-10-23 12:57:49,2019-10-23 13:12:41,15,37454.5,4593.945504,0.122654,55517.972199,55176.559657,TRUE,62601.734282,23,2019-10-24 15:56:41,7425.174625,97132,0.0764441648993123,TRUE,892,"bn-1_bn-Walem",TRUE,"tidal",14.24546069211,6.52396593839506,NA,2.63064475367925,61.7222468834795,5.57297246347894,0.158085798256604,-0.139862423491641,-2.39933082233111,1,613
"691",1305786,1305786,1044,"2019_Grotenete","ru-1","VR2W-122328",51.082273,4.366215,2019-10-24 15:56:41,2019-10-25 03:08:33,349,116842,7425.174625,0.063549,62943.146824,62601.734282,TRUE,72906.866784,28,2019-10-26 04:15:27,10305.132502,130726,0.0788300147025075,TRUE,40312,"bn-Walem_ru-1",TRUE,"tidal",14.0708439900331,0.538079134968711,NA,0.540204604665712,57.7263427236566,5.15575447596837,0.0487661307237849,-0.174616702076891,-5.98588680342635,1,609.5
"692",1305786,1305786,1047,"2019_Grotenete","me-7-2b","VR2W-113524",51.1008,4.330483,2019-10-25 20:37:47,2019-10-26 02:45:43,45,94148,3445.459128,0.036596,66388.605952,66047.19341,TRUE,72906.866784,28,2019-10-26 04:15:27,6859.67337399999,27460,0.249806022359796,TRUE,22076,"ru-1_me-7-2b",TRUE,"tidal",14.381546337419,0.256371517250095,NA,2.41593243027791,111.544986089096,5.92723598282874,0.0717947118181792,0.310702347385931,-0.281707617718616,1,606
"693",1305786,1305786,1049,"2019_Grotenete","s-8","VR2W-112295",51.14319,4.33078,2019-10-26 04:15:27,2019-10-26 04:17:36,2,16486.5,6859.673374,0.416078,73248.279326,72906.866784,TRUE,78555.442897,29,2019-10-26 16:38:01,5648.576113,44554,0.126780448736365,TRUE,129,"me-7-2b_s-8",TRUE,"tidal",14.5172413794052,13.8778634406473,NA,5.90093664677118,214.499833845414,6.67783751857504,0.0142445141296289,0.135695041986146,13.6214919233972,2,604
"694",1305786,1305786,1050,"2019_Grotenete","s-9","VR2W-127738",51.19068,4.33602,2019-10-26 16:38:01,2019-10-26 16:40:00,3,44549,5407.156952,0.121375,78896.855439,78555.442897,TRUE,86022.171044,30,2019-10-26 18:07:19,7466.728147,5358,1.39356628350131,TRUE,119,"s-8_s-9",TRUE,"tidal",14.4713619829987,10.2748543126018,NA,4.57894705699721,199.082450200539,6.78558879263389,0.0830428036372722,-0.0458793964065087,-3.60300912804554,1,602
"695",1305786,1305786,1051,"2019_Grotenete","s-10a","VR2W-127716",51.235423,4.396673,2019-10-26 18:07:19,2019-10-28 04:22:38,110,66958,7708.147308,0.115119,86363.583586,86022.171044,FALSE,100575.552435,35,2019-10-30 18:16:22,14553.381391,346143,0.0420444191880235,TRUE,123319,"s-9_s-10a",TRUE,"tidal",14.7050157900772,6.92895072505996,NA,6.94101523921758,153.059152266184,7.08506603452911,0.109131198193733,0.233653807078568,-3.34590358754183,1,600
"696",1305786,1305786,1056,"2019_Grotenete","s-12","VR2W-127732",51.30305,4.28731,2019-10-30 18:16:22,2019-10-30 18:17:36,2,284520.5,14553.381391,0.051151,100916.964977,100575.552435,TRUE,125685.422688,37,2019-10-31 09:18:15,25109.870253,54113,0.464026578696432,TRUE,74,"s-10a_s-12",TRUE,"tidal",14.5051397813074,0.487276161505328,NA,15.5796552843152,75.2364622008731,7.79702765631394,0.0720113013119387,-0.199876008769881,-6.44167456355464,1,593
"697",1305786,1305786,1057,"2019_Grotenete","s-STD3","VR2W-134898",51.330504,4.270161,2019-10-30 19:00:55,2019-10-30 19:00:55,1,2636,3855.62017,1.462678,104772.585147,104431.172605,TRUE,125685.422688,37,2019-10-31 09:18:15,21254.250083,51440,0.413185265999223,TRUE,0,"s-12_s-STD3",TRUE,"tidal",13.6874201582524,0.291657508733586,NA,14.5692726610012,123.681671598698,7.8255200963549,0.040156705236892,-0.817719623054943,-0.195618652771743,2,586
"698",1305787,1305787,1086,"2019_Grotenete","rel_grotenete1","none",51.144779,5.003906,2019-10-02 13:00:00,2019-10-02 13:00:00,1,NA,NA,NA,0,0,NA,7635.421578,4,2019-11-04 03:03:54,7635.421578,2815434,0.00271198741579451,FALSE,0,"NA_rel_grotenete1",NA,"non-tidal",12.1393508590185,0.598864293839971,NA,5.62563199133096,57.0214730493612,3.5944588695473,0.384337026809563,NA,NA,NA,691
"699",1305787,1305787,1087,"2019_Grotenete","gn-14","VR2W-122358",51.138267,4.996319,2019-10-09 04:44:12,2019-10-09 04:44:12,1,575052,1048.509145,0.001823,1048.509145,1048.509145,TRUE,7635.421578,4,2019-11-04 03:03:54,6586.912433,2240382,0.00294008451817592,FALSE,0,"rel_grotenete1_gn-14",TRUE,"non-tidal",13.1779657468849,0.301540249550824,NA,6.39154758167847,53.5457505379366,6.52839461352543,0.406875777476018,1.03861488786642,-0.297324044289147,1,679.428571428571
"700",1305787,1305787,1088,"2019_Grotenete","gn-13","VR2W-124066",51.119771,4.990306,2019-10-09 20:13:24,2019-10-09 20:18:13,5,55896.5,2389.94432,0.042757,3438.453465,3438.453465,TRUE,7635.421578,4,2019-11-04 03:03:54,4196.968113,2184630,0.00192113452300847,FALSE,289,"gn-14_gn-13",TRUE,"non-tidal",13.4201509181978,0.036155120245664,NA,5.70648691745216,46.6714013767517,6.11370575665464,0.429686405906306,0.242185171312885,-0.26538512930516,1,666
"701",1305787,1305787,1089,"2019_Grotenete","gn-11","VR2W-127720",51.09592,4.957142,2019-11-04 03:03:54,2019-11-04 03:06:56,4,2184576.5,4338.377744,0.001986,7776.831209,7635.421578,TRUE,21357.312272,7,2019-11-05 02:02:25,13721.890694,82711,0.165901641788879,TRUE,182,"gn-13_gn-11",TRUE,"non-tidal",13.1816493950272,0.108006234050899,NA,5.6678655119068,96.018428986858,6.68116424580713,0.319619959125661,-0.238501523170633,0.0718511138052355,1,617.269230769231
"702",1305787,1305787,1090,"2019_Grotenete","gn-10","VR2W-122324",51.091558,4.945793,2019-11-04 03:31:07,2019-11-04 03:35:43,6,1680,1107.062052,0.658966,8883.893261,8742.48363,TRUE,21357.312272,7,2019-11-05 02:02:25,12614.828642,81078,0.155588798959027,TRUE,276,"gn-11_gn-10",TRUE,"non-tidal",11.7632861813004,1.34249889443788,NA,4.47860407052931,55.9105442181148,6.64826588416075,0.317254649683734,-1.41836321372682,1.23449266038698,2,572
"703",1305787,1305787,1091,"2019_Grotenete","gn-9","VR2W-127109",51.081153,4.913762,2019-11-04 04:32:29,2019-11-04 04:35:17,4,3628,2855.524863,0.78708,11739.418124,11598.008493,TRUE,21357.312272,7,2019-11-05 02:02:25,9759.303779,77396,0.12609571268541,TRUE,168,"gn-10_gn-9",TRUE,"non-tidal",11.857273357072,0.791871617165576,NA,4.73509544270327,77.8808190335192,6.64029611774401,0.415396877232772,0.0939871757716446,-0.5506272772723,2,572
"704",1305787,1305787,1092,"2019_Grotenete","gn-7","VR2W-122340",51.061848,4.787587,2019-11-05 02:02:25,2019-11-29 00:12:03,31355,1110801,9817.88091,0.008839,21557.299034,21357.312272,TRUE,31338.233487,11,2019-11-29 04:21:19,9980.921215,2081934,0.00479406225893808,TRUE,2066978,"gn-9_gn-7",TRUE,"non-tidal",10.2403318038702,0.0671135690229561,NA,4.92612902550803,108.245598891109,7.22494651181795,0.915211897113187,-1.61694155320182,-0.72475804814262,1,550.357142857143
"705",1305787,1305787,1095,"2019_Grotenete","gn-6","VR2W-122333",51.078636,4.757592,2019-11-29 01:38:04,2019-11-29 01:39:48,3,1038702,3296.955011,0.003174,24854.254045,24654.267283,TRUE,31338.233487,11,2019-11-29 04:21:19,6683.966204,9795,0.682385523634507,TRUE,104,"gn-7_gn-6",TRUE,"non-tidal",8.07782812783999,0.0695069719662541,NA,4.89043431030915,84.438360187226,8.54288024495329,0.702890517879373,-2.16250367603019,0.002393402943298,1,513.692307692308
"706",1305787,1305787,1096,"2019_Grotenete","gn-5","VR2W-122332",51.125942,4.718199,2019-11-29 04:21:19,2019-11-29 04:23:49,4,9818,6683.966204,0.680787,31538.220249,31338.233487,TRUE,35783.626426,12,2019-11-29 19:34:10,4445.392939,54771,0.0811632604663052,TRUE,150,"gn-6_gn-5",TRUE,"transition",8.99486223101358,0.0385671477230169,NA,5.05890009912067,99.0336789687395,8.40847915699371,0.519208910745011,0.917034103173593,-0.0309398242432372,2,499
"707",1305787,1305787,1097,"2019_Grotenete","gn-4","VR2W-122353",51.135075,4.664932,2019-11-29 19:34:10,2019-11-29 19:44:04,9,54993,4503.97007,0.081901,36042.190319,35783.626426,TRUE,39887.614896,13,2019-11-29 21:22:17,4103.98847,6487,0.632648137814089,TRUE,594,"gn-5_gn-4",TRUE,"transition",8.92825679961286,0.969143889184047,NA,4.91201587331384,105.727345753881,8.27084748576619,0.435700337657263,-0.066605431400717,0.93057674146103,2,498
"708",1305787,1305787,1098,"2019_Grotenete","gn-3","VR2W-122365",51.130352,4.617316,2019-11-29 21:22:17,2019-11-29 21:27:33,6,6348,4186.83712,0.659552,40229.027439,39887.614896,TRUE,44215.902021,15,2019-11-29 22:54:31,4328.287125,5534,0.782126332670763,TRUE,316,"gn-4_gn-3",TRUE,"transition",8.78839536298441,1.00263804295796,NA,4.26398861709737,130.690842720646,8.03545593558135,0.372581161758067,-0.139861436628458,0.0334941537739115,2,497
"709",1305787,1305787,1099,"2019_Grotenete","gn-2","VR2W-127721",51.135829,4.5937,2019-11-29 22:19:16,2019-11-29 22:36:18,13,3772,2138.410314,0.566917,42367.437753,42026.025211,TRUE,46288.624568,16,2019-11-29 23:31:08,4262.599357,4312,0.988543450139146,TRUE,1022,"gn-3_gn-2",TRUE,"transition",8.90269398469452,0.991935969008863,NA,3.5481333852408,112.669148803264,7.5083089662038,0.339891880174188,0.114298621710118,-0.0107020739490949,2,497
"710",1305787,1305787,1100,"2019_Grotenete","bn-3","VR2W-124063",51.126391,4.571903,2019-11-29 22:54:31,2019-11-29 23:00:42,5,1789.5,2189.87681,1.223737,44557.314563,44215.902021,TRUE,50582.614153,17,2019-11-30 00:40:19,6366.712132,6348,1.00294772085696,TRUE,371,"gn-2_bn-3",TRUE,"tidal",8.92462054234988,0.433257428405689,NA,3.1584243497789,99.9218042479203,7.49449559260675,0.31013927266505,0.0219265576553536,-0.558678540603174,2,497
"711",1305787,1305787,1101,"2019_Grotenete","bn-2","VR2W-124078",51.117416,4.549158,2019-11-29 23:31:08,2019-11-29 23:36:20,5,2167.5,2072.722547,0.956273,46630.03711,46288.624568,TRUE,50582.614153,17,2019-11-30 00:40:19,4293.989585,4151,1.03444702119971,TRUE,312,"bn-3_bn-2",TRUE,"tidal",8.96981035974466,0.358064753825883,NA,2.86382049993118,90.0653925465395,7.41449792687772,0.282794787109249,0.0451898173947782,-0.0751926745798061,2,497
"712",1305787,1305787,1102,"2019_Grotenete","bn-1","VR2W-122351",51.093001,4.506837,2019-11-30 00:40:19,2019-11-30 03:12:59,19,8575,4293.989585,0.500757,50924.026695,50582.614153,TRUE,55176.559657,19,2019-11-30 07:01:39,4593.945504,22880,0.200784331468531,TRUE,9160,"bn-2_bn-1",TRUE,"tidal",9.03959050919279,19.1625597718148,NA,2.49101109195053,66.1112503891955,7.15264568128678,0.230030864428082,0.0697801494481318,18.8044950179889,2,497
"713",1305787,1305787,1104,"2019_Grotenete","bn-Walem","VR2W-122339",51.07183,4.45474,2019-11-30 07:01:39,2019-11-30 07:16:12,13,18736.5,4593.945504,0.245187,55517.972199,55176.559657,TRUE,62601.734282,20,2019-11-30 09:22:45,7425.174625,8466,0.877058188636901,TRUE,873,"bn-1_bn-Walem",TRUE,"tidal",8.7000727477996,11.0513418450293,NA,3.07891022175868,89.0603961790984,7.68021008012406,0.173266640507974,-0.339517761393189,-8.11121792678554,2,497
"714",1305787,1305787,1105,"2019_Grotenete","ru-1","VR2W-122328",51.082273,4.366215,2019-11-30 09:22:45,2019-11-30 09:52:21,17,8917.5,7425.174625,0.832652,62943.146824,62601.734282,TRUE,72606.862417,22,2019-11-30 12:32:28,10005.128135,11383,0.87895353904946,TRUE,1776,"bn-Walem_ru-1",TRUE,"tidal",8.87741935454927,10.2402011043113,NA,0.674838710820702,96.6774193690448,6.91290322621527,0.0648560967756349,0.177346606749671,-0.811140740717939,2,497
"715",1305787,1305787,1106,"2019_Grotenete","me-7-2b","VR2W-113524",51.1008,4.330483,2019-11-30 10:31:00,2019-11-30 10:39:38,9,3466,3445.459128,0.994074,66388.605952,66047.19341,TRUE,72606.862417,22,2019-11-30 12:32:28,6559.66900699999,7288,0.900064353320526,TRUE,518,"ru-1_me-7-2b",TRUE,"tidal",8.87703814859088,0.893123521710517,NA,1.7474559730346,92.5737092897535,6.94783407910624,0.0925052386278209,-0.000381205958385422,-9.34707758260081,2,497
"716",1305787,1305787,1107,"2019_Grotenete","s-8","VR2W-127719",51.14222,4.32646,2019-11-30 12:32:28,2019-11-30 18:55:29,70,18519.5,6859.673374,0.370403,72948.274959,72606.862417,TRUE,78555.442897,25,2019-11-30 20:04:57,5948.58048,27149,0.219108640465579,TRUE,22981,"me-7-2b_s-8",TRUE,"tidal",8.50625491203214,2.64647356943298,NA,2.33093405454231,99.2245072657834,7.94992786430941,0.0391403899387799,-0.370783236558749,1.75335004772246,2,496
"717",1305787,1305787,1110,"2019_Grotenete","s-9","VR2W-127738",51.19068,4.33602,2019-11-30 20:04:57,2019-11-30 20:08:56,7,15778,5407.156952,0.342702,78896.85544,78555.442897,TRUE,86022.171044,26,2019-11-30 21:37:45,7466.728147,5568,1.34100721030891,TRUE,239,"s-8_s-9",TRUE,"tidal",8.32226164722332,25.6326612613979,NA,4.69180500946033,173.330275695993,8.72311703154838,0.0947024054006703,-0.183993264808816,22.9861876919649,2,495
"718",1305787,1305787,1111,"2019_Grotenete","s-10a","VR2W-127716",51.235423,4.396673,2019-11-30 21:37:45,2019-11-30 21:44:51,7,5661.5,7708.147308,1.361503,86363.583587,86022.171044,TRUE,100616.976759,27,2019-12-01 23:07:31,14594.805715,91786,0.159009061458174,TRUE,426,"s-9_s-10a",TRUE,"tidal",8.61474594517169,16.5955519052271,NA,6.33131867333302,162.220876501944,8.63756905956448,0.118350126131806,0.292484297948373,-9.03710935617076,2,495
"719",1305787,1305787,1112,"2019_Grotenete","s-12","VR2W-127728",51.29646,4.2857,2019-12-01 23:07:31,2019-12-01 23:22:31,4,92023,14553.381391,0.158149,100958.389302,100616.976759,TRUE,125171.186063,29,2019-12-02 21:23:19,24554.209304,80148,0.30636084872985,TRUE,900,"s-10a_s-12",TRUE,"tidal",8.96331168075465,3.73298043908898,NA,14.2094155495287,90.0681819336244,9.11688311363472,0.0785280824422728,0.348565735582955,-12.8625714661382,2,494
"720",1305787,1305787,1113,"2019_Grotenete","s-STD3","VR2W-134898",51.330504,4.270161,2019-12-02 02:46:07,2019-12-02 04:45:39,46,16252,3855.62017,0.23724,105055.436708,104431.172605,TRUE,125171.186063,29,2019-12-02 21:23:19,20740.013458,67032,0.309404664309584,TRUE,7172,"s-12_s-STD3",TRUE,"tidal",8.49217569930568,0.657791052434264,NA,10.9676530543758,88.7935861821695,8.61331152746209,0.0449327642130743,-0.471135981448967,-3.07518938665472,2,493
"721",1305788,1305788,1120,"2019_Grotenete","rel_grotenete1","none",51.144779,5.003906,2019-10-02 13:00:00,2019-10-02 13:00:00,1,NA,NA,NA,0,0,NA,7635.421578,4,2019-10-09 21:33:47,7635.421578,635627,0.01201242486238,TRUE,0,"NA_rel_grotenete1",NA,"non-tidal",12.1393508590185,0.845849921826424,NA,5.62563199133096,57.0214730493612,3.5944588695473,0.384337026809563,NA,NA,NA,691
"722",1305788,1305788,1121,"2019_Grotenete","gn-14","VR2W-122358",51.138267,4.996319,2019-10-09 18:15:09,2019-10-09 18:15:09,1,623709,1048.509145,0.001681,1048.509145,1048.509145,TRUE,7635.421578,4,2019-10-09 21:33:47,6586.912433,11918,0.552686057476087,TRUE,0,"rel_grotenete1_gn-14",TRUE,"non-tidal",13.1964715304869,0.409412627354928,NA,6.35376885826149,53.3570529493812,5.89729640217622,0.409276317893633,1.05712067146835,-0.436437294471495,1,677.5
"723",1305788,1305788,1122,"2019_Grotenete","gn-13","VR2W-124066",51.119771,4.990306,2019-10-09 19:21:05,2019-10-09 19:24:45,5,4066,2389.94432,0.587788,3438.453465,3438.453465,TRUE,7635.421578,4,2019-10-09 21:33:47,4196.968113,7962,0.527124857196684,TRUE,220,"gn-14_gn-13",TRUE,"non-tidal",13.3025669452344,0.264901936297534,NA,4.68522186473297,48.7570235479017,6.16901797230722,0.441510368422286,0.106095414747591,-0.144510691057395,2,664
"724",1305788,1305788,1123,"2019_Grotenete","gn-11","VR2W-127720",51.09592,4.957142,2019-10-09 21:33:47,2019-10-09 21:36:03,3,7920,4338.377744,0.547775,7776.831209,7635.421578,TRUE,21357.312272,7,2019-10-17 22:20:09,13721.890694,693982,0.0197726896288376,TRUE,136,"gn-13_gn-11",TRUE,"non-tidal",13.6088083240755,0.0377064102841773,NA,4.77530201542411,35.4963175576645,6.16516082233135,0.391538366055696,0.306241378841019,-0.227195526013356,2,664
"725",1305788,1305788,1124,"2019_Grotenete","gn-10","VR2W-122324",51.091558,4.945793,2019-10-17 17:38:33,2019-10-17 17:43:42,5,677172.5,1107.062052,0.001635,8883.893261,8742.48363,TRUE,21357.312272,7,2019-10-17 22:20:09,12614.828642,16896,0.746616278527462,TRUE,309,"gn-11_gn-10",TRUE,"non-tidal",14.5011743313396,0.0265249918466983,NA,5.99304048575795,65.5043454233582,6.74571855471903,0.291049214690084,0.892366007264105,-0.0111814184374791,1,649
"726",1305788,1305788,1125,"2019_Grotenete","gn-9","VR2W-127109",51.081153,4.913762,2019-10-17 18:34:29,2019-10-17 18:36:25,3,3259.5,2855.524863,0.876062,11739.418124,11598.008493,TRUE,21357.312272,7,2019-10-17 22:20:09,9759.303779,13540,0.72077575915805,TRUE,116,"gn-10_gn-9",TRUE,"non-tidal",14.9497963234807,1.08806256165357,NA,8.14880659670141,39.898043848994,7.34593627616835,0.425963739388644,0.448621992141144,1.06153756980687,2,634
"727",1305788,1305788,1126,"2019_Grotenete","gn-7","VR2W-122340",51.061848,4.787587,2019-10-17 22:20:09,2019-10-18 01:12:36,153,18655.5,9817.88091,0.526273,21557.299034,21357.312272,FALSE,31338.233487,13,2019-10-28 02:13:20,9980.921215,877991,0.011367908344163,TRUE,10347,"gn-9_gn-7",TRUE,"non-tidal",15.0084526297746,0.799248128764078,NA,5.68923389421455,71.2183866459227,6.45072700179495,0.923602184709243,0.058656306293857,-0.288814432889495,2,634
"728",1305788,1305788,1127,"2019_Grotenete","gn-6","VR2W-122333",51.078636,4.757592,2019-10-24 23:04:59,2019-10-26 03:30:39,43,653486.5,3296.955011,0.005045,24854.254045,24654.267283,TRUE,31338.233487,13,2019-10-28 02:13:20,6683.966204,270501,0.0247095803860245,TRUE,102340,"gn-7_gn-6",TRUE,"non-tidal",14.2619387568521,0.201133875628996,NA,4.8746652133217,80.9143747472687,6.17121859122884,0.710045515464594,-0.746513872922488,-0.598114253135082,1,618.777777777778
"729",1305788,1305788,1132,"2019_Grotenete","gn-5","VR2W-122332",51.125942,4.718199,2019-10-28 02:13:20,2019-10-28 02:17:29,4,219455.5,6683.966204,0.030457,31538.220249,31338.233487,TRUE,35783.626426,14,2019-10-29 03:30:31,4445.392939,91031,0.0488338361547165,TRUE,249,"gn-6_gn-5",TRUE,"transition",14.5073339529939,0.0968992468357159,NA,4.97983798859378,132.910308113575,6.6860091199274,0.499486323977042,0.245395196141828,-0.10423462879328,1,600.333333333333
"730",1305788,1305788,1133,"2019_Grotenete","gn-4","VR2W-122353",51.135075,4.664932,2019-10-29 03:30:31,2019-10-29 18:50:42,752,118512,4503.97007,0.038004,36042.190319,35783.626426,TRUE,39887.614896,15,2019-10-29 21:15:58,4103.98847,63927,0.0641980457396718,TRUE,55211,"gn-5_gn-4",TRUE,"transition",13.4641024366027,0.0251182547068148,NA,5.07496632898734,137.790876431715,6.68631381320627,0.412463874762888,-1.04323151639116,-0.0717809921289012,1,595
"731",1305788,1305788,1134,"2019_Grotenete","gn-3","VR2W-122365",51.130352,4.617316,2019-10-29 21:15:58,2019-10-29 21:22:13,6,36509,4186.83712,0.11468,40229.027439,39887.614896,TRUE,44215.902021,17,2019-10-30 19:52:02,4328.287125,81364,0.0531965872498894,TRUE,375,"gn-4_gn-3",TRUE,"transition",13.385891449321,0.625260169763241,NA,4.97022006715802,141.912378092208,6.74691282872692,0.342102228214757,-0.0782109872817411,0.600141915056426,2,591
"732",1305788,1305788,1135,"2019_Grotenete","gn-2","VR2W-127721",51.135829,4.5937,2019-10-29 22:34:19,2019-10-30 19:19:35,1091,41871.5,2138.410314,0.051071,42367.437753,42026.025211,TRUE,46288.624568,18,2019-10-30 20:37:28,4262.599357,79389,0.0536925689579161,TRUE,74716,"gn-3_gn-2",TRUE,"transition",13.0183292504465,0.62947274883649,NA,4.5776682405677,137.874234653754,6.75974534955085,0.309643840716451,-0.367562198874523,0.00421257907324879,1,589
"733",1305788,1305788,1136,"2019_Grotenete","bn-3","VR2W-124063",51.126391,4.571903,2019-10-30 19:52:02,2019-10-30 19:58:25,7,39496.5,2189.87681,0.055445,44557.314563,44215.902021,TRUE,50582.614153,19,2019-10-30 22:20:47,6366.712132,8925,0.71335710162465,TRUE,383,"gn-2_bn-3",TRUE,"tidal",12.8485541576069,0.504465995602849,NA,4.49134537536509,140.046716237628,6.86463076531648,0.284059458720742,-0.169775092839615,-0.12500675323364,1,587.5
"734",1305788,1305788,1137,"2019_Grotenete","bn-2","VR2W-124078",51.117416,4.549158,2019-10-30 20:37:28,2019-10-30 20:43:02,6,2701.5,2072.722547,0.767249,46630.03711,46288.624568,TRUE,50582.614153,19,2019-10-30 22:20:47,4293.989585,6199,0.69269068962736,TRUE,334,"bn-3_bn-2",TRUE,"tidal",12.8654183894616,0.242544152513743,NA,4.3923419645004,184.572836799401,6.88936055549702,0.258276168852778,0.0168642318547132,-0.261921843089106,2,586
"735",1305788,1305788,1138,"2019_Grotenete","bn-1","VR2W-122351",51.093001,4.506837,2019-10-30 22:20:47,2019-10-30 23:11:33,32,7555,4293.989585,0.568364,50924.026695,50582.614153,TRUE,55176.559657,20,2019-10-31 19:36:13,4593.945504,76526,0.0600311724642605,TRUE,3046,"bn-2_bn-1",TRUE,"tidal",12.6634464132573,0.200450140188757,NA,3.32867856701853,148.383634969674,6.7364826222538,0.204045697607658,-0.201971976204257,-0.0420940123249858,2,586
"736",1305788,1305788,1139,"2019_Grotenete","bn-Walem","VR2W-122339",51.07183,4.45474,2019-10-31 19:36:13,2019-10-31 19:47:37,11,75345,4593.945504,0.060972,55517.972199,55176.559657,TRUE,62601.734282,21,2019-10-31 22:01:17,7425.174625,8704,0.85307612879136,TRUE,684,"bn-1_bn-Walem",TRUE,"tidal",12.4371919166598,11.6813918159377,NA,3.36647818223965,134.976585167199,6.88204222334513,0.148401215026638,-0.226254496597559,11.4809416757489,1,584
"737",1305788,1305788,1140,"2019_Grotenete","ru-1","VR2W-122328",51.082273,4.366215,2019-10-31 22:01:17,2019-10-31 22:18:29,13,8878,7425.174625,0.836357,62943.146824,62601.734282,TRUE,72606.862417,29,2019-11-02 21:46:33,10005.128135,171916,0.0581977717897113,TRUE,1032,"bn-Walem_ru-1",TRUE,"tidal",12.2064516132153,7.28696466497815,NA,1.18032258193152,173.903225811859,6.7322580646542,0.04348184327719,-0.230740303444465,-4.39442715095954,2,582
"738",1305788,1305788,1141,"2019_Grotenete","me-7-2b","VR2W-113524",51.1008,4.330483,2019-11-01 13:18:42,2019-11-02 20:15:54,200,110245,3445.459128,0.031253,66388.605952,66047.19341,TRUE,72606.862417,29,2019-11-02 21:46:33,6559.66900699999,116871,0.0561274311591412,TRUE,111432,"ru-1_me-7-2b",TRUE,"tidal",12.0562145965638,8.01415979640905,NA,2.68268156257793,131.369225110152,7.01105358836765,0.0764177695977154,-0.150237016651479,0.727195131430898,1,580.5
"739",1305788,1305788,1148,"2019_Grotenete","s-8","VR2W-127719",51.14222,4.32646,2019-11-02 21:46:33,2019-11-02 21:49:41,3,61249,6859.673374,0.111996,72948.274959,72606.862417,TRUE,78314.023736,30,2019-11-11 16:53:12,5707.16131900001,759999,0.00750943266899036,TRUE,188,"me-7-2b_s-8",TRUE,"tidal",12.7511983379753,0.647537552794612,NA,5.42041212172412,184.57618732039,7.32367115757753,0.0352653784641405,0.694983741411498,-7.36662224361444,2,577
"740",1305788,1305788,1149,"2019_Grotenete","s-9","VR2W-122319",51.19069,4.32954,2019-11-11 16:53:12,2019-11-11 17:00:46,6,760132,5407.156952,0.007113,78655.436278,78314.023736,TRUE,86022.171044,31,2019-11-11 18:33:53,7708.147308,6041,1.27597207548419,TRUE,454,"s-8_s-9",TRUE,"tidal",11.9110437748695,6.82920241469645,NA,4.09033570349189,169.518876920613,7.10543131946872,0.0902543342302096,-0.840154563105779,6.18166486190184,1,560
"741",1305788,1305788,1150,"2019_Grotenete","s-10a","VR2W-127716",51.235423,4.396673,2019-11-11 18:33:53,2019-11-11 18:38:16,5,5945.5,7708.147308,1.296467,86363.583586,86022.171044,TRUE,100575.552435,32,2019-11-12 18:09:46,14553.381391,84953,0.17131097655174,TRUE,263,"s-9_s-10a",TRUE,"tidal",11.40028142534,21.1883954165134,NA,6.88302303277548,159.090269655789,7.59180249095018,0.11158096248591,-0.510762349529541,14.359193001817,2,545
"742",1305788,1305788,1151,"2019_Grotenete","s-12","VR2W-127732",51.30305,4.28731,2019-11-12 18:09:46,2019-11-12 18:10:56,2,84856.5,14553.381391,0.171506,100916.964977,100575.552435,TRUE,125171.186063,34,2019-11-13 19:58:10,24595.633628,92904,0.264742461336433,TRUE,70,"s-10a_s-12",TRUE,"tidal",11.6627561880694,14.4447860654429,NA,14.9886648862884,51.392177909397,8.48997731139559,0.0756501773571796,0.262474762729354,-6.74360935107054,2,543.5
"743",1305788,1305788,1152,"2019_Grotenete","s-STD3","VR2W-134898",51.330504,4.270161,2019-11-12 19:06:46,2019-11-12 19:08:05,2,3424.5,3855.62017,1.125893,104772.585147,104431.172605,TRUE,125171.186063,34,2019-11-13 19:58:10,20740.013458,89484,0.231773428300031,TRUE,79,"s-12_s-STD3",TRUE,"tidal",11.2090726081246,2.15232868316931,NA,12.6447453690047,82.644636528019,8.38499060213864,0.0433570134945283,-0.453683579944789,-12.2924573822736,2,542
"744",1305789,1305789,1162,"2019_Grotenete","rel_grotenete1","none",51.144779,5.003906,2019-10-02 13:00:00,2019-10-02 13:00:00,1,NA,NA,NA,0,0,NA,7635.421578,3,2019-10-16 21:15:40,7635.421578,1239340,0.00616087722336082,FALSE,0,"NA_rel_grotenete1",NA,"non-tidal",12.1393508590185,1.32243846218486,NA,5.62563199133096,57.0214730493612,3.5944588695473,0.384337026809563,NA,NA,NA,691
"745",1305789,1305789,1163,"2019_Grotenete","gn-13","VR2W-124066",51.119771,4.990306,2019-10-03 18:26:01,2019-10-03 18:44:18,18,106509.5,3438.453465,0.032283,3438.453465,3438.453465,TRUE,7635.421578,3,2019-10-16 21:15:40,4196.968113,1133379,0.00370305794707684,FALSE,1097,"rel_grotenete1_gn-13",TRUE,"non-tidal",14.5059072599231,0.639245649682161,NA,6.93290070488447,86.9254128369867,6.53004655218586,0.389725857269011,2.36655640090463,-0.683192812502703,1,689
"746",1305789,1305789,1164,"2019_Grotenete","gn-11","VR2W-127720",51.09592,4.957142,2019-10-16 21:15:40,2019-10-16 21:18:03,3,1132902,4338.377744,0.003829,7776.831209,7635.421578,TRUE,21357.312272,12,2019-11-02 21:30:25,13721.890694,1469685,0.00933662022406162,FALSE,143,"gn-13_gn-11",TRUE,"non-tidal",14.1779295734128,0.608211171047001,NA,6.04110725542277,61.1941508128642,6.50682773769598,0.336329659139984,-0.327977686510359,-0.0310344786351601,1,662.285714285714
"747",1305789,1305789,1165,"2019_Grotenete","gn-10","VR2W-122324",51.091558,4.945793,2019-10-16 21:40:16,2019-10-16 21:44:56,5,1544.5,1107.062052,0.716777,8883.893261,8742.48363,TRUE,21357.312272,12,2019-11-02 21:30:25,12614.828642,1468209,0.00859198427608058,FALSE,280,"gn-11_gn-10",TRUE,"non-tidal",14.6430893864189,0.0507690999972164,NA,5.43780111453389,80.3989694803371,6.71884731548127,0.270028892398036,0.465159813006103,-0.557442071049784,2,638
"748",1305789,1305789,1166,"2019_Grotenete","gn-9","VR2W-127109",51.081153,4.913762,2019-10-16 22:51:39,2019-10-27 16:43:35,9599,468301,2855.524863,0.006098,11739.418124,11598.008493,TRUE,21357.312272,12,2019-11-02 21:30:25,9759.303779,1463926,0.00666652807518959,FALSE,928316,"gn-10_gn-9",TRUE,"non-tidal",14.1031993183993,0.0306370300373348,NA,5.43523802075619,72.2151072289713,6.37231115480373,0.412459240703725,-0.539890068019611,-0.0201320699598816,1,628.166666666667
"749",1305789,1305789,1173,"2019_Grotenete","gn-7","VR2W-122340",51.061848,4.787587,2019-11-02 21:30:25,2019-11-02 21:56:11,24,1000541,9817.88091,0.009813,21557.299034,21357.312272,TRUE,31338.233487,14,2019-11-03 02:52:11,9980.921215,19306,0.516985456075831,TRUE,1546,"gn-9_gn-7",TRUE,"non-tidal",12.8796729738687,1.33356941785088,NA,5.27917361131179,124.357871915951,6.69751670434657,0.92463167124259,-1.22352634453055,1.30293238781354,1,596.769230769231
"750",1305789,1305789,1174,"2019_Grotenete","gn-6","VR2W-122333",51.078636,4.757592,2019-11-02 23:23:33,2019-11-02 23:28:53,6,6175,3296.955011,0.53392,24854.254045,24654.267283,TRUE,31338.233487,14,2019-11-03 02:52:11,6683.966204,12518,0.533948410608723,TRUE,320,"gn-7_gn-6",TRUE,"non-tidal",12.1342425066887,0.847294296115891,NA,5.12912299246509,148.881225234909,7.33971298996553,0.711042917646321,-0.745430467180022,-0.486275121734988,2,575
"751",1305789,1305789,1175,"2019_Grotenete","gn-5","VR2W-122332",51.125942,4.718199,2019-11-03 02:52:11,2019-11-03 02:55:31,4,12458,6683.966204,0.53652,31538.220249,31338.233487,TRUE,35783.626426,15,2019-11-03 18:04:36,4445.392939,54745,0.0812018072700703,TRUE,200,"gn-6_gn-5",TRUE,"transition",12.0527883635243,0.780866256005896,NA,4.09039586902488,94.1390447435385,6.8552601951157,0.511354087983188,-0.0814541431643825,-0.0664280401099941,2,575
"752",1305789,1305789,1176,"2019_Grotenete","gn-4","VR2W-122353",51.135075,4.664932,2019-11-03 18:04:36,2019-11-03 23:18:02,30,64048,4503.97007,0.070322,36042.190319,35783.626426,TRUE,39887.614896,18,2019-11-05 00:06:42,4103.98847,108126,0.0379556116937647,TRUE,18806,"gn-5_gn-4",TRUE,"transition",12.2727617171256,0.322902820911347,NA,5.01246837518336,117.351431935607,7.05953175849621,0.423884099750449,0.219973353601326,-0.457963435094549,1,573.5
"753",1305789,1305789,1179,"2019_Grotenete","gn-3","VR2W-122365",51.130352,4.617316,2019-11-05 00:06:42,2019-11-05 00:14:23,7,98953.5,4186.83712,0.042311,40229.027439,39887.614896,TRUE,44215.902021,20,2019-11-05 02:58:28,4328.287125,10306,0.419977403939453,TRUE,461,"gn-4_gn-3",TRUE,"transition",12.3168158884178,0.135519399693337,NA,4.62393483577771,104.865083060154,6.7123855808146,0.359748998508483,0.0440541712921814,-0.187383421218011,1,570
"754",1305789,1305789,1180,"2019_Grotenete","gn-2","VR2W-127721",51.135829,4.5937,2019-11-05 01:38:35,2019-11-05 02:06:58,22,6134,2138.410314,0.348616,42367.437753,42026.025211,TRUE,46288.624568,21,2019-11-05 17:38:21,4262.599357,57586,0.07402145238426,TRUE,1703,"gn-3_gn-2",TRUE,"transition",12.2086172111899,0.0313195905446277,NA,3.83481633250258,102.460252510863,6.20876290733939,0.327590028847481,-0.108198677227955,-0.104199809148709,2,568
"755",1305789,1305789,1181,"2019_Grotenete","bn-3","VR2W-124063",51.126391,4.571903,2019-11-05 02:58:28,2019-11-05 04:32:21,89,6758,2189.87681,0.324042,44557.314563,44215.902021,TRUE,50582.614153,22,2019-11-06 01:11:09,6366.712132,79961,0.0796227177248909,TRUE,5633,"gn-2_bn-3",TRUE,"tidal",12.1582170001094,8.9040718920007,NA,3.30605929569421,62.7319390989047,6.16994554957497,0.297816346446528,-0.0504002110804738,8.87275230145607,2,568
"756",1305789,1305789,1182,"2019_Grotenete","bn-2","VR2W-124078",51.117416,4.549158,2019-11-05 17:38:21,2019-11-05 17:46:19,8,50215.5,2072.722547,0.041277,46630.03711,46288.624568,TRUE,50582.614153,22,2019-11-06 01:11:09,4293.989585,27168,0.158053209106302,TRUE,478,"bn-3_bn-2",TRUE,"tidal",12.2331570442111,7.91447096590742,NA,3.88308908890264,85.204115993017,6.35482610776999,0.271556169257269,0.0749400441017247,-0.989600926093278,1,566.5
"757",1305789,1305789,1183,"2019_Grotenete","bn-1","VR2W-122351",51.093001,4.506837,2019-11-06 01:11:09,2019-11-06 01:41:47,28,27848,4293.989585,0.154194,50924.026695,50582.614153,TRUE,55176.559657,23,2019-11-06 03:30:33,4593.945504,8364,0.549252212338593,TRUE,1838,"bn-2_bn-1",TRUE,"tidal",12.2535983291187,0.6609687724903,NA,4.03983963161785,97.0728855947201,6.4595807680657,0.216287273247401,0.0204412849076192,-7.25350219341712,2,565
"758",1305789,1305789,1184,"2019_Grotenete","bn-Walem","VR2W-122339",51.07183,4.45474,2019-11-06 03:30:33,2019-11-07 00:35:10,24,45383.5,4593.945504,0.101225,55517.972199,55176.559657,TRUE,62601.734282,25,2019-11-08 14:36:16,7425.174625,212743,0.034902086672652,TRUE,75877,"bn-1_bn-Walem",TRUE,"tidal",12.1168472753848,0.346292870315427,NA,2.80847776158516,78.7597053843312,6.02984318589438,0.16565203202275,-0.136751053733938,-0.314675902174874,1,563.5
"759",1305789,1305789,1186,"2019_Grotenete","ru-1","VR2W-122328",51.082273,4.366215,2019-11-08 14:36:16,2019-11-08 15:19:03,27,176088,7425.174625,0.042167,62943.146824,62601.734282,TRUE,72906.866784,27,2019-11-11 16:52:55,10305.132502,267399,0.0385384107719176,TRUE,2567,"bn-Walem_ru-1",TRUE,"tidal",11.6290816328941,0.287390926461615,NA,0.600986395728541,69.2329932124612,5.76037414994658,0.0591516626286962,-0.487765642490722,-0.0589019438538118,1,558.333333333333
"760",1305789,1305789,1187,"2019_Grotenete","me-7-2b","VR2W-113524",51.1008,4.330483,2019-11-08 16:46:03,2019-11-08 16:57:00,10,6832,3445.459128,0.504312,66388.605952,66047.19341,TRUE,72906.866784,27,2019-11-11 16:52:55,6859.67337399999,259612,0.0264227900636334,TRUE,657,"ru-1_me-7-2b",TRUE,"tidal",11.5937743637448,13.6007248801961,NA,2.18825016803867,147.224267158864,6.21068131542157,0.0788516374598842,-0.0353072691492837,13.3133339537345,2,555
"761",1305789,1305789,1188,"2019_Grotenete","s-8","VR2W-112295",51.14319,4.33078,2019-11-11 16:52:55,2019-11-11 16:52:55,1,259283.5,6859.673374,0.026456,73248.279326,72906.866784,TRUE,78555.442897,28,2019-11-11 17:49:56,5648.576113,3421,1.65114765068693,TRUE,0,"me-7-2b_s-8",TRUE,"tidal",11.1787528867994,11.8938830182985,NA,3.76843320030904,153.394300540775,6.94248571614868,0.0239672115049378,-0.415021476945389,-1.70684186189762,1,550
"762",1305789,1305789,1189,"2019_Grotenete","s-9","VR2W-127738",51.19068,4.33602,2019-11-11 17:49:56,2019-11-11 18:00:18,9,3732,5407.156952,1.448863,78896.855439,78555.442897,TRUE,86022.171044,29,2019-11-11 19:16:39,7466.728147,5203,1.43508132750336,TRUE,622,"s-8_s-9",TRUE,"tidal",10.9304960098557,1.02911570061778,NA,4.80898135691175,199.675465219601,7.40500463691008,0.0882620721843443,-0.248256876943667,-10.8647673176807,2,545
"763",1305789,1305789,1190,"2019_Grotenete","s-10a","VR2W-127716",51.235423,4.396673,2019-11-11 19:16:39,2019-11-11 19:18:46,3,4955.5,7708.147308,1.555473,86363.583586,86022.171044,TRUE,100575.552435,30,2019-11-12 04:26:40,14553.381391,33001,0.440998193721402,TRUE,127,"s-9_s-10a",TRUE,"tidal",11.2479204020744,0.547554331248261,NA,6.12307541054396,158.363074005899,7.55673041850449,0.111333752909278,0.317424392218692,-0.481561369369516,2,545
"764",1305789,1305789,1191,"2019_Grotenete","s-12","VR2W-127732",51.30305,4.28731,2019-11-12 04:26:40,2019-11-12 04:29:18,3,33016.5,14553.381391,0.440791,100916.964977,100575.552435,TRUE,125923.958763,31,2019-11-12 16:24:12,25348.406328,43052,0.588785801542321,TRUE,158,"s-10a_s-12",TRUE,"tidal",11.7349352671388,23.6610342838831,NA,14.8328627852414,48.4131620097249,8.43365284051398,0.0761622270284508,0.487014865064406,23.1134799526348,2,545
"765",1305790,1305790,1196,"2019_Grotenete","rel_grotenete1","none",51.144779,5.003906,2019-10-02 13:00:00,2019-10-02 13:00:00,1,NA,NA,NA,0,0,NA,7635.421578,4,2019-12-23 23:13:58,7635.421578,7121638,0.00107214401771053,FALSE,0,"NA_rel_grotenete1",NA,"non-tidal",12.1393508590185,0.0598757705134101,NA,5.62563199133096,57.0214730493612,3.5944588695473,0.384337026809563,NA,NA,NA,691
"766",1305790,1305790,1197,"2019_Grotenete","gn-14","VR2W-122358",51.138267,4.996319,2019-12-23 19:45:54,2019-12-23 19:48:36,3,7109235,1048.509145,0.000147,1048.509145,1048.509145,TRUE,7635.421578,4,2019-12-23 23:13:58,6586.912433,12484,0.527628358939442,TRUE,162,"rel_grotenete1_gn-14",TRUE,"non-tidal",9.28813925793798,0.0371751864527335,NA,4.71993081933222,102.577360527507,7.61115993973482,0.399888106023804,-2.85121160108052,-0.0227005840606766,1,555.349397590361
"767",1305790,1305790,1198,"2019_Grotenete","gn-13","VR2W-124066",51.119771,4.990306,2019-12-23 20:55:31,2019-12-23 20:59:06,4,4203.5,2389.94432,0.568561,3438.453465,3438.453465,TRUE,7635.421578,4,2019-12-23 23:13:58,4196.968113,8307,0.505232708920188,TRUE,215,"gn-14_gn-13",TRUE,"non-tidal",8.03412543395734,0.326607490982144,NA,0.63955732830279,64.4402556456943,8.04407049707347,0.485840423039468,-1.25401382398064,0.28943230452941,2,473
"768",1305790,1305790,1199,"2019_Grotenete","gn-11","VR2W-127720",51.09592,4.957142,2019-12-23 23:13:58,2019-12-23 23:16:46,4,8283.5,4338.377744,0.523737,7776.831209,7635.421578,TRUE,21357.312272,7,2019-12-24 04:41:26,13721.890694,19648,0.698386130598534,TRUE,168,"gn-13_gn-11",TRUE,"non-tidal",7.92008424673901,2.17948694435825,NA,0.689054782292355,54.1449558773624,8.12193303958182,0.47391163529247,-0.114041187218334,1.85287945337611,2,473
"769",1305790,1305790,1200,"2019_Grotenete","gn-10","VR2W-122324",51.091558,4.945793,2019-12-23 23:45:45,2019-12-23 23:47:53,3,1887,1107.062052,0.586678,8883.893261,8742.48363,TRUE,21357.312272,7,2019-12-24 04:41:26,12614.828642,17741,0.71105510636379,TRUE,128,"gn-11_gn-10",TRUE,"non-tidal",7.8472572413637,1.4498976508169,NA,0.767849674168487,59.5754303761937,8.05917723397787,0.459921236312521,-0.0728270053753022,-0.729589293541356,2,473
"770",1305790,1305790,1201,"2019_Grotenete","gn-9","VR2W-127109",51.081153,4.913762,2019-12-24 00:49:33,2019-12-24 00:52:51,4,3863,2855.524863,0.739199,11739.418124,11598.008493,TRUE,21357.312272,7,2019-12-24 04:41:26,9759.303779,13913,0.701452151153597,TRUE,198,"gn-10_gn-9",TRUE,"non-tidal",7.775697376666,1.02074262417777,NA,0.880282219994296,82.4245817941239,8.21922613380567,0.509440523491462,-0.0715598646977078,-0.429155026639128,2,473
"771",1305790,1305790,1202,"2019_Grotenete","gn-7","VR2W-122340",51.061848,4.787587,2019-12-24 04:41:26,2020-01-10 16:42:01,23681,769831.5,9817.88091,0.012753,21557.299034,21357.312272,FALSE,31338.233487,9,2020-01-10 21:40:38,9980.921215,1529952,0.00652368258285227,TRUE,1512035,"gn-9_gn-7",TRUE,"non-tidal",7.09509413924059,0.0509980185283801,NA,0.967511003323751,68.6795107880984,8.41551113521137,0.903167744132052,-0.68060323742541,-0.969744605649387,1,475.4
"772",1305790,1305790,1203,"2019_Grotenete","gn-6","VR2W-122333",51.078636,4.757592,2020-01-10 18:07:42,2020-01-10 18:12:12,5,761293.5,3296.955011,0.004331,24854.254045,24654.267283,TRUE,31338.233487,9,2020-01-10 21:40:38,6683.966204,12776,0.523165795554164,TRUE,270,"gn-7_gn-6",TRUE,"non-tidal",7.06844915284882,0.0344402129086802,NA,0.693419161512251,42.7188969464521,9.12783405638095,0.712787862276681,-0.0266449863917622,-0.0165578056196999,1,486.1
"773",1305790,1305790,1204,"2019_Grotenete","gn-5","VR2W-122332",51.125942,4.718199,2020-01-10 21:40:38,2020-01-10 21:42:32,3,12698,6683.966204,0.526379,31538.220249,31338.233487,TRUE,35783.626426,10,2020-01-11 00:04:54,4445.392939,8656,0.513562030845656,TRUE,114,"gn-6_gn-5",TRUE,"transition",8.29878699258173,1.44787314687949,NA,0.469664114986172,65.6487966495699,8.52283945897591,0.530636747284856,1.2303378397329,1.41343293397081,2,494
"774",1305790,1305790,1205,"2019_Grotenete","gn-4","VR2W-122353",51.135075,4.664932,2020-01-11 00:04:54,2020-01-11 00:09:31,5,8737.5,4503.97007,0.515476,36042.190319,35783.626426,TRUE,39887.614896,11,2020-01-11 17:04:23,4103.98847,61169,0.0670926199545521,TRUE,277,"gn-5_gn-4",TRUE,"transition",8.45712015769412,1.36385529610172,NA,0.420179789149679,45.3216414157661,8.17200173766065,0.449515338372638,0.158333165112394,-0.0840178507777729,2,494
"775",1305790,1305790,1206,"2019_Grotenete","gn-3","VR2W-122365",51.130352,4.617316,2020-01-11 17:04:23,2020-01-11 17:29:13,22,61775.5,4186.83712,0.067775,40229.027439,39887.614896,TRUE,44215.902021,13,2020-01-11 19:47:53,4328.287125,9810,0.441211735474006,TRUE,1490,"gn-4_gn-3",TRUE,"transition",7.99047001061212,1.25003098370592,NA,0.445497852407911,56.7450860434009,8.52473649448926,0.381862419167281,-0.466650147081997,-0.113824312395797,2,495
"776",1305790,1305790,1207,"2019_Grotenete","gn-2","VR2W-127721",51.135829,4.5937,2020-01-11 18:59:06,2020-01-11 19:25:10,19,6920,2138.410314,0.309019,42367.437753,42026.025211,TRUE,46288.624568,14,2020-01-11 20:30:39,4262.599357,5493,0.776005708538139,TRUE,1564,"gn-3_gn-2",TRUE,"transition",7.59909383256233,0.521604510464359,NA,0.582085166907915,78.8319100914019,8.84788486749309,0.344929565391969,-0.391376178049788,-0.728426473241565,2,496
"777",1305790,1305790,1208,"2019_Grotenete","bn-3","VR2W-124063",51.126391,4.571903,2020-01-11 19:47:53,2020-01-11 19:52:39,5,2288,2189.87681,0.957114,44557.314563,44215.902021,TRUE,50582.614153,15,2020-01-11 22:01:19,6366.712132,8006,0.795242584561579,TRUE,286,"gn-2_bn-3",TRUE,"tidal",7.82525036370778,0.400612793622134,NA,0.52444160345836,80.5191363197352,8.45304390006532,0.316117197184147,0.226156531145445,-0.120991716842225,2,496
"778",1305790,1305790,1209,"2019_Grotenete","bn-2","VR2W-124078",51.117416,4.549158,2020-01-11 20:30:39,2020-01-11 20:36:07,5,2587,2072.722547,0.801207,46630.03711,46288.624568,TRUE,50582.614153,15,2020-01-11 22:01:19,4293.989585,5440,0.789336320772059,TRUE,328,"bn-3_bn-2",TRUE,"tidal",7.93292357702882,21.4396042087707,NA,0.487565223871721,80.3205297265593,8.29395258553823,0.288252729895642,0.107673213321043,21.0389914151486,2,496
"779",1305790,1305790,1210,"2019_Grotenete","bn-1","VR2W-122351",51.093001,4.506837,2020-01-11 22:01:19,2020-01-11 22:14:42,12,5677.5,4293.989585,0.756317,50924.026695,50582.614153,TRUE,55176.559657,16,2020-01-11 23:57:21,4593.945504,6962,0.659860026429186,TRUE,803,"bn-2_bn-1",TRUE,"tidal",8.05847902610912,12.3645482625839,NA,0.435502161032178,74.198854517318,8.22042805728649,0.234564313991198,0.125555449080299,-9.0750559461868,2,496
"780",1305790,1305790,1211,"2019_Grotenete","bn-Walem","VR2W-122339",51.07183,4.45474,2020-01-11 23:57:21,2020-01-12 05:59:38,21,17429,4593.945504,0.263581,55517.972199,55176.559657,TRUE,62601.734282,18,2020-01-12 08:13:28,7425.174625,29767,0.249443162730541,TRUE,21737,"bn-1_bn-Walem",TRUE,"tidal",8.05035160968098,11.4570214683724,NA,0.421107259999413,52.8794507467397,8.01863142958793,0.178054235026941,-0.00812741642813641,-0.907526794211517,2,496
"781",1305790,1305790,1213,"2019_Grotenete","ru-1","VR2W-122328",51.082273,4.366215,2020-01-12 08:13:28,2020-01-12 08:21:41,7,19145,7425.174625,0.387839,62943.146824,62601.734282,TRUE,78555.442897,20,2020-01-12 19:13:46,15953.708615,39618,0.402688389494674,TRUE,493,"bn-Walem_ru-1",TRUE,"tidal",7.82615384581238,0.99925140706833,NA,0.4192307692383,63.8461538549881,8.03076923113766,0.0684165323168863,-0.224197763868601,-10.4577700613041,2,496
"782",1305790,1305790,1214,"2019_Grotenete","me-7-2b","VR2W-113524",51.1008,4.330483,2020-01-12 09:23:36,2020-01-12 09:25:24,3,4015.5,3445.459128,0.85804,66388.605952,66047.19341,TRUE,78555.442897,20,2020-01-12 19:13:46,12508.249487,35410,0.353240595509743,TRUE,108,"ru-1_me-7-2b",TRUE,"tidal",7.87139259369173,0.484740446795125,NA,0.356404072914541,84.7638099655463,7.97459932761176,0.096213301008122,0.0452387478793517,-0.514510960273205,2,496
"783",1305790,1305790,1215,"2019_Grotenete","s-9","VR2W-127738",51.19068,4.33602,2020-01-12 19:13:46,2020-01-12 19:14:31,2,35378.5,12266.830326,0.346731,78896.855439,78555.442897,TRUE,86022.171044,21,2020-01-12 20:37:10,7466.728147,5004,1.4921519078737,TRUE,45,"me-7-2b_s-9",TRUE,"tidal",7.45764461057546,36.2883981231538,NA,0.296840134418263,95.9320439048996,9.2353835805861,0.103586350634522,-0.413747983116274,35.8036576763587,2,497
"784",1305790,1305790,1216,"2019_Grotenete","s-10a","VR2W-127716",51.235423,4.396673,2020-01-12 20:37:10,2020-01-12 20:41:02,2,5097.5,7708.147308,1.512143,86363.583586,86022.171044,TRUE,104431.172605,22,2020-01-13 21:21:17,18409.001561,89047,0.206733540276483,TRUE,232,"s-9_s-10a",TRUE,"tidal",7.32444901186141,22.321388402826,NA,0.568624064067996,117.356030054814,9.60344380027898,0.125161403065424,-0.133195598714051,-13.9670097203278,2,498
"785",1305790,1305790,1217,"2019_Grotenete","s-STD3","VR2W-134898",51.330504,4.270161,2020-01-13 21:21:17,2020-01-13 21:22:23,2,88964,18409.001561,0.206926,104772.585147,104431.172605,TRUE,151259.367526,23,2020-01-15 21:34:37,46828.194921,173600,0.269747666595622,TRUE,66,"s-10a_s-STD3",TRUE,"tidal",7.42461567322896,3.61132181961742,NA,0.993556420218779,86.8309877831794,10.6342244352009,0.0503851709972469,0.100166661367552,-18.7100665832086,2,499
"786",1305791,1305791,1219,"2019_Grotenete","rel_grotenete1","none",51.144779,5.003906,2019-10-02 13:00:00,2019-10-02 13:00:00,1,NA,NA,NA,0,0,NA,7635.421578,4,2019-12-25 06:48:34,7635.421578,7235314,0.001055299269389,FALSE,0,"NA_rel_grotenete1",NA,"non-tidal",12.1393508590185,1.32243846218486,NA,5.62563199133096,57.0214730493612,3.5944588695473,0.384337026809563,NA,NA,NA,691
"787",1305791,1305791,1220,"2019_Grotenete","gn-14","VR2W-122358",51.138267,4.996319,2019-10-17 17:39:22,2019-10-17 17:41:20,3,1312821,1048.509145,0.000799,1048.509145,1048.509145,TRUE,7635.421578,4,2019-12-25 06:48:34,6586.912433,5922552,0.00111217468972835,FALSE,118,"rel_grotenete1_gn-14",TRUE,"non-tidal",13.6711237808778,0.676492955377342,NA,6.22203845935457,63.0867714498069,6.50078541572706,0.383298288869375,1.53177292185926,-0.645945506807521,1,662.3125
"788",1305791,1305791,1221,"2019_Grotenete","gn-13","VR2W-124066",51.119771,4.990306,2019-10-17 18:35:22,2019-10-17 18:38:22,4,3391,2389.94432,0.70479,3438.453465,3438.453465,TRUE,7635.421578,4,2019-12-25 06:48:34,4196.968113,5919192,0.00070904409132192,FALSE,180,"gn-14_gn-13",TRUE,"non-tidal",14.7441074799766,0.543186199021214,NA,8.31078501645975,39.7503844455526,7.36045899609752,0.403651127157721,1.07298369909885,-0.133306756356128,2,634
"789",1305791,1305791,1222,"2019_Grotenete","gn-11","VR2W-127720",51.09592,4.957142,2019-12-25 06:48:34,2019-12-25 07:14:33,29,5919881.5,4338.377744,0.000733,7776.831209,7635.421578,NA,NA,NA,NA,NA,NA,NA,FALSE,1559,"gn-13_gn-11",TRUE,"non-tidal",8.85733213163633,0.110929246368112,NA,4.22899344620626,110.728887590407,7.81177114934736,0.353437834630431,-5.88677534834028,-0.432256952653102,1,530.492753623188
"790",1305791,1305791,1223,"2019_Grotenete","gn-10","VR2W-122324",51.091558,4.945793,2019-12-25 12:12:51,2019-12-25 13:29:11,67,20967.5,1107.062052,0.052799,8883.893261,8742.48363,NA,NA,NA,NA,NA,NA,NA,FALSE,4580,"gn-11_gn-10",TRUE,"non-tidal",8.05822450599942,0.0535395101821178,NA,0.821065165222275,73.5746613537541,8.23760609058989,0.44574465486457,-0.799107625636918,-0.0573897361859943,2,473.5
"791",1305792,1305792,1224,"2019_Grotenete","rel_grotenete1","none",51.144779,5.003906,2019-10-02 13:00:00,2019-10-02 13:00:00,1,NA,NA,NA,0,0,NA,7635.421578,3,2019-10-16 18:13:10,7635.421578,1228390,0.00621579594265665,FALSE,0,"NA_rel_grotenete1",NA,"non-tidal",12.1393508590185,0.432485759411973,NA,5.62563199133096,57.0214730493612,3.5944588695473,0.384337026809563,NA,NA,NA,691
"792",1305792,1305792,1225,"2019_Grotenete","gn-13","VR2W-124066",51.119771,4.990306,2019-10-03 04:29:15,2019-10-03 04:31:17,3,55816,3438.453465,0.061603,3438.453465,3438.453465,TRUE,7635.421578,3,2019-10-16 18:13:10,4196.968113,1172635,0.00357909162953519,FALSE,122,"rel_grotenete1_gn-13",TRUE,"non-tidal",14.8146494374922,0.596858859691784,NA,6.97741602094807,88.6774299187473,6.5606337153296,0.400066213188342,2.67529857847367,0.164373100279812,1,691
"793",1305792,1305792,1226,"2019_Grotenete","gn-11","VR2W-127720",51.09592,4.957142,2019-10-16 18:13:10,2019-10-16 18:15:59,4,1172658.5,4338.377744,0.0037,7776.831209,7635.421578,TRUE,21357.312272,7,2019-10-17 22:27:39,13721.890694,101669,0.134966319074644,TRUE,169,"gn-13_gn-11",TRUE,"non-tidal",14.197281532745,0.727473791492577,NA,6.06831691984819,61.7312127657997,6.48707594948495,0.336290338530197,-0.617367904747207,0.130614931800793,1,664.2
"794",1305792,1305792,1227,"2019_Grotenete","gn-10","VR2W-122324",51.091558,4.945793,2019-10-16 18:43:57,2019-10-17 17:44:32,25,43180,1107.062052,0.025638,8883.893261,8742.48363,TRUE,21357.312272,7,2019-10-17 22:27:39,12614.828642,99822,0.126373230770772,TRUE,82835,"gn-11_gn-10",TRUE,"non-tidal",14.6578775244616,0.627824560570236,NA,6.1950038904965,70.8681219789566,6.88222553915031,0.289967409831344,0.460595991716662,-0.0996492309223411,1,638
"795",1305792,1305792,1229,"2019_Grotenete","gn-9","VR2W-127109",51.081153,4.913762,2019-10-17 18:42:00,2019-10-17 18:46:02,5,44986.5,2855.524863,0.063475,11739.418124,11598.008493,TRUE,21357.312272,7,2019-10-17 22:27:39,9759.303779,13539,0.720828996159244,TRUE,242,"gn-10_gn-9",TRUE,"non-tidal",14.9370415652686,0.120725050746889,NA,6.21752311901424,67.8196911743339,6.64225897574777,0.420025199521402,0.279164040806933,-0.507099509823347,1,636
"796",1305792,1305792,1230,"2019_Grotenete","gn-7","VR2W-122340",51.061848,4.787587,2019-10-17 22:27:39,2019-10-23 18:05:01,1382,264739,9817.88091,0.037085,21557.299034,21357.312272,FALSE,31338.233487,22,2019-10-24 22:56:32,9980.921215,606533,0.0164556936143623,TRUE,502642,"gn-9_gn-7",TRUE,"non-tidal",14.449024685121,0.027060754430319,NA,5.24602860339462,73.2530620306781,6.33320363043539,0.927944959907692,-0.488016880147514,-0.0936642963165699,1,628
"797",1305792,1305792,1244,"2019_Grotenete","gn-6","VR2W-122333",51.078636,4.757592,2019-10-24 18:54:09,2019-10-24 19:11:32,16,341190.5,3296.955011,0.009663,24854.254045,24654.267283,TRUE,31338.233487,22,2019-10-24 22:56:32,6683.966204,14543,0.459600234064498,TRUE,1043,"gn-7_gn-6",TRUE,"non-tidal",14.1094721275436,1.09253427624303,NA,4.65288365036259,79.4433403303521,6.05834352870846,0.71014391938937,-0.339552557577424,1.06547352181271,1,615
"798",1305792,1305792,1245,"2019_Grotenete","gn-5","VR2W-122332",51.125942,4.718199,2019-10-24 22:56:32,2019-10-24 22:59:36,4,14113.5,6683.966204,0.473587,31538.220249,31338.233487,TRUE,35783.626426,23,2019-10-25 18:26:35,4445.392939,70203,0.0633219796732334,TRUE,184,"gn-6_gn-5",TRUE,"transition",14.3434334103069,0.739120206191525,NA,4.19128890838331,94.2840470606806,6.0731130003681,0.499023024045512,0.23396128276323,-0.353414070051506,2,608
"799",1305792,1305792,1246,"2019_Grotenete","gn-4","VR2W-122353",51.135075,4.664932,2019-10-25 18:26:35,2019-10-25 18:33:09,8,70308,4503.97007,0.064061,36042.190319,35783.626426,TRUE,39887.614896,24,2019-10-25 21:06:13,4103.98847,9578,0.428480733973689,TRUE,394,"gn-5_gn-4",TRUE,"transition",14.339638776695,0.7044297721816,NA,4.87264844035171,125.50572395873,6.26688308342786,0.414573844478163,-0.00379463361180754,-0.0346904340099243,1,606
"800",1305792,1305792,1247,"2019_Grotenete","gn-3","VR2W-122365",51.130352,4.617316,2019-10-25 21:06:13,2019-10-25 21:12:28,7,9568.5,4186.83712,0.437565,40229.027439,39887.614896,TRUE,44215.902021,26,2019-10-26 18:45:49,4328.287125,77976,0.0555079399430594,TRUE,375,"gn-4_gn-3",TRUE,"transition",14.4520568409549,0.291708301280661,NA,3.15914691879014,92.3828912824738,6.22234769136092,0.346306267043694,0.112418064259836,-0.412721470900939,2,604
"801",1305792,1305792,1248,"2019_Grotenete","gn-2","VR2W-127721",51.135829,4.5937,2019-10-26 18:00:49,2019-10-26 18:21:11,19,75699.5,2138.410314,0.028249,42367.437753,42026.025211,TRUE,46288.624568,27,2019-10-26 19:55:36,4262.599357,6887,0.618934130535792,TRUE,1222,"gn-3_gn-2",TRUE,"transition",14.5054963261154,0.115472870850113,NA,4.55551054803596,134.486358217856,6.5879984667923,0.318222343279621,0.0534394851604976,-0.176235430430548,1,602
"802",1305792,1305792,1249,"2019_Grotenete","bn-3","VR2W-124063",51.126391,4.571903,2019-10-26 18:45:49,2019-10-26 18:54:27,8,2348,2189.87681,0.932656,44557.314563,44215.902021,TRUE,50582.614153,30,2019-10-27 07:55:25,6366.712132,47376,0.134386865332658,TRUE,518,"gn-2_bn-3",TRUE,"tidal",14.5013292052084,14.1546005540503,NA,3.61634734299738,149.279055752728,6.5257594927002,0.290559295693689,-0.00416712090701665,14.0391276832002,2,600
"803",1305792,1305792,1250,"2019_Grotenete","bn-2","VR2W-124078",51.117416,4.549158,2019-10-26 19:55:36,2019-10-27 04:31:56,158,19418,2072.722547,0.106742,46630.03711,46288.624568,TRUE,50582.614153,30,2019-10-27 07:55:25,4293.989585,43189,0.0994232231586747,TRUE,30980,"bn-3_bn-2",TRUE,"tidal",14.4757356126688,8.1631750280425,NA,3.24578680604932,110.266489253526,6.58096101147315,0.263449479875803,-0.0255935925395239,-5.99142552600778,1,600
"804",1305792,1305792,1253,"2019_Grotenete","bn-1","VR2W-122351",51.093001,4.506837,2019-10-27 07:55:25,2019-10-27 08:15:39,20,28306,4293.989585,0.151699,50924.026695,50582.614153,TRUE,55176.559657,31,2019-10-27 19:01:17,4593.945504,39952,0.114986621545855,TRUE,1214,"bn-2_bn-1",TRUE,"tidal",14.5075274387526,7.56401847929861,NA,4.72696241076782,164.958113810079,6.90497556446383,0.209983846827761,0.0317918260837704,-0.59915654874388,1,600
"805",1305792,1305792,1254,"2019_Grotenete","bn-Walem","VR2W-122339",51.07183,4.45474,2019-10-27 19:01:17,2019-10-27 19:16:38,14,39805.5,4593.945504,0.11541,55517.972199,55176.559657,TRUE,62601.734282,32,2019-10-27 22:28:33,7425.174625,12436,0.597070973383725,TRUE,921,"bn-1_bn-Walem",TRUE,"tidal",14.3848197618774,0.622336070979137,NA,3.4036433636323,127.040247017236,6.66202720906952,0.155610834562569,-0.122707676875184,-6.94168240831948,1,598.5
"806",1305792,1305792,1255,"2019_Grotenete","ru-1","VR2W-122328",51.082273,4.366215,2019-10-27 22:28:33,2019-10-28 09:39:03,17,32090.5,7425.174625,0.231382,62943.146824,62601.734282,TRUE,72606.862417,35,2019-10-29 16:33:36,10005.128135,151503,0.0660391420301908,TRUE,40230,"bn-Walem_ru-1",TRUE,"tidal",14.1407407408523,0.283765353048528,NA,0.804629630879105,100.064814827394,5.85740740766916,0.0493297626905197,-0.244079021025108,-0.338570717930609,2,597
"807",1305792,1305792,1257,"2019_Grotenete","me-7-2b","VR2W-113524",51.1008,4.330483,2019-10-28 19:30:47,2019-10-28 19:40:55,9,55923,3445.459128,0.061611,66388.605952,66047.19341,TRUE,72606.862417,35,2019-10-29 16:33:36,6559.66900699999,75769,0.0865745754464225,TRUE,608,"ru-1_me-7-2b",TRUE,"tidal",14.0788996351442,0.222730363730713,NA,2.91334621451475,133.672022987581,6.40454149071762,0.0753009873724447,-0.0618411057081598,-0.0610349893178146,1,595
"808",1305792,1305792,1258,"2019_Grotenete","s-8","VR2W-127719",51.14222,4.32646,2019-10-29 16:33:36,2019-10-29 16:56:28,14,76151,6859.673374,0.09008,72948.274959,72606.862417,TRUE,78314.023736,36,2019-10-29 17:53:02,5707.16131900001,4766,1.1974740493076,TRUE,1372,"me-7-2b_s-8",TRUE,"tidal",13.8904652362264,8.16754274625185,NA,4.31240273457522,169.281817570529,6.77594138612473,0.020941425444194,-0.188434398917725,7.94481238252114,1,591
"809",1305792,1305792,1259,"2019_Grotenete","s-9","VR2W-122319",51.19069,4.32954,2019-10-29 17:53:02,2019-10-29 17:58:19,3,4238.5,5407.156952,1.275724,78655.436278,78314.023736,TRUE,86163.588749,37,2019-10-29 19:07:21,7849.565013,4459,1.76038686095537,TRUE,317,"s-8_s-9",TRUE,"tidal",13.9873573603418,5.83765955139404,NA,7.9903039041481,164.907014826231,7.08210670572372,0.0763007044540886,0.0968921241153584,-2.32988319485781,2,589
"810",1305792,1305792,1260,"2019_Grotenete","ak-41","VR2W-126195",51.239128,4.397469,2019-10-29 19:07:21,2019-10-29 19:08:21,2,4330.5,7849.565013,1.812623,86505.001291,86163.588749,TRUE,100616.976759,38,2019-10-31 07:56:44,14453.38801,132563,0.109030332822884,TRUE,60,"s-9_ak-41",TRUE,"tidal",14.1919749220551,0.517111178972358,NA,8.32692888350088,187.459796761521,7.17622465070594,0.102029194952105,0.204617561713262,-5.32054837242168,2,589
"811",1305792,1305792,1261,"2019_Grotenete","s-12","VR2W-127728",51.29646,4.2857,2019-10-31 07:56:44,2019-10-31 08:00:23,4,132642.5,14411.963686,0.108653,100958.389301,100616.976759,TRUE,125685.422688,40,2019-10-31 21:34:38,25068.445929,49074,0.510829480559971,TRUE,219,"ak-41_s-12",TRUE,"tidal",14.0428893829812,0.29740772111452,NA,15.4383746830067,83.9006774476745,7.78939051647419,0.0699223124820643,-0.149085539073845,-0.219703457857838,1,587.5
"812",1305792,1305792,1262,"2019_Grotenete","s-STD3","VR2W-134898",51.330504,4.270161,2019-10-31 09:02:01,2019-10-31 09:04:01,2,3867.5,3855.62017,0.996928,105055.436707,104431.172605,TRUE,125685.422688,40,2019-10-31 21:34:38,21254.250083,45157,0.470674537347477,TRUE,120,"s-12_s-STD3",TRUE,"tidal",13.4188283744967,14.191835146829,NA,13.3745090453192,119.086207468552,7.67735227726737,0.039654676469185,-0.624061008484535,13.8944274257145,2,586
"813",1305793,1305793,1292,"2019_Grotenete","rel_grotenete1","none",51.144779,5.003906,2019-10-02 13:00:00,2019-10-02 13:00:00,1,NA,NA,NA,0,0,NA,7635.421578,7,2019-10-17 19:33:53,7635.421578,1319633,0.00578601897497259,FALSE,0,"NA_rel_grotenete1",NA,"non-tidal",12.1393508590185,0.0598757705134101,NA,5.62563199133096,57.0214730493612,3.5944588695473,0.384337026809563,NA,NA,NA,691
"814",1305793,1305793,1293,"2019_Grotenete","gn-14","VR2W-122358",51.138267,4.996319,2019-10-17 02:16:08,2019-10-17 02:33:52,16,1257900,1048.509145,0.000834,1048.509145,1048.509145,TRUE,7635.421578,7,2019-10-17 19:33:53,6586.912433,62265,0.105788363173532,TRUE,1064,"rel_grotenete1_gn-14",TRUE,"non-tidal",13.6353162433604,0.0302411893697989,NA,6.2080977009961,62.6228354295357,6.49560348389588,0.408835976715037,1.49596538434191,-0.0296345811436111,1,664.2
"815",1305793,1305793,1294,"2019_Grotenete","gn-13","VR2W-124066",51.119771,4.990306,2019-10-17 03:52:20,2019-10-17 17:20:33,96,29486.5,2389.94432,0.081052,3438.453465,3438.453465,TRUE,7635.421578,7,2019-10-17 19:33:53,4196.968113,56493,0.0742918257660241,TRUE,48493,"gn-14_gn-13",TRUE,"non-tidal",14.3844740542123,0.175332209702797,NA,6.99517374051134,75.5130475016753,7.02943855367159,0.4127843891653,0.749157810851926,0.145091020332998,2,638
"816",1305793,1305793,1298,"2019_Grotenete","gn-11","VR2W-127720",51.09592,4.957142,2019-10-17 19:33:53,2019-10-17 19:36:23,3,32321.5,4338.377744,0.134226,7776.831209,7635.421578,TRUE,21357.312272,10,2019-10-18 00:37:12,13721.890694,18199,0.753991466234408,TRUE,150,"gn-13_gn-11",TRUE,"non-tidal",14.9535951590742,1.21819206982153,NA,6.26619029967234,63.1145736758427,6.5689657688647,0.35531455656754,0.5691211048619,1.04285986011874,2,636
"817",1305793,1305793,1299,"2019_Grotenete","gn-10","VR2W-122324",51.091558,4.945793,2019-10-17 19:59:31,2019-10-17 20:05:38,7,1646.5,1107.062052,0.672373,8883.893261,8742.48363,TRUE,21357.312272,10,2019-10-18 00:37:12,12614.828642,16661,0.757147148550507,TRUE,367,"gn-11_gn-10",TRUE,"non-tidal",14.8014916404087,0.811986324311548,NA,6.74071601699449,79.4232911787848,7.06657962786355,0.325678756659126,-0.152103518665557,-0.406205745509985,2,634
"818",1305793,1305793,1300,"2019_Grotenete","gn-9","VR2W-127109",51.081153,4.913762,2019-10-17 21:02:23,2019-10-17 21:07:40,4,3747,2855.524863,0.762083,11739.418124,11598.008493,TRUE,21357.312272,10,2019-10-18 00:37:12,9759.303779,12889,0.757180834742804,TRUE,317,"gn-10_gn-9",TRUE,"non-tidal",14.8639307095012,0.576439237892935,NA,6.06196871851367,78.3198968243364,6.68310642173624,0.420619768141379,0.0624390690925392,-0.235547086418613,2,634
"819",1305793,1305793,1301,"2019_Grotenete","gn-7","VR2W-122340",51.061848,4.787587,2019-10-18 00:37:12,2019-10-18 10:05:18,59,29773.5,9817.88091,0.329752,21557.299034,21357.312272,TRUE,31338.233487,14,2019-10-19 18:31:16,9980.921215,150844,0.066167174133542,TRUE,34086,"gn-9_gn-7",TRUE,"non-tidal",14.9166936651987,0.0340539973716277,NA,5.0711677650427,62.6170535102041,6.05984951974031,0.926720081120443,0.0527629556975171,-0.542385240521307,2,634
"820",1305793,1305793,1304,"2019_Grotenete","gn-6","VR2W-122333",51.078636,4.757592,2019-10-18 19:50:54,2019-10-18 19:55:40,5,52322,3296.955011,0.063013,24854.254045,24654.267283,TRUE,31338.233487,14,2019-10-19 18:31:16,6683.966204,81622,0.0818892725490677,TRUE,286,"gn-7_gn-6",TRUE,"non-tidal",14.8016654642046,0.0287828707926858,NA,5.61737586453501,73.4178933186823,6.55348787105348,0.710810646616684,-0.115028200994157,-0.00527112657894196,2,632
"821",1305793,1305793,1305,"2019_Grotenete","gn-5","VR2W-122332",51.125942,4.718199,2019-10-19 18:31:16,2019-10-19 18:35:00,4,81591,6683.966204,0.08192,31538.220249,31338.233487,TRUE,35783.626426,15,2019-10-22 19:46:32,4445.392939,263716,0.0168567433868252,TRUE,224,"gn-6_gn-5",TRUE,"transition",14.6008981975038,0.824948359348853,NA,4.72074643973844,74.6621576835017,6.2619660386372,0.50800514315573,-0.200767266700792,0.796165488556168,2,628
"822",1305793,1305793,1306,"2019_Grotenete","gn-4","VR2W-122353",51.135075,4.664932,2019-10-22 19:46:32,2019-10-22 19:53:17,7,263806.5,4503.97007,0.017073,36042.190319,35783.626426,TRUE,39887.614896,16,2019-10-25 21:35:53,4103.98847,265761,0.0154424030237695,TRUE,405,"gn-5_gn-4",TRUE,"transition",14.3204365427649,0.812332609534446,NA,4.42237164168418,74.1183026806696,6.05085196277709,0.42554003667628,-0.280461654738863,-0.0126157498144072,1,620.5
"823",1305793,1305793,1307,"2019_Grotenete","gn-3","VR2W-122365",51.130352,4.617316,2019-10-25 21:35:53,2019-10-25 21:41:41,7,265732.5,4186.83712,0.015756,40229.027439,39887.614896,TRUE,44215.902021,18,2019-10-26 20:08:33,4328.287125,81160,0.0533302997166092,TRUE,348,"gn-4_gn-3",TRUE,"transition",14.3270567785231,0.726868425227551,NA,4.18433688091587,95.2335052659477,6.01943079309395,0.352308749228331,0.0066202357582128,-0.0854641843068952,1,609.5
"824",1305793,1305793,1308,"2019_Grotenete","gn-2","VR2W-127721",51.135829,4.5937,2019-10-26 19:08:20,2019-10-26 19:37:51,22,78258.5,2138.410314,0.027325,42367.437753,42026.025211,TRUE,46288.624568,21,2019-10-27 19:35:39,4262.599357,88039,0.0484171714467452,TRUE,1771,"gn-3_gn-2",TRUE,"transition",14.5063008163906,0.289566549268796,NA,4.53127023480787,136.5830793768,6.59260524787911,0.318281124825482,0.179244037867457,-0.437301875958755,1,602
"825",1305793,1305793,1309,"2019_Grotenete","bn-3","VR2W-124063",51.126391,4.571903,2019-10-26 20:08:33,2019-10-27 17:11:05,83,40603.5,2189.87681,0.053933,44557.314563,44215.902021,TRUE,50582.614153,22,2019-10-27 21:29:32,6366.712132,91259,0.06976530678618,TRUE,75752,"gn-2_bn-3",TRUE,"tidal",14.5335935917449,0.264487814949669,NA,4.70626290230944,141.836037036588,6.84809452457421,0.289670324458517,0.0272927753543435,-0.025078734319127,1,600
"826",1305793,1305793,1312,"2019_Grotenete","bn-2","VR2W-124078",51.117416,4.549158,2019-10-27 19:35:39,2019-10-27 19:45:52,11,46856.5,2072.722547,0.044236,46630.03711,46288.624568,TRUE,50582.614153,22,2019-10-27 21:29:32,4293.989585,6833,0.628419374359725,TRUE,613,"bn-3_bn-2",TRUE,"tidal",14.4272324175033,13.3526347346156,NA,4.34225826179971,135.489817665929,6.76351045002381,0.264316721854357,-0.106361174241661,13.088146919666,1,598.5
"827",1305793,1305793,1313,"2019_Grotenete","bn-1","VR2W-122351",51.093001,4.506837,2019-10-27 21:29:32,2019-10-27 22:10:08,33,7744.5,4293.989585,0.554457,50924.026695,50582.614153,TRUE,55176.559657,23,2019-10-28 07:57:33,4593.945504,37681,0.121916761869377,TRUE,2436,"bn-2_bn-1",TRUE,"tidal",14.3137835727022,7.23816307513659,NA,2.88653099371784,114.088553753013,6.17602883935769,0.21013581054167,-0.113448844801068,-6.11447165947905,2,597
"828",1305793,1305793,1314,"2019_Grotenete","bn-Walem","VR2W-122339",51.07183,4.45474,2019-10-28 07:57:33,2019-10-28 08:09:36,10,36824.5,4593.945504,0.124752,55517.972199,55176.559657,TRUE,62601.734282,24,2019-10-28 21:26:25,7425.174625,48532,0.152995438576609,TRUE,723,"bn-1_bn-Walem",TRUE,"tidal",14.2191152864511,6.70690008096505,NA,3.63356927388635,132.240204998974,6.53705709264429,0.15447990195217,-0.0946682862511565,-0.531262994171543,2,597
"829",1305793,1305793,1315,"2019_Grotenete","ru-1","VR2W-122328",51.082273,4.366215,2019-10-28 21:26:25,2019-10-28 21:51:27,16,48921.5,7425.174625,0.151777,62943.146824,62601.734282,TRUE,72606.862417,37,2019-11-09 18:50:26,10005.128135,1027441,0.00973791014277219,TRUE,1502,"bn-Walem_ru-1",TRUE,"tidal",13.8725609757899,0.555557967438959,NA,0.856402440271864,105.60365854971,5.86097561001497,0.0496115872460264,-0.346554310661135,-6.15134211352609,2,595
"830",1305793,1305793,1316,"2019_Grotenete","me-7-2b","VR2W-113524",51.1008,4.330483,2019-10-28 23:05:36,2019-11-09 15:43:14,90,510329,3445.459128,0.006751,66388.605952,66047.19341,TRUE,72606.862417,37,2019-11-09 18:50:26,6559.66900699999,1021490,0.0064216673751089,TRUE,1010258,"ru-1_me-7-2b",TRUE,"tidal",12.6580883691565,0.316277674265987,NA,2.7599109320745,133.575279321863,6.77117608822975,0.0763799295140853,-1.21447260663345,-0.239280293172972,1,582.285714285714
"831",1305793,1305793,1328,"2019_Grotenete","s-8","VR2W-127719",51.14222,4.32646,2019-11-09 18:50:26,2019-11-13 10:19:52,123,673844,6859.673374,0.01018,72948.274959,72606.862417,TRUE,78314.023736,45,2019-11-14 07:07:29,5707.16131900001,389823,0.0146403914571485,TRUE,314966,"me-7-2b_s-8",TRUE,"tidal",11.7800562564204,25.2620199181219,NA,3.92067853950019,143.180613396167,6.87297261882769,0.032813597972203,-0.878032112736095,24.9457422438559,1,558.333333333333
"832",1305793,1305793,1336,"2019_Grotenete","s-9","VR2W-122319",51.19069,4.32954,2019-11-14 07:07:29,2019-11-14 08:37:31,58,235041,5407.156952,0.023005,79255.445014,78314.023736,TRUE,86163.588749,46,2019-11-20 13:47:05,7849.565013,542376,0.0144725522755432,TRUE,5402,"s-8_s-9",TRUE,"tidal",10.3419807315881,13.3913650270329,NA,4.19738411879762,159.963758967015,7.63846818757561,0.0855015288724978,-1.43807552483222,-11.870654891089,1,542
"833",1305793,1305793,1337,"2019_Grotenete","ak-41","VR2W-126195",51.239128,4.397469,2019-11-20 13:47:05,2019-11-20 14:13:02,28,540453.5,7849.565013,0.014524,87105.010027,86163.588749,TRUE,100575.552435,47,2019-11-21 00:38:16,14411.963686,39071,0.368866005118886,TRUE,1557,"s-9_ak-41",TRUE,"tidal",9.82850072381685,7.03337170529152,NA,6.57816660068465,91.797839343272,8.34483093360127,0.109701181633971,-0.513480007771303,-6.35799332174137,1,528.625
"834",1305793,1305793,1338,"2019_Grotenete","s-12","VR2W-127732",51.30305,4.28731,2019-11-21 00:38:16,2019-11-21 00:54:00,16,38764.5,14411.963686,0.371783,101516.973713,100575.552435,TRUE,125171.186063,49,2019-11-24 02:51:00,24595.633628,267164,0.0920619306044227,TRUE,944,"ak-41_s-12",TRUE,"tidal",9.84174928987726,0.639338225671522,NA,14.5367429472578,32.8056892726319,9.20189990973383,0.0756351035423819,0.0132485660604154,-6.39403347961999,2,519
"835",1305793,1305793,1339,"2019_Grotenete","s-STD3","VR2W-134898",51.330504,4.270161,2019-11-21 01:47:29,2019-11-21 02:00:55,3,4084,3855.62017,0.944079,105372.593883,104431.172605,TRUE,125171.186063,49,2019-11-24 02:51:00,20740.013458,263011,0.0788560685978913,TRUE,806,"s-12_s-STD3",TRUE,"tidal",9.5169622323936,0.464438803685997,NA,11.9691227793693,51.1513705978981,9.02176327764336,0.0436757943522106,-0.324787057483663,-0.174899421985525,2,519
