,tag_serial_number,row_id,animal_project_code,station_name,receiver_id,deploy_latitude,deploy_longitude,arrival,departure,detections,swimtime_s,swimdistance_m,speed_m_s,totaldistance_m,distance_to_source_m,downstream_migration,first_dist_to_use,first_dist_to_use_idx,time_first_dist_to_use,delta_totdist,delta_t,migration_speed,migration
1,1171746,1,2019_Grotenete,rel_grotenete1,none,51.144779,5.003906,09/10/2019 17:30,09/10/2019 17:30,1,NA,NA,NA,0,0,FALSE,7635.421578,4,14/12/2019 22:38,7635.421578,5720908,0.001334652,FALSE
2,1171746,2,2019_Grotenete,gn-14,VR2W-122358,51.138267,4.996319,14/12/2019 18:43,14/12/2019 18:43,1,5706825,1048.509145,0.000184,1048.509145,1048.509145,TRUE,7635.421578,4,14/12/2019 22:38,6586.912433,14083,0.467720829,TRUE
3,1171746,3,2019_Grotenete,gn-13,VR2W-124066,51.119771,4.990306,14/12/2019 20:03,14/12/2019 20:06,2,4812,2389.94432,0.496663,3438.453465,3438.453465,TRUE,7635.421578,4,14/12/2019 22:38,4196.968113,9271,0.452698534,TRUE
4,1171746,4,2019_Grotenete,gn-11,VR2W-127720,51.09592,4.957142,14/12/2019 22:38,14/12/2019 22:38,1,9115,4338.377744,0.47596,7776.831209,7635.421578,TRUE,21357.31227,7,15/12/2019 04:09,13721.89069,19833,0.691871663,TRUE
5,1171746,5,2019_Grotenete,gn-10,VR2W-122324,51.091558,4.945793,14/12/2019 23:07,14/12/2019 23:09,2,1739,1107.062052,0.636608,8883.893261,8742.48363,TRUE,21357.31227,7,15/12/2019 04:09,12614.82864,18094,0.697182969,TRUE
6,1171746,6,2019_Grotenete,gn-9,VR2W-127109,51.081153,4.913762,15/12/2019 00:17,15/12/2019 00:19,2,4047,2855.524863,0.705591,11739.41812,11598.00849,TRUE,21357.31227,7,15/12/2019 04:09,9759.303779,13914,0.701401738,TRUE
7,1171746,7,2019_Grotenete,gn-7,VR2W-122340,51.061848,4.787587,15/12/2019 04:09,15/12/2019 04:11,2,13759,9817.88091,0.713561,21557.29903,21357.31227,TRUE,31338.23349,9,15/12/2019 18:38,9980.921215,52152,0.19138137,TRUE
8,1171746,8,2019_Grotenete,gn-6,VR2W-122333,51.078636,4.757592,15/12/2019 05:29,15/12/2019 05:31,2,4716,3296.955011,0.6991,24854.25405,24654.26728,TRUE,31338.23349,9,15/12/2019 18:38,6683.966204,47313,0.141271241,TRUE
9,1171746,9,2019_Grotenete,gn-5,VR2W-122332,51.125942,4.718199,15/12/2019 18:38,15/12/2019 18:45,5,47189,6683.966204,0.141642,31538.22025,31338.23349,TRUE,35783.62643,10,15/12/2019 21:28,4445.392939,10220,0.434969955,TRUE
10,1171746,10,2019_Grotenete,gn-4,VR2W-122353,51.135075,4.664932,15/12/2019 21:28,15/12/2019 21:33,3,9768,4503.97007,0.461094,36042.19032,35783.62643,TRUE,39887.6149,11,15/12/2019 23:05,4103.98847,5828,0.704184707,TRUE
11,1171746,11,2019_Grotenete,gn-3,VR2W-122365,51.130352,4.617316,15/12/2019 23:05,15/12/2019 23:07,2,5549,4186.83712,0.754521,40229.02744,39887.6149,TRUE,44215.90202,13,16/12/2019 00:39,4328.287125,5647,0.766475496,TRUE
12,1171746,12,2019_Grotenete,gn-2,VR2W-127721,51.135829,4.5937,15/12/2019 23:59,16/12/2019 00:17,6,3112,2138.410314,0.68715,42367.43775,42026.02521,TRUE,46288.62457,14,16/12/2019 01:14,4262.599357,4517,0.943679291,TRUE
13,1171746,13,2019_Grotenete,bn-3,VR2W-124063,51.126391,4.571903,16/12/2019 00:39,16/12/2019 00:42,3,1327,2189.87681,1.650246,44557.31456,44215.90202,TRUE,50582.61415,15,16/12/2019 02:34,6366.712132,6862,0.927821646,TRUE
14,1171746,14,2019_Grotenete,bn-2,VR2W-124078,51.117416,4.549158,16/12/2019 01:14,16/12/2019 01:17,2,1935,2072.722547,1.071174,46630.03711,46288.62457,TRUE,50582.61415,15,16/12/2019 02:34,4293.989585,4754,0.903237187,TRUE
15,1171746,15,2019_Grotenete,bn-1,VR2W-122351,51.093001,4.506837,16/12/2019 02:34,16/12/2019 03:09,14,4597,4293.989585,0.934085,50924.0267,50582.61415,FALSE,55176.55966,17,16/12/2019 21:17,4593.945504,67387,0.068172578,TRUE
16,1171746,16,2019_Grotenete,bn-1,VR2W-122351,51.093001,4.506837,16/12/2019 19:54,16/12/2019 20:13,10,NA,NA,NA,50924.0267,50582.61415,TRUE,55176.55966,17,16/12/2019 21:17,4593.945504,4960,0.92619869,TRUE
17,1171746,17,2019_Grotenete,bn-Walem,VR2W-122339,51.07183,4.45474,16/12/2019 21:17,16/12/2019 21:22,4,3813,4593.945504,1.204811,55517.9722,55176.55966,TRUE,62601.73428,18,16/12/2019 23:12,7425.174625,6920,1.073002113,TRUE
18,1171746,18,2019_Grotenete,ru-1,VR2W-122328,51.082273,4.366215,16/12/2019 23:12,16/12/2019 23:12,1,6612,7425.174625,1.122985,62943.14682,62601.73428,TRUE,78555.4429,20,17/12/2019 11:35,15953.70862,44565,0.357987403,TRUE
19,1171746,19,2019_Grotenete,me-7-2b,VR2W-113524,51.1008,4.330483,17/12/2019 00:01,17/12/2019 00:04,3,2918,3445.459128,1.18076,66388.60595,66047.19341,TRUE,78555.4429,20,17/12/2019 11:35,12508.24949,41647,0.300339748,TRUE
20,1171746,20,2019_Grotenete,s-9a,VR2W-127738,51.19068,4.33602,17/12/2019 11:35,17/12/2019 11:35,1,41432,12508.24949,0.301898,78896.85544,78555.4429,TRUE,86022.17104,21,17/12/2019 13:08,7466.728147,5604,1.332392603,TRUE
21,1171746,21,2019_Grotenete,s-10a,VR2W-127716,51.235423,4.396673,17/12/2019 13:08,17/12/2019 14:21,6,5604,7466.728147,1.332393,86363.58359,86022.17104,FALSE,100575.5524,23,18/12/2019 00:00,14553.38139,39090,0.372304461,TRUE
22,1171746,22,2019_Grotenete,s-10a,VR2W-127716,51.235423,4.396673,17/12/2019 20:30,17/12/2019 20:45,2,NA,NA,NA,86363.58359,86022.17104,TRUE,100575.5524,23,18/12/2019 00:00,14553.38139,12575,1.157326552,TRUE
23,1171746,23,2019_Grotenete,s-12,VR2W-127732,51.30305,4.28731,18/12/2019 00:00,18/12/2019 00:11,6,11713,14553.38139,1.242498,100916.965,100575.5524,TRUE,125685.4227,24,18/12/2019 21:46,25109.87025,78376,0.320377032,TRUE
24,1171746,24,2019_Grotenete,ws-53A,VR2W-127731,51.411167,4.029233,18/12/2019 21:46,18/12/2019 21:46,1,77681,25109.87025,0.323243,126026.8352,125685.4227,TRUE,151259.3675,25,20/12/2019 05:34,25573.94484,114470,0.223411766,TRUE
25,1171746,25,2019_Grotenete,ws-borssele,VR2AR-546900,51.43161667,3.704916667,20/12/2019 05:34,20/12/2019 05:36,2,114470,25988.18808,0.227031,152015.0233,151259.3675,TRUE,167775.3959,26,20/12/2019 22:12,16516.02838,59868,0.275874063,TRUE
26,1171746,26,2019_Grotenete,ws-WN2,VR2Tx-480061,51.428174,3.462181,20/12/2019 22:12,20/12/2019 22:12,1,59726,17106.00302,0.286408,169121.0263,167775.3959,NA,NA,NA,NA,NA,NA,NA,TRUE
27,1171747,27,2019_Grotenete,rel_grotenete1,none,51.144779,5.003906,09/10/2019 17:30,09/10/2019 17:30,1,NA,NA,NA,0,0,NA,NA,NA,NA,NA,NA,NA,FALSE
28,1171748,28,2019_Grotenete,rel_grotenete1,none,51.144779,5.003906,02/10/2019 13:00,02/10/2019 13:00,1,NA,NA,NA,0,0,FALSE,7635.421578,3,01/11/2019 20:51,7635.421578,2620260,0.002913994,FALSE
29,1171748,29,2019_Grotenete,gn-13,VR2W-124066,51.119771,4.990306,02/10/2019 20:27,02/10/2019 20:28,2,26821,3438.453465,0.1282,3438.453465,3438.453465,FALSE,7635.421578,3,01/11/2019 20:51,4196.968113,2593439,0.001618302,FALSE
30,1171748,30,2019_Grotenete,gn-11,VR2W-127720,51.09592,4.957142,01/11/2019 20:51,01/11/2019 20:53,2,2593334,4338.377744,0.001673,7776.831209,7635.421578,TRUE,21357.31227,6,03/11/2019 19:09,13721.89069,166728,0.082301057,TRUE
31,1171748,31,2019_Grotenete,gn-10,VR2W-122324,51.091558,4.945793,01/11/2019 21:25,01/11/2019 23:26,55,1932,1107.062052,0.573013,8883.893261,8742.48363,TRUE,21357.31227,6,03/11/2019 19:09,12614.82864,164651,0.07661556,TRUE
32,1171748,32,2019_Grotenete,gn-9,VR2W-127109,51.081153,4.913762,02/11/2019 17:30,02/11/2019 17:35,3,65047,2855.524863,0.043899,11739.41812,11598.00849,TRUE,21357.31227,6,03/11/2019 19:09,9759.303779,92329,0.105701392,TRUE
33,1171748,33,2019_Grotenete,gn-7,VR2W-122340,51.061848,4.787587,03/11/2019 19:09,03/11/2019 19:16,5,92079,9817.88091,0.106625,21557.29903,21357.31227,TRUE,31338.23349,8,04/11/2019 01:20,9980.921215,22269,0.448197998,TRUE
34,1171748,34,2019_Grotenete,gn-6,VR2W-122333,51.078636,4.757592,03/11/2019 20:43,03/11/2019 20:43,1,5187,3296.955011,0.635619,24854.25405,24654.26728,TRUE,31338.23349,8,04/11/2019 01:20,6683.966204,16659,0.401222535,TRUE
35,1171748,35,2019_Grotenete,gn-5,VR2W-122332,51.125942,4.718199,04/11/2019 01:20,04/11/2019 01:23,2,16659,6683.966204,0.401223,31538.22025,31338.23349,TRUE,35783.62643,9,04/11/2019 17:06,4445.392939,56759,0.078320494,TRUE
36,1171748,36,2019_Grotenete,gn-4,VR2W-122353,51.135075,4.664932,04/11/2019 17:06,04/11/2019 17:10,3,56608,4503.97007,0.079564,36042.19032,35783.62643,TRUE,39887.6149,10,04/11/2019 19:10,4103.98847,7410,0.553844598,TRUE
37,1171748,37,2019_Grotenete,gn-3,VR2W-122365,51.130352,4.617316,04/11/2019 19:10,04/11/2019 19:40,15,7200,4186.83712,0.581505,40229.02744,39887.6149,TRUE,44215.90202,12,04/11/2019 23:18,4328.287125,14873,0.291016414,TRUE
38,1171748,38,2019_Grotenete,gn-2,VR2W-127721,51.135829,4.5937,04/11/2019 22:05,04/11/2019 22:50,13,8692,2138.410314,0.246021,42367.43775,42026.02521,TRUE,46288.62457,13,05/11/2019 00:01,4262.599357,6958,0.612618476,TRUE
39,1171748,39,2019_Grotenete,bn-3,VR2W-124063,51.126391,4.571903,04/11/2019 23:18,04/11/2019 23:23,3,1686,2189.87681,1.298859,44557.31456,44215.90202,TRUE,50582.61415,14,05/11/2019 01:20,6366.712132,7325,0.869175718,TRUE
40,1171748,40,2019_Grotenete,bn-2,VR2W-124078,51.117416,4.549158,05/11/2019 00:01,05/11/2019 00:06,4,2285,2072.722547,0.9071,46630.03711,46288.62457,TRUE,50582.61415,14,05/11/2019 01:20,4293.989585,4741,0.905713897,TRUE
41,1171748,41,2019_Grotenete,bn-1,VR2W-122351,51.093001,4.506837,05/11/2019 01:20,05/11/2019 01:32,8,4418,4293.989585,0.971931,50924.0267,50582.61415,TRUE,55176.55966,15,05/11/2019 02:59,4593.945504,5932,0.774434508,TRUE
42,1171748,42,2019_Grotenete,bn-Walem,VR2W-122339,51.07183,4.45474,05/11/2019 02:59,05/11/2019 03:07,4,5195,4593.945504,0.884301,55517.9722,55176.55966,TRUE,62601.73428,16,05/11/2019 12:29,7425.174625,34233,0.216901079,TRUE
43,1171748,43,2019_Grotenete,ru-1,VR2W-122328,51.082273,4.366215,05/11/2019 12:29,05/11/2019 13:01,10,33745,7425.174625,0.220038,62943.14682,62601.73428,TRUE,72906.86678,18,05/11/2019 23:30,10305.1325,39638,0.259981142,TRUE
44,1171748,44,2019_Grotenete,me-7-2b,VR2W-113524,51.1008,4.330483,05/11/2019 14:02,05/11/2019 14:11,4,3666,3445.459128,0.939842,66388.60595,66047.19341,TRUE,72906.86678,18,05/11/2019 23:30,6859.673374,34061,0.201393775,TRUE
45,1171748,45,2019_Grotenete,s-8,VR2W-112295,51.14319,4.33078,05/11/2019 23:30,05/11/2019 23:32,2,33510,6859.673374,0.204705,73248.27933,72906.86678,TRUE,78555.4429,19,06/11/2019 00:24,5648.576113,3220,1.754216184,TRUE
46,1171748,46,2019_Grotenete,s-9a,VR2W-127738,51.19068,4.33602,06/11/2019 00:24,06/11/2019 00:30,5,3119,5648.576113,1.811022,78896.85544,78555.4429,TRUE,86022.17104,20,06/11/2019 01:49,7466.728147,5106,1.462343938,TRUE
47,1171748,47,2019_Grotenete,s-10a,VR2W-127716,51.235423,4.396673,06/11/2019 01:49,06/11/2019 01:53,4,4733,7466.728147,1.577589,86363.58359,86022.17104,TRUE,100575.5524,21,06/11/2019 14:12,14553.38139,44602,0.326294368,TRUE
48,1171748,48,2019_Grotenete,s-12,VR2W-127732,51.30305,4.28731,06/11/2019 14:12,06/11/2019 14:14,2,44316,14553.38139,0.3284,100916.965,100575.5524,TRUE,125923.9588,23,07/11/2019 04:40,25348.40633,52058,0.486926242,TRUE
49,1171748,49,2019_Grotenete,s-STD3,VR2W-134898,51.330504,4.270161,06/11/2019 15:45,06/11/2019 15:51,2,5508,3855.62017,0.700004,104772.5851,104431.1726,TRUE,125923.9588,23,07/11/2019 04:40,21492.78616,46455,0.462658189,TRUE
50,1171748,50,2019_Grotenete,ws-42A,VR2W-127735,51.42251303,4.032860596,07/11/2019 04:40,07/11/2019 04:43,2,46107,21492.78616,0.46615,126265.3713,125923.9588,TRUE,143052.7512,25,07/11/2019 17:00,17128.79243,44399,0.385792302,TRUE
51,1171748,51,2019_Grotenete,ws-HW6,VR2W-127725,51.43484,4.02702,07/11/2019 09:31,07/11/2019 10:42,10,17270,1507.100174,0.087267,127772.4715,126962.4419,TRUE,143052.7512,25,07/11/2019 17:00,16090.30931,26911,0.597908265,TRUE
52,1171748,52,2019_Grotenete,ws-18,VR2W-115447,51.3482621,3.8147323,07/11/2019 17:00,07/11/2019 17:00,1,22661,18658.61743,0.82338,146431.0889,143052.7512,TRUE,148812.4331,29,08/11/2019 01:20,5759.681951,30047,0.191689085,TRUE
53,1171748,53,2019_Grotenete,ws-16,VR2W-122346,51.3544901,3.795027,07/11/2019 17:48,07/11/2019 17:53,4,2898,1689.877606,0.583119,148120.9665,144162.6883,FALSE,148812.4331,29,08/11/2019 01:20,4649.744888,27149,0.17126763,TRUE
54,1171748,54,2019_Grotenete,ws-16,VR2W-122346,51.3544901,3.795027,07/11/2019 23:17,07/11/2019 23:17,1,NA,NA,NA,148120.9665,144162.6883,TRUE,148812.4331,29,08/11/2019 01:20,4649.744888,7405,0.627919634,TRUE
55,1171748,55,2019_Grotenete,ws-12A,VR2W-124071,51.3648799,3.765539,08/11/2019 00:03,08/11/2019 00:05,2,2738,2555.528571,0.933356,150676.4951,145806.8817,NA,NA,NA,NA,NA,NA,NA,TRUE
56,1171748,56,2019_Grotenete,ws-15,VR2W-120878,51.386465,3.7080085,08/11/2019 01:20,08/11/2019 01:22,2,4552,4993.919028,1.097082,155670.4141,148812.4331,NA,NA,NA,NA,NA,NA,NA,TRUE
57,1171749,57,2019_Grotenete,rel_grotenete1,none,51.144779,5.003906,02/10/2019 13:00,02/10/2019 13:00,1,NA,NA,NA,0,0,FALSE,7635.421578,4,27/11/2019 21:49,7635.421578,4870180,0.00156779,FALSE
58,1171749,58,2019_Grotenete,gn-14,VR2W-122358,51.138267,4.996319,27/11/2019 18:43,27/11/2019 18:44,2,4858997,1048.509145,0.000216,1048.509145,1048.509145,TRUE,7635.421578,4,27/11/2019 21:49,6586.912433,11183,0.589011216,TRUE
59,1171749,59,2019_Grotenete,gn-13,VR2W-124066,51.119771,4.990306,27/11/2019 19:45,27/11/2019 19:46,2,3625,2389.94432,0.659295,3438.453465,3438.453465,TRUE,7635.421578,4,27/11/2019 21:49,4196.968113,7474,0.561542429,TRUE
60,1171749,60,2019_Grotenete,gn-11,VR2W-127720,51.09592,4.957142,27/11/2019 21:49,27/11/2019 21:51,2,7366,4338.377744,0.588973,7776.831209,7635.421578,TRUE,21357.31227,7,01/12/2019 18:00,13721.89069,331850,0.041349678,TRUE
61,1171749,61,2019_Grotenete,gn-10,VR2W-122324,51.091558,4.945793,27/11/2019 22:13,27/11/2019 22:16,2,1368,1107.062052,0.809256,8883.893261,8742.48363,TRUE,21357.31227,7,01/12/2019 18:00,12614.82864,330394,0.038181167,TRUE
62,1171749,62,2019_Grotenete,gn-9,VR2W-127109,51.081153,4.913762,27/11/2019 23:27,27/11/2019 23:29,2,4246,2855.524863,0.672521,11739.41812,11598.00849,TRUE,21357.31227,7,01/12/2019 18:00,9759.303779,326005,0.029936056,TRUE
63,1171749,63,2019_Grotenete,gn-7,VR2W-122340,51.061848,4.787587,01/12/2019 18:00,01/12/2019 18:57,28,325885,9817.88091,0.030127,21557.29903,21357.31227,FALSE,31338.23349,19,15/12/2019 19:15,9980.921215,1214087,0.008220928,TRUE
64,1171749,64,2019_Grotenete,gn-7,VR2W-122340,51.061848,4.787587,01/12/2019 23:19,02/12/2019 00:21,12,NA,NA,NA,21557.29903,21357.31227,FALSE,31338.23349,19,15/12/2019 19:15,9980.921215,1194975,0.00835241,TRUE
65,1171749,65,2019_Grotenete,gn-7,VR2W-122340,51.061848,4.787587,02/12/2019 02:03,02/12/2019 03:17,7,NA,NA,NA,21557.29903,21357.31227,FALSE,31338.23349,19,15/12/2019 19:15,9980.921215,1185095,0.008422043,TRUE
66,1171749,66,2019_Grotenete,gn-7,VR2W-122340,51.061848,4.787587,02/12/2019 04:25,08/12/2019 05:50,3995,NA,NA,NA,21557.29903,21357.31227,FALSE,31338.23349,19,15/12/2019 19:15,9980.921215,1176610,0.008482778,TRUE
67,1171749,67,2019_Grotenete,gn-7,VR2W-122340,51.061848,4.787587,08/12/2019 07:09,10/12/2019 15:51,1232,NA,NA,NA,21557.29903,21357.31227,FALSE,31338.23349,19,15/12/2019 19:15,9980.921215,648336,0.015394674,TRUE
68,1171749,68,2019_Grotenete,gn-7,VR2W-122340,51.061848,4.787587,10/12/2019 17:14,11/12/2019 02:53,39,NA,NA,NA,21557.29903,21357.31227,FALSE,31338.23349,19,15/12/2019 19:15,9980.921215,439231,0.022723627,TRUE
69,1171749,69,2019_Grotenete,gn-7,VR2W-122340,51.061848,4.787587,11/12/2019 06:14,11/12/2019 07:50,6,NA,NA,NA,21557.29903,21357.31227,FALSE,31338.23349,19,15/12/2019 19:15,9980.921215,392436,0.025433246,TRUE
70,1171749,70,2019_Grotenete,gn-7,VR2W-122340,51.061848,4.787587,11/12/2019 08:56,11/12/2019 12:01,24,NA,NA,NA,21557.29903,21357.31227,FALSE,31338.23349,19,15/12/2019 19:15,9980.921215,382724,0.026078639,TRUE
71,1171749,71,2019_Grotenete,gn-7,VR2W-122340,51.061848,4.787587,11/12/2019 13:36,12/12/2019 07:59,233,NA,NA,NA,21557.29903,21357.31227,FALSE,31338.23349,19,15/12/2019 19:15,9980.921215,365913,0.02727676,TRUE
72,1171749,72,2019_Grotenete,gn-7,VR2W-122340,51.061848,4.787587,12/12/2019 09:39,12/12/2019 21:26,96,NA,NA,NA,21557.29903,21357.31227,FALSE,31338.23349,19,15/12/2019 19:15,9980.921215,293771,0.033975175,TRUE
73,1171749,73,2019_Grotenete,gn-7,VR2W-122340,51.061848,4.787587,13/12/2019 00:18,15/12/2019 15:00,1402,NA,NA,NA,21557.29903,21357.31227,TRUE,31338.23349,19,15/12/2019 19:15,9980.921215,240991,0.041416158,TRUE
74,1171749,74,2019_Grotenete,gn-6,VR2W-122333,51.078636,4.757592,15/12/2019 16:26,15/12/2019 16:30,3,5142,3296.955011,0.641181,24854.25405,24654.26728,TRUE,31338.23349,19,15/12/2019 19:15,6683.966204,10124,0.660210016,TRUE
75,1171749,75,2019_Grotenete,gn-5,VR2W-122332,51.125942,4.718199,15/12/2019 19:15,15/12/2019 19:23,6,9915,6683.966204,0.674127,31538.22025,31338.23349,TRUE,35783.62643,20,15/12/2019 21:33,4445.392939,8319,0.534366263,TRUE
76,1171749,76,2019_Grotenete,gn-4,VR2W-122353,51.135075,4.664932,15/12/2019 21:33,15/12/2019 21:39,3,7798,4503.97007,0.57758,36042.19032,35783.62643,TRUE,39887.6149,21,15/12/2019 23:03,4103.98847,5398,0.76027945,TRUE
77,1171749,77,2019_Grotenete,gn-3,VR2W-122365,51.130352,4.617316,15/12/2019 23:03,15/12/2019 23:07,3,5085,4186.83712,0.82337,40229.02744,39887.6149,TRUE,44215.90202,23,16/12/2019 00:24,4328.287125,4835,0.895198992,TRUE
78,1171749,78,2019_Grotenete,gn-2,VR2W-127721,51.135829,4.5937,15/12/2019 23:49,16/12/2019 00:04,6,2540,2138.410314,0.841894,42367.43775,42026.02521,TRUE,46288.62457,24,16/12/2019 00:55,4262.599357,3955,1.077774806,TRUE
79,1171749,79,2019_Grotenete,bn-3,VR2W-124063,51.126391,4.571903,16/12/2019 00:24,16/12/2019 00:28,3,1174,2189.87681,1.865312,44557.31456,44215.90202,TRUE,50582.61415,25,16/12/2019 01:54,6366.712132,5401,1.178802468,TRUE
80,1171749,80,2019_Grotenete,bn-2,VR2W-124078,51.117416,4.549158,16/12/2019 00:55,16/12/2019 00:58,2,1614,2072.722547,1.284215,46630.03711,46288.62457,TRUE,50582.61415,25,16/12/2019 01:54,4293.989585,3518,1.220576914,TRUE
81,1171749,81,2019_Grotenete,bn-1,VR2W-122351,51.093001,4.506837,16/12/2019 01:54,16/12/2019 02:53,21,3383,4293.989585,1.269285,50924.0267,50582.61415,FALSE,55176.55966,27,16/12/2019 08:53,4593.945504,25166,0.182545717,TRUE
82,1171749,82,2019_Grotenete,bn-1,VR2W-122351,51.093001,4.506837,16/12/2019 07:33,16/12/2019 07:51,11,NA,NA,NA,50924.0267,50582.61415,TRUE,55176.55966,27,16/12/2019 08:53,4593.945504,4834,0.950340402,TRUE
83,1171749,83,2019_Grotenete,bn-Walem,VR2W-122339,51.07183,4.45474,16/12/2019 08:53,16/12/2019 09:00,4,3769,4593.945504,1.218876,55517.9722,55176.55966,TRUE,62601.73428,28,16/12/2019 10:49,7425.174625,6928,1.071763081,TRUE
84,1171749,84,2019_Grotenete,ru-1,VR2W-122328,51.082273,4.366215,16/12/2019 10:49,16/12/2019 10:51,2,6546,7425.174625,1.134307,62943.14682,62601.73428,TRUE,75006.64704,30,16/12/2019 15:07,12404.91276,15474,0.801661675,TRUE
85,1171749,85,2019_Grotenete,me-7-2b,VR2W-113524,51.1008,4.330483,16/12/2019 11:39,16/12/2019 11:42,3,2911,3445.459128,1.1836,66388.60595,66047.19341,TRUE,75006.64704,30,16/12/2019 15:07,8959.453628,12439,0.720271214,TRUE
86,1171749,86,2019_Grotenete,s-7,VR2W-115442,51.11414,4.24123,16/12/2019 15:07,16/12/2019 15:13,2,12259,8959.453628,0.730847,75348.05958,75006.64704,TRUE,86022.17104,36,17/12/2019 07:24,11015.52401,58612,0.187939739,TRUE
87,1171749,87,2019_Grotenete,s-6,VR2W-115441,51.12267069,4.21890556,16/12/2019 15:42,16/12/2019 15:43,2,1701,1948.433424,1.145464,77296.493,76955.08046,FALSE,86022.17104,36,17/12/2019 07:24,9067.090582,56514,0.160439724,TRUE
88,1171749,88,2019_Grotenete,s-6,VR2W-115441,51.12267069,4.21890556,16/12/2019 20:17,16/12/2019 20:20,3,NA,NA,NA,77296.493,76955.08046,FALSE,NA,NA,NA,NA,NA,NA,TRUE
89,1171749,89,2019_Grotenete,s-7,VR2W-115442,51.11414,4.24123,16/12/2019 20:51,16/12/2019 20:51,1,1867,1948.433424,1.043617,79244.92643,75006.64704,FALSE,NA,NA,NA,NA,NA,NA,TRUE
90,1171749,90,2019_Grotenete,s-8a,VR2W-127719,51.14222,4.32646,16/12/2019 22:22,16/12/2019 22:22,1,5437,7452.377678,1.370678,86697.30411,72606.86242,TRUE,78555.4429,35,16/12/2019 23:21,5948.58048,3569,1.666735915,TRUE
91,1171749,91,2019_Grotenete,s-9a,VR2W-127738,51.19068,4.33602,16/12/2019 23:21,16/12/2019 23:35,7,3569,5948.580481,1.666736,92645.88459,78555.4429,TRUE,86022.17104,36,17/12/2019 07:24,7466.728147,28953,0.257891346,TRUE
92,1171749,92,2019_Grotenete,s-10a,VR2W-127716,51.235423,4.396673,17/12/2019 07:24,17/12/2019 07:32,4,28110,7466.728147,0.265625,100112.6127,86022.17104,TRUE,100575.5524,37,17/12/2019 10:54,14553.38139,12604,1.154663709,TRUE
93,1171749,93,2019_Grotenete,s-12,VR2W-127732,51.30305,4.28731,17/12/2019 10:54,17/12/2019 10:54,1,12082,14553.38139,1.204551,114665.9941,100575.5524,TRUE,125171.1861,39,18/12/2019 08:43,24595.63363,78559,0.313084861,TRUE
94,1171749,94,2019_Grotenete,s-STD3,VR2W-134898,51.330504,4.270161,17/12/2019 12:10,17/12/2019 12:12,2,4604,3855.62017,0.83745,118521.6143,104431.1726,TRUE,125171.1861,39,18/12/2019 08:43,20740.01346,73955,0.280440991,TRUE
95,1171749,95,2019_Grotenete,ws-55,VR2W-127734,51.40221,4.02998,18/12/2019 08:43,18/12/2019 08:43,1,73840,20740.01346,0.280878,139261.6278,125171.1861,FALSE,143052.7512,41,18/12/2019 18:41,17881.56513,35877,0.498413054,TRUE
96,1171749,96,2019_Grotenete,ws-53A,VR2W-127731,51.411167,4.029233,18/12/2019 08:52,18/12/2019 08:54,2,552,1041.430808,1.88665,140303.0586,125685.4227,TRUE,143052.7512,41,18/12/2019 18:41,17367.32851,35325,0.491644119,TRUE
97,1171749,97,2019_Grotenete,ws-18,VR2W-115447,51.3482621,3.8147323,18/12/2019 18:41,18/12/2019 18:43,2,35214,17781.57175,0.504957,158084.6303,143052.7512,TRUE,149765.1926,44,18/12/2019 21:00,6712.441413,8352,0.803692698,TRUE
98,1171749,98,2019_Grotenete,ws-16,VR2W-122346,51.3544901,3.795027,18/12/2019 19:08,18/12/2019 19:17,4,1449,1689.877606,1.166237,159774.5079,144162.6883,TRUE,149765.1926,44,18/12/2019 21:00,5602.50435,6762,0.828527706,TRUE
99,1171749,99,2019_Grotenete,ws-12A,VR2W-124071,51.3648799,3.765539,18/12/2019 19:39,18/12/2019 19:44,3,1340,2555.528571,1.907111,162330.0365,145806.8817,TRUE,167775.3959,45,19/12/2019 01:10,21968.51421,19833,1.107674795,TRUE
100,1171749,100,2019_Grotenete,ws-13,VR2W-120876,51.4071859,3.7080883,18/12/2019 21:00,18/12/2019 21:00,1,4578,6356.71841,1.388536,168686.7549,149765.1926,TRUE,167775.3959,45,19/12/2019 01:10,18010.2033,14968,1.203247147,TRUE
101,1171749,101,2019_Grotenete,ws-WN2,VR2Tx-480061,51.428174,3.462181,19/12/2019 01:10,19/12/2019 01:16,5,14968,18010.2033,1.203247,186696.9582,167775.3959,NA,NA,NA,NA,NA,NA,NA,TRUE
102,1171750,102,2019_Grotenete,rel_grotenete1,none,51.144779,5.003906,02/10/2019 13:00,02/10/2019 13:00,1,NA,NA,NA,0,0,FALSE,7635.421578,4,28/11/2019 04:23,7635.421578,4893836,0.001560212,FALSE
103,1171750,103,2019_Grotenete,gn-14,VR2W-122358,51.138267,4.996319,27/11/2019 18:17,27/11/2019 18:17,1,4857422,1048.509145,0.000216,1048.509145,1048.509145,TRUE,7635.421578,4,28/11/2019 04:23,6586.912433,36414,0.18088956,TRUE
104,1171750,104,2019_Grotenete,gn-13,VR2W-124066,51.119771,4.990306,27/11/2019 19:19,27/11/2019 19:20,2,3723,2389.94432,0.64194,3438.453465,3438.453465,TRUE,7635.421578,4,28/11/2019 04:23,4196.968113,32691,0.128382983,TRUE
105,1171750,105,2019_Grotenete,gn-11,VR2W-127720,51.09592,4.957142,28/11/2019 04:23,28/11/2019 04:23,1,32603,4338.377744,0.133067,7776.831209,7635.421578,TRUE,21357.31227,7,28/11/2019 18:43,13721.89069,51596,0.26594873,TRUE
106,1171750,106,2019_Grotenete,gn-10,VR2W-122324,51.091558,4.945793,28/11/2019 04:45,28/11/2019 04:45,1,1303,1107.062052,0.849626,8883.893261,8742.48363,TRUE,21357.31227,7,28/11/2019 18:43,12614.82864,50293,0.250826728,TRUE
107,1171750,107,2019_Grotenete,gn-9,VR2W-127109,51.081153,4.913762,28/11/2019 05:34,28/11/2019 05:34,1,2913,2855.524863,0.980269,11739.41812,11598.00849,TRUE,21357.31227,7,28/11/2019 18:43,9759.303779,47380,0.205979396,TRUE
108,1171750,108,2019_Grotenete,gn-7,VR2W-122340,51.061848,4.787587,28/11/2019 18:43,28/11/2019 18:43,1,47380,9817.88091,0.207216,21557.29903,21357.31227,TRUE,31338.23349,9,28/11/2019 22:40,9980.921215,14177,0.704022093,TRUE
109,1171750,109,2019_Grotenete,gn-6,VR2W-122333,51.078636,4.757592,28/11/2019 19:57,28/11/2019 19:57,1,4398,3296.955011,0.749649,24854.25405,24654.26728,TRUE,31338.23349,9,28/11/2019 22:40,6683.966204,9779,0.683502015,TRUE
110,1171750,110,2019_Grotenete,gn-5,VR2W-122332,51.125942,4.718199,28/11/2019 22:40,28/11/2019 22:40,1,9779,6683.966204,0.683502,31538.22025,31338.23349,TRUE,35783.62643,10,29/11/2019 00:21,4445.392939,6080,0.731150154,TRUE
111,1171750,111,2019_Grotenete,gn-4,VR2W-122353,51.135075,4.664932,29/11/2019 00:21,29/11/2019 00:24,2,6080,4503.97007,0.740785,36042.19032,35783.62643,TRUE,39887.6149,11,29/11/2019 01:51,4103.98847,5380,0.762823136,TRUE
112,1171750,112,2019_Grotenete,gn-3,VR2W-122365,51.130352,4.617316,29/11/2019 01:51,29/11/2019 01:53,2,5220,4186.83712,0.802076,40229.02744,39887.6149,TRUE,44215.90202,16,29/11/2019 21:31,4328.287125,70831,0.061107243,TRUE
113,1171750,113,2019_Grotenete,gn-2,VR2W-127721,51.135829,4.5937,29/11/2019 02:43,29/11/2019 04:50,27,2955,2138.410314,0.723658,42367.43775,42026.02521,FALSE,NA,NA,NA,NA,NA,NA,TRUE
114,1171750,114,2019_Grotenete,gn-3,VR2W-122365,51.130352,4.617316,29/11/2019 05:44,29/11/2019 05:48,3,3230,2138.410314,0.662047,44505.84807,39887.6149,FALSE,44215.90202,16,29/11/2019 21:31,4328.287125,56841,0.076147273,TRUE
115,1171750,115,2019_Grotenete,gn-3,VR2W-122365,51.130352,4.617316,29/11/2019 20:01,29/11/2019 20:04,3,NA,NA,NA,44505.84807,39887.6149,TRUE,44215.90202,16,29/11/2019 21:31,4328.287125,5386,0.803618107,TRUE
116,1171750,116,2019_Grotenete,gn-2,VR2W-127721,51.135829,4.5937,29/11/2019 20:58,29/11/2019 21:12,6,3210,2138.410314,0.666171,46644.25838,42026.02521,TRUE,46288.62457,17,29/11/2019 22:02,4262.599357,3868,1.10201638,TRUE
117,1171750,117,2019_Grotenete,bn-3,VR2W-124063,51.126391,4.571903,29/11/2019 21:31,29/11/2019 21:33,2,1135,2189.87681,1.929407,48834.13519,44215.90202,TRUE,50582.61415,18,29/11/2019 22:58,6366.712132,5193,1.226018127,TRUE
118,1171750,118,2019_Grotenete,bn-2,VR2W-124078,51.117416,4.549158,29/11/2019 22:02,29/11/2019 22:04,2,1732,2072.722547,1.196722,50906.85774,46288.62457,TRUE,50582.61415,18,29/11/2019 22:58,4293.989585,3333,1.288325708,TRUE
119,1171750,119,2019_Grotenete,bn-1,VR2W-122351,51.093001,4.506837,29/11/2019 22:58,29/11/2019 23:08,6,3201,4293.989585,1.341453,55200.84732,50582.61415,TRUE,55176.55966,19,30/11/2019 00:07,4593.945504,4144,1.108577583,TRUE
120,1171750,120,2019_Grotenete,bn-Walem,VR2W-122339,51.07183,4.45474,30/11/2019 00:07,30/11/2019 00:09,2,3517,4593.945504,1.306211,59794.79283,55176.55966,TRUE,62601.73428,20,30/11/2019 07:34,7425.174625,26809,0.276965744,TRUE
121,1171750,121,2019_Grotenete,ru-1,VR2W-122328,51.082273,4.366215,30/11/2019 07:34,30/11/2019 07:38,3,26684,7425.174625,0.278263,67219.96745,62601.73428,TRUE,78555.4429,22,30/11/2019 10:47,15953.70862,11592,1.376268859,TRUE
122,1171750,122,2019_Grotenete,me-7-2b,VR2W-113524,51.1008,4.330483,30/11/2019 08:20,30/11/2019 08:20,1,2537,3445.459128,1.358084,70665.42658,66047.19341,TRUE,78555.4429,22,30/11/2019 10:47,12508.24949,8784,1.423981044,TRUE
123,1171750,123,2019_Grotenete,s-9a,VR2W-127738,51.19068,4.33602,30/11/2019 10:47,30/11/2019 10:52,5,8784,12508.24949,1.423981,83173.67607,78555.4429,TRUE,86022.17104,23,30/11/2019 12:47,7466.728147,7226,1.033314164,TRUE
124,1171750,124,2019_Grotenete,s-10a,VR2W-127716,51.235423,4.396673,30/11/2019 12:47,30/11/2019 12:47,1,6897,7466.728147,1.082605,90640.40421,86022.17104,FALSE,100616.9768,25,30/11/2019 21:14,14594.80572,30403,0.48004492,TRUE
125,1171750,125,2019_Grotenete,s-10a,VR2W-127716,51.235423,4.396673,30/11/2019 17:56,30/11/2019 18:23,11,NA,NA,NA,90640.40421,86022.17104,TRUE,100616.9768,25,30/11/2019 21:14,14594.80572,11879,1.228622419,TRUE
126,1171750,126,2019_Grotenete,s-11,VR2W-127728,51.29646,4.2857,30/11/2019 21:14,30/11/2019 21:14,1,10252,14594.80572,1.423606,105235.2099,100616.9768,TRUE,125685.4227,27,01/12/2019 18:47,25068.44593,77595,0.3230678,TRUE
127,1171750,127,2019_Grotenete,s-STD3,VR2W-134898,51.330504,4.270161,30/11/2019 22:34,30/11/2019 22:34,1,4784,4097.047406,0.856406,109332.2573,104431.1726,TRUE,125685.4227,27,01/12/2019 18:47,21254.25008,72811,0.291909877,TRUE
128,1171750,128,2019_Grotenete,ws-53A,VR2W-127731,51.411167,4.029233,01/12/2019 18:47,01/12/2019 19:00,5,72811,21254.25008,0.29191,130586.5074,125685.4227,TRUE,143052.7512,28,01/12/2019 23:56,17367.32851,18516,0.937963302,TRUE
129,1171750,129,2019_Grotenete,ws-18,VR2W-115447,51.3482621,3.8147323,01/12/2019 23:56,02/12/2019 01:11,26,17757,17781.57175,1.001384,148368.0792,143052.7512,FALSE,148419.5945,31,02/12/2019 09:02,5366.843287,32753,0.163858068,TRUE
130,1171750,130,2019_Grotenete,ws-18,VR2W-115447,51.3482621,3.8147323,02/12/2019 07:23,02/12/2019 07:23,1,NA,NA,NA,148368.0792,143052.7512,TRUE,148419.5945,31,02/12/2019 09:02,5366.843287,5896,0.910251575,TRUE
131,1171750,131,2019_Grotenete,ws-16,VR2W-122346,51.3544901,3.795027,02/12/2019 07:44,02/12/2019 07:45,2,1215,1689.877606,1.390846,150057.9568,144162.6883,TRUE,148419.5945,31,02/12/2019 09:02,4256.906224,4681,0.909401031,TRUE
132,1171750,132,2019_Grotenete,ws-6,VR2W-120883,51.3913098,3.7161726,02/12/2019 09:02,02/12/2019 09:02,1,4575,7156.608935,1.564286,157214.5657,148419.5945,FALSE,NA,NA,NA,NA,NA,NA,TRUE
133,1171750,133,2019_Grotenete,ws-PVTSS,VR2W-120873,51.4018055,3.7089134,02/12/2019 09:06,02/12/2019 09:20,7,252,1407.098718,5.583725,158621.6644,149416.6533,NA,NA,NA,NA,NA,NA,NA,TRUE
134,1171751,134,2019_Grotenete,rel_grotenete1,none,51.144779,5.003906,02/10/2019 13:00,02/10/2019 13:00,1,NA,NA,NA,0,0,NA,NA,NA,NA,NA,NA,NA,FALSE
135,1171753,135,2019_Grotenete,rel_grotenete1,none,51.144779,5.003906,09/10/2019 17:30,09/10/2019 17:30,1,NA,NA,NA,0,0,FALSE,7635.421578,4,27/11/2019 23:03,7635.421578,4253608,0.001795046,FALSE
136,1171753,136,2019_Grotenete,gn-14,VR2W-122358,51.138267,4.996319,27/11/2019 19:56,27/11/2019 20:01,4,4242363,1048.509145,0.000247,1048.509145,1048.509145,TRUE,7635.421578,4,27/11/2019 23:03,6586.912433,11245,0.585763667,TRUE
137,1171753,137,2019_Grotenete,gn-13,VR2W-124066,51.119771,4.990306,27/11/2019 21:01,27/11/2019 21:01,1,3609,2389.94432,0.662218,3438.453465,3438.453465,TRUE,7635.421578,4,27/11/2019 23:03,4196.968113,7301,0.574848392,TRUE
138,1171753,138,2019_Grotenete,gn-11,VR2W-127720,51.09592,4.957142,27/11/2019 23:03,27/11/2019 23:05,2,7301,4338.377744,0.594217,7776.831209,7635.421578,TRUE,21357.31227,7,28/11/2019 03:32,13721.89069,16158,0.849232002,TRUE
139,1171753,139,2019_Grotenete,gn-10,VR2W-122324,51.091558,4.945793,27/11/2019 23:26,27/11/2019 23:28,2,1293,1107.062052,0.856196,8883.893261,8742.48363,TRUE,21357.31227,7,28/11/2019 03:32,12614.82864,14760,0.854663187,TRUE
140,1171753,140,2019_Grotenete,gn-9,VR2W-127109,51.081153,4.913762,28/11/2019 00:21,28/11/2019 00:25,3,3173,2855.524863,0.899945,11739.41812,11598.00849,TRUE,21357.31227,7,28/11/2019 03:32,9759.303779,11478,0.850261699,TRUE
141,1171753,141,2019_Grotenete,gn-7,VR2W-122340,51.061848,4.787587,28/11/2019 03:32,28/11/2019 03:32,1,11257,9817.88091,0.872158,21557.29903,21357.31227,TRUE,31338.23349,10,28/11/2019 20:32,9980.921215,61200,0.163086948,TRUE
142,1171753,142,2019_Grotenete,gn-6,VR2W-122333,51.078636,4.757592,28/11/2019 04:58,28/11/2019 05:06,3,5128,3296.955011,0.642932,24854.25405,24654.26728,FALSE,31338.23349,10,28/11/2019 20:32,6683.966204,56072,0.119203278,TRUE
143,1171753,143,2019_Grotenete,gn-6,VR2W-122333,51.078636,4.757592,28/11/2019 17:24,28/11/2019 17:24,1,NA,NA,NA,24854.25405,24654.26728,TRUE,31338.23349,10,28/11/2019 20:32,6683.966204,11286,0.592235177,TRUE
144,1171753,144,2019_Grotenete,gn-5,VR2W-122332,51.125942,4.718199,28/11/2019 20:32,28/11/2019 20:34,2,11286,6683.966204,0.592235,31538.22025,31338.23349,TRUE,35783.62643,11,28/11/2019 22:20,4445.392939,6439,0.690385609,TRUE
145,1171753,145,2019_Grotenete,gn-4,VR2W-122353,51.135075,4.664932,28/11/2019 22:20,28/11/2019 22:21,2,6350,4503.97007,0.709287,36042.19032,35783.62643,TRUE,39887.6149,12,28/11/2019 23:38,4103.98847,4707,0.871890476,TRUE
146,1171753,146,2019_Grotenete,gn-3,VR2W-122365,51.130352,4.617316,28/11/2019 23:38,28/11/2019 23:41,3,4601,4186.83712,0.909984,40229.02744,39887.6149,TRUE,44215.90202,14,29/11/2019 00:59,4328.287125,4885,0.886036259,TRUE
147,1171753,147,2019_Grotenete,gn-2,VR2W-127721,51.135829,4.5937,29/11/2019 00:24,29/11/2019 00:37,4,2566,2138.410314,0.833363,42367.43775,42026.02521,TRUE,46288.62457,15,29/11/2019 01:29,4262.599357,3945,1.080506808,TRUE
148,1171753,148,2019_Grotenete,bn-3,VR2W-124063,51.126391,4.571903,29/11/2019 00:59,29/11/2019 00:59,1,1323,2189.87681,1.655236,44557.31456,44215.90202,TRUE,50582.61415,20,29/11/2019 12:23,6366.712132,41006,0.15526294,TRUE
149,1171753,149,2019_Grotenete,bn-2,VR2W-124078,51.117416,4.549158,29/11/2019 01:29,29/11/2019 01:34,3,1799,2072.722547,1.152153,46630.03711,46288.62457,FALSE,50582.61415,20,29/11/2019 12:23,4293.989585,39207,0.109520993,TRUE
150,1171753,150,2019_Grotenete,bn-2,VR2W-124078,51.117416,4.549158,29/11/2019 02:57,29/11/2019 03:05,7,NA,NA,NA,46630.03711,46288.62457,FALSE,NA,NA,NA,NA,NA,NA,TRUE
151,1171753,151,2019_Grotenete,bn-3,VR2W-124063,51.126391,4.571903,29/11/2019 03:49,29/11/2019 03:53,3,2594,2072.722547,0.799045,48702.75966,44215.90202,FALSE,50582.61415,20,29/11/2019 12:23,6366.712132,30853,0.206356339,TRUE
152,1171753,152,2019_Grotenete,bn-3,VR2W-124063,51.126391,4.571903,29/11/2019 10:49,29/11/2019 10:51,2,NA,NA,NA,48702.75966,44215.90202,TRUE,50582.61415,20,29/11/2019 12:23,6366.712132,5634,1.130051852,TRUE
153,1171753,153,2019_Grotenete,bn-2,VR2W-124078,51.117416,4.549158,29/11/2019 11:19,29/11/2019 11:24,3,1675,2072.722547,1.237446,50775.4822,46288.62457,TRUE,50582.61415,20,29/11/2019 12:23,4293.989585,3817,1.124964523,TRUE
154,1171753,154,2019_Grotenete,bn-1,VR2W-122351,51.093001,4.506837,29/11/2019 12:23,29/11/2019 12:27,4,3555,4293.989585,1.207873,55069.47179,50582.61415,FALSE,55176.55966,24,29/11/2019 20:19,4593.945504,28571,0.160790504,TRUE
155,1171753,155,2019_Grotenete,bn-1,VR2W-122351,51.093001,4.506837,29/11/2019 16:33,29/11/2019 16:41,4,NA,NA,NA,55069.47179,50582.61415,FALSE,55176.55966,24,29/11/2019 20:19,4593.945504,13551,0.339011549,TRUE
156,1171753,156,2019_Grotenete,bn-1,VR2W-122351,51.093001,4.506837,29/11/2019 17:42,29/11/2019 17:56,7,NA,NA,NA,55069.47179,50582.61415,FALSE,55176.55966,24,29/11/2019 20:19,4593.945504,9448,0.486234706,TRUE
157,1171753,157,2019_Grotenete,bn-1,VR2W-122351,51.093001,4.506837,29/11/2019 18:59,29/11/2019 19:20,11,NA,NA,NA,55069.47179,50582.61415,TRUE,55176.55966,24,29/11/2019 20:19,4593.945504,4814,0.954288638,TRUE
158,1171753,158,2019_Grotenete,bn-Walem,VR2W-122339,51.07183,4.45474,29/11/2019 20:19,29/11/2019 20:27,4,3536,4593.945504,1.299193,59663.41729,55176.55966,TRUE,62601.73428,25,29/11/2019 22:11,7425.174625,6735,1.102475817,TRUE
159,1171753,159,2019_Grotenete,ru-1,VR2W-122328,51.082273,4.366215,29/11/2019 22:11,29/11/2019 22:18,3,6287,7425.174625,1.181036,67088.59192,62601.73428,TRUE,72606.86242,27,30/11/2019 06:11,10005.12814,28793,0.347484741,TRUE
160,1171753,160,2019_Grotenete,me-7-2b,VR2W-113524,51.1008,4.330483,29/11/2019 22:59,29/11/2019 22:59,1,2444,3445.459128,1.409762,70534.05105,66047.19341,TRUE,72606.86242,27,30/11/2019 06:11,6559.669007,25930,0.252976051,TRUE
161,1171753,161,2019_Grotenete,s-8a,VR2W-127719,51.14222,4.32646,30/11/2019 06:11,30/11/2019 06:21,3,25930,6559.669007,0.252976,77093.72005,72606.86242,TRUE,78555.4429,28,30/11/2019 07:31,5948.58048,4758,1.250227087,TRUE
162,1171753,162,2019_Grotenete,s-9a,VR2W-127738,51.19068,4.33602,30/11/2019 07:31,30/11/2019 07:38,5,4146,5948.580481,1.434776,83042.30053,78555.4429,TRUE,86022.17104,29,30/11/2019 08:46,7466.728147,4511,1.655226812,TRUE
163,1171753,163,2019_Grotenete,s-10a,VR2W-127716,51.235423,4.396673,30/11/2019 08:46,30/11/2019 08:53,3,4037,7466.728147,1.849573,90509.02868,86022.17104,TRUE,100575.5524,30,30/11/2019 19:34,14553.38139,38876,0.374353879,TRUE
164,1171753,164,2019_Grotenete,s-12,VR2W-127732,51.30305,4.28731,30/11/2019 19:34,30/11/2019 19:35,2,38447,14553.38139,0.378531,105062.4101,100575.5524,TRUE,125171.1861,32,01/12/2019 07:45,24595.63363,43896,0.560316057,TRUE
165,1171753,165,2019_Grotenete,s-STD3,VR2W-134898,51.330504,4.270161,30/11/2019 20:21,30/11/2019 20:21,1,2737,3855.62017,1.408703,108918.0302,104431.1726,TRUE,125171.1861,32,01/12/2019 07:45,20740.01346,41072,0.504967215,TRUE
166,1171753,166,2019_Grotenete,ws-55,VR2W-127734,51.40221,4.02998,01/12/2019 07:45,01/12/2019 07:45,1,41072,20740.01346,0.504967,129658.0437,125171.1861,FALSE,151259.3675,34,01/12/2019 21:24,26088.18146,49129,0.531013891,TRUE
167,1171753,167,2019_Grotenete,ws-53A,VR2W-127731,51.411167,4.029233,01/12/2019 07:55,01/12/2019 07:55,1,604,1041.430808,1.724223,130699.4745,125685.4227,TRUE,151259.3675,34,01/12/2019 21:24,25573.94484,48525,0.527026169,TRUE
168,1171753,168,2019_Grotenete,ws-borssele,VR2AR-546900,51.43161667,3.704916667,01/12/2019 21:24,01/12/2019 21:29,2,48525,25988.18808,0.535563,156687.6626,151259.3675,NA,NA,NA,NA,NA,NA,NA,TRUE
169,1293822,169,2019_Grotenete,rel_grotenete1,none,51.144779,5.003906,18/12/2020 10:35,18/12/2020 10:35,1,NA,NA,NA,0,0,TRUE,7635.421578,4,24/12/2020 19:07,7635.421578,549128,0.01390463,TRUE
170,1293822,170,2019_Grotenete,gn-14,VR2W-122358,51.138267,4.996319,23/12/2020 23:45,23/12/2020 23:45,1,479452,1048.509145,0.002187,1048.509145,1048.509145,TRUE,7635.421578,4,24/12/2020 19:07,6586.912433,69676,0.094536317,TRUE
171,1293822,171,2019_Grotenete,gn-13,VR2W-124066,51.119771,4.990306,24/12/2020 00:36,24/12/2020 00:40,5,3062,2389.94432,0.780517,3438.453465,3438.453465,TRUE,7635.421578,4,24/12/2020 19:07,4196.968113,66614,0.063004295,TRUE
172,1293822,172,2019_Grotenete,gn-11,VR2W-127720,51.09592,4.957142,24/12/2020 19:07,24/12/2020 19:08,2,66391,4338.377744,0.065346,7776.831209,7635.421578,TRUE,16419.08729,7,24/12/2020 22:09,8783.66571,10948,0.802307792,TRUE
173,1293822,173,2019_Grotenete,gn-10,VR2W-122324,51.091558,4.945793,24/12/2020 19:32,24/12/2020 19:37,5,1420,1107.062052,0.779621,8883.893261,8742.48363,TRUE,16419.08729,7,24/12/2020 22:09,7676.603658,9440,0.81319954,TRUE
174,1293822,174,2019_Grotenete,gn-9,VR2W-127109,51.081153,4.913762,24/12/2020 20:30,24/12/2020 20:32,2,3212,2855.524863,0.889018,11739.41812,11598.00849,TRUE,16419.08729,7,24/12/2020 22:09,4821.078795,5918,0.814646637,TRUE
175,1293822,175,2019_Grotenete,gn-8,VR2W-122348,51.070653,4.851284,24/12/2020 22:09,24/12/2020 22:11,2,5819,4879.655927,0.838573,16619.07405,16419.08729,TRUE,21357.31227,8,24/12/2020 23:40,4938.224984,5442,0.907428332,TRUE
176,1293822,176,2019_Grotenete,gn-7,VR2W-122340,51.061848,4.787587,24/12/2020 23:40,25/12/2020 00:17,26,5342,4938.224983,0.924415,21557.29903,21357.31227,FALSE,35783.62643,11,05/01/2021 22:11,14426.31415,1031473,0.013986129,TRUE
177,1293822,177,2019_Grotenete,gn-7,VR2W-122340,51.061848,4.787587,25/12/2020 17:01,26/12/2020 04:15,392,NA,NA,NA,21557.29903,21357.31227,TRUE,35783.62643,11,05/01/2021 22:11,14426.31415,969022,0.014887499,TRUE
178,1293822,178,2019_Grotenete,gn-6,VR2W-122333,51.078636,4.757592,26/12/2020 05:31,26/12/2020 05:35,3,4562,3296.955011,0.722699,24854.25405,24654.26728,TRUE,35783.62643,11,05/01/2021 22:11,11129.35914,923984,0.01204497,TRUE
179,1293822,179,2019_Grotenete,gn-4,VR2W-122353,51.135075,4.664932,05/01/2021 22:11,05/01/2021 22:24,3,923786,11129.35914,0.012048,35983.61319,35783.62643,FALSE,39887.6149,17,08/01/2021 20:44,4103.98847,253987,0.016158262,TRUE
180,1293822,180,2019_Grotenete,gn-4,VR2W-122353,51.135075,4.664932,06/01/2021 10:34,06/01/2021 10:37,2,NA,NA,NA,35983.61319,35783.62643,FALSE,39887.6149,17,08/01/2021 20:44,4103.98847,209425,0.019596459,TRUE
181,1293822,181,2019_Grotenete,gn-4,VR2W-122353,51.135075,4.664932,06/01/2021 23:10,07/01/2021 00:06,7,NA,NA,NA,35983.61319,35783.62643,FALSE,39887.6149,17,08/01/2021 20:44,4103.98847,164075,0.025012881,TRUE
182,1293822,182,2019_Grotenete,gn-4,VR2W-122353,51.135075,4.664932,07/01/2021 09:41,07/01/2021 09:41,1,NA,NA,NA,35983.61319,35783.62643,FALSE,39887.6149,17,08/01/2021 20:44,4103.98847,126214,0.032516111,TRUE
183,1293822,183,2019_Grotenete,gn-4,VR2W-122353,51.135075,4.664932,07/01/2021 11:30,07/01/2021 11:30,1,NA,NA,NA,35983.61319,35783.62643,FALSE,39887.6149,17,08/01/2021 20:44,4103.98847,119637,0.034303673,TRUE
184,1293822,184,2019_Grotenete,gn-4,VR2W-122353,51.135075,4.664932,07/01/2021 19:38,08/01/2021 18:54,1026,NA,NA,NA,35983.61319,35783.62643,TRUE,39887.6149,17,08/01/2021 20:44,4103.98847,90378,0.045409153,TRUE
185,1293822,185,2019_Grotenete,gn-3,VR2W-122365,51.130352,4.617316,08/01/2021 20:44,08/01/2021 20:50,5,6592,4186.83712,0.635139,40170.45031,39887.6149,TRUE,46288.62457,19,09/01/2021 18:56,6401.009672,79911,0.080101734,TRUE
186,1293822,186,2019_Grotenete,gn-2,VR2W-127721,51.135829,4.5937,09/01/2021 17:23,09/01/2021 17:44,12,73987,2138.410314,0.028903,42308.86062,42026.02521,TRUE,46288.62457,19,09/01/2021 18:56,4262.599357,5591,0.762403748,TRUE
187,1293822,187,2019_Grotenete,bn-2,VR2W-124078,51.117416,4.549158,09/01/2021 18:56,09/01/2021 19:02,5,4301,4262.599357,0.991072,46571.45998,46288.62457,TRUE,50582.61415,20,09/01/2021 20:31,4293.989585,5726,0.74991086,TRUE
188,1293822,188,2019_Grotenete,bn-1,VR2W-122351,51.093001,4.506837,09/01/2021 20:31,09/01/2021 23:11,45,5366,4293.989585,0.800222,50865.44956,50582.61415,TRUE,55176.55966,21,10/01/2021 02:42,4593.945504,22238,0.206580875,TRUE
189,1293822,189,2019_Grotenete,bn-Walem,VR2W-122339,51.07183,4.45474,10/01/2021 02:42,10/01/2021 02:56,12,12686,4593.945504,0.362127,55459.39507,55176.55966,TRUE,62601.73428,22,10/01/2021 04:50,7425.174625,7698,0.964558928,TRUE
190,1293822,190,2019_Grotenete,ru-1,VR2W-122328,51.082273,4.366215,10/01/2021 04:50,10/01/2021 05:08,11,6868,7425.174625,1.081126,62884.56969,62601.73428,TRUE,72606.86242,23,10/01/2021 14:43,10005.12814,35563,0.281335324,TRUE
191,1293822,191,2019_Grotenete,s-8a,VR2W-127719,51.14222,4.32646,10/01/2021 14:43,10/01/2021 14:43,1,34501,10005.12814,0.289995,72889.69783,72606.86242,TRUE,86022.17104,24,10/01/2021 17:49,13415.30863,11136,1.204679295,TRUE
192,1293822,192,2019_Grotenete,s-10a,VR2W-127716,51.235423,4.396673,10/01/2021 17:49,10/01/2021 18:02,12,11136,13415.30863,1.204679,86305.00646,86022.17104,TRUE,104431.1726,25,11/01/2021 04:18,18409.00156,37777,0.487307133,TRUE
193,1293822,193,2019_Grotenete,s-STD3,VR2W-134898,51.330504,4.270161,11/01/2021 04:18,11/01/2021 04:20,2,36964,18409.00156,0.498025,104714.008,104431.1726,TRUE,125923.9588,26,11/01/2021 18:34,21492.78616,51326,0.418750461,TRUE
194,1293822,194,2019_Grotenete,ws-42A,VR2W-127735,51.42251303,4.032860596,11/01/2021 18:34,11/01/2021 20:33,25,51231,21492.78616,0.419527,126206.7942,125923.9588,FALSE,165932.6005,29,13/01/2021 02:50,40008.64178,116148,0.344462598,TRUE
195,1293822,195,2019_Grotenete,ws-42A,VR2W-127735,51.42251303,4.032860596,12/01/2021 01:51,12/01/2021 02:17,9,NA,NA,NA,126206.7942,125923.9588,TRUE,165932.6005,29,13/01/2021 02:50,40008.64178,89934,0.4448667,TRUE
196,1293822,196,2019_Grotenete,ws-HW6,VR2W-127725,51.43484,4.02702,12/01/2021 02:40,12/01/2021 02:45,2,1372,1507.100174,1.09847,127713.8943,126962.4419,TRUE,165932.6005,29,13/01/2021 02:50,38970.15866,86976,0.44805646,TRUE
197,1293822,197,2019_Grotenete,ws-OGDL,VR2W-123831,51.46395,3.51263,13/01/2021 02:50,13/01/2021 02:56,12,86662,41538.46678,0.479316,169252.3611,165932.6005,FALSE,NA,NA,NA,NA,NA,NA,TRUE
198,1293822,198,2019_Grotenete,ws-OG10,VR2W-123832,51.474675,3.510681,13/01/2021 03:07,13/01/2021 03:07,1,653,1282.849969,1.964548,170535.2111,166688.2563,NA,NA,NA,NA,NA,NA,NA,TRUE
199,1294154,199,2019_Grotenete,rel_grotenete1,none,51.144779,5.003906,02/10/2019 13:00,02/10/2019 13:00,1,NA,NA,NA,0,0,FALSE,7635.421578,3,04/11/2019 22:11,7635.421578,2884288,0.002647247,FALSE
200,1294154,200,2019_Grotenete,gn-13,VR2W-124066,51.119771,4.990306,04/10/2019 22:35,05/10/2019 20:01,972,207324,3438.453465,0.016585,3438.453465,3438.453465,FALSE,7635.421578,3,04/11/2019 22:11,4196.968113,2676964,0.001567809,FALSE
201,1294154,201,2019_Grotenete,gn-11,VR2W-127720,51.09592,4.957142,04/11/2019 22:11,04/11/2019 22:14,3,2599818,4338.377744,0.001669,7776.831209,7635.421578,TRUE,21357.31227,6,05/11/2019 02:37,13721.89069,15974,0.859014066,TRUE
202,1294154,202,2019_Grotenete,gn-10,VR2W-122324,51.091558,4.945793,04/11/2019 22:37,04/11/2019 22:46,8,1388,1107.062052,0.797595,8883.893261,8742.48363,TRUE,21357.31227,6,05/11/2019 02:37,12614.82864,14427,0.874390285,TRUE
203,1294154,203,2019_Grotenete,gn-9,VR2W-127109,51.081153,4.913762,04/11/2019 23:36,04/11/2019 23:40,4,3010,2855.524863,0.948679,11739.41812,11598.00849,TRUE,21357.31227,6,05/11/2019 02:37,9759.303779,10857,0.89889507,TRUE
204,1294154,204,2019_Grotenete,gn-7,VR2W-122340,51.061848,4.787587,05/11/2019 02:37,05/11/2019 02:42,5,10636,9817.88091,0.92308,21557.29903,21357.31227,TRUE,31338.23349,8,05/11/2019 20:49,9980.921215,65516,0.152343263,TRUE
205,1294154,205,2019_Grotenete,gn-6,VR2W-122333,51.078636,4.757592,05/11/2019 17:21,05/11/2019 17:26,5,52769,3296.955011,0.062479,24854.25405,24654.26728,TRUE,31338.23349,8,05/11/2019 20:49,6683.966204,12481,0.535531304,TRUE
206,1294154,206,2019_Grotenete,gn-5,VR2W-122332,51.125942,4.718199,05/11/2019 20:49,05/11/2019 20:52,4,12188,6683.966204,0.548405,31538.22025,31338.23349,TRUE,35783.62643,9,06/11/2019 01:49,4445.392939,17973,0.24733728,TRUE
207,1294154,207,2019_Grotenete,gn-4,VR2W-122353,51.135075,4.664932,06/11/2019 01:49,06/11/2019 01:58,8,17779,4503.97007,0.253331,36042.19032,35783.62643,TRUE,39887.6149,10,07/11/2019 18:21,4103.98847,145936,0.028121837,TRUE
208,1294154,208,2019_Grotenete,gn-3,VR2W-122365,51.130352,4.617316,07/11/2019 18:21,07/11/2019 18:27,5,145364,4186.83712,0.028802,40229.02744,39887.6149,TRUE,44215.90202,12,07/11/2019 20:46,4328.287125,8678,0.498765513,TRUE
209,1294154,209,2019_Grotenete,gn-2,VR2W-127721,51.135829,4.5937,07/11/2019 19:36,07/11/2019 20:00,13,4140,2138.410314,0.516524,42367.43775,42026.02521,TRUE,46288.62457,13,08/11/2019 01:11,4262.599357,20112,0.211943087,TRUE
210,1294154,210,2019_Grotenete,bn-3,VR2W-124063,51.126391,4.571903,07/11/2019 20:46,07/11/2019 20:52,6,2753,2189.87681,0.795451,44557.31456,44215.90202,TRUE,50582.61415,14,08/11/2019 03:06,6366.712132,22831,0.278862605,TRUE
211,1294154,211,2019_Grotenete,bn-2,VR2W-124078,51.117416,4.549158,08/11/2019 01:11,08/11/2019 01:43,25,15539,2072.722547,0.133388,46630.03711,46288.62457,TRUE,50582.61415,14,08/11/2019 03:06,4293.989585,6903,0.622046876,TRUE
212,1294154,212,2019_Grotenete,bn-1,VR2W-122351,51.093001,4.506837,08/11/2019 03:06,08/11/2019 03:25,16,5016,4293.989585,0.856059,50924.0267,50582.61415,TRUE,55176.55966,15,08/11/2019 04:37,4593.945504,5475,0.839076804,TRUE
213,1294154,213,2019_Grotenete,bn-Walem,VR2W-122339,51.07183,4.45474,08/11/2019 04:37,08/11/2019 04:52,13,4364,4593.945504,1.052691,55517.9722,55176.55966,TRUE,62601.73428,16,08/11/2019 07:18,7425.174625,9623,0.771607048,TRUE
214,1294154,214,2019_Grotenete,ru-1,VR2W-122328,51.082273,4.366215,08/11/2019 07:18,08/11/2019 07:25,5,8770,7425.174625,0.846656,62943.14682,62601.73428,FALSE,72606.86242,19,08/11/2019 16:13,10005.12814,32137,0.311327384,TRUE
215,1294154,215,2019_Grotenete,ru-1,VR2W-122328,51.082273,4.366215,08/11/2019 12:15,08/11/2019 14:11,37,NA,NA,NA,62943.14682,62601.73428,TRUE,72606.86242,19,08/11/2019 16:13,10005.12814,14288,0.70024693,TRUE
216,1294154,216,2019_Grotenete,me-7-2b,VR2W-113524,51.1008,4.330483,08/11/2019 14:40,08/11/2019 14:48,7,1742,3445.459128,1.977876,66388.60595,66047.19341,TRUE,72606.86242,19,08/11/2019 16:13,6559.669007,5600,1.171369466,TRUE
217,1294154,217,2019_Grotenete,s-8a,VR2W-127719,51.14222,4.32646,08/11/2019 16:13,08/11/2019 16:15,2,5110,6559.669007,1.283693,72948.27496,72606.86242,TRUE,78314.02374,20,08/11/2019 17:17,5707.161319,3792,1.50505309,TRUE
218,1294154,218,2019_Grotenete,s-9,VR2W-122319,51.19069,4.32954,08/11/2019 17:17,08/11/2019 17:27,12,3709,5707.161319,1.538733,78655.43628,78314.02374,TRUE,86022.17104,21,08/11/2019 18:58,7708.147308,6100,1.263630706,TRUE
219,1294154,219,2019_Grotenete,s-10a,VR2W-127716,51.235423,4.396673,08/11/2019 18:58,08/11/2019 20:46,87,5450,7708.147308,1.414339,86363.58359,86022.17104,FALSE,104431.1726,23,09/11/2019 05:57,18409.00156,39554,0.46541441,TRUE
220,1294154,220,2019_Grotenete,s-10a,VR2W-127716,51.235423,4.396673,09/11/2019 01:37,09/11/2019 01:37,1,NA,NA,NA,86363.58359,86022.17104,TRUE,104431.1726,23,09/11/2019 05:57,18409.00156,15653,1.176068585,TRUE
221,1294154,221,2019_Grotenete,s-STD3,VR2W-134898,51.330504,4.270161,09/11/2019 05:57,09/11/2019 06:01,4,15653,18409.00156,1.176069,104772.5851,104431.1726,FALSE,125171.1861,25,09/11/2019 19:18,20740.01346,48045,0.431678915,TRUE
222,1294154,222,2019_Grotenete,s-STD3,VR2W-134898,51.330504,4.270161,09/11/2019 12:07,09/11/2019 13:15,37,NA,NA,NA,104772.5851,104431.1726,TRUE,125171.1861,25,09/11/2019 19:18,20740.01346,25850,0.802321604,TRUE
223,1294154,223,2019_Grotenete,ws-55,VR2W-127734,51.40221,4.02998,09/11/2019 19:18,09/11/2019 19:29,3,21813,20740.01346,0.95081,125512.5986,125171.1861,FALSE,151259.3675,30,10/11/2019 18:09,26088.18146,82225,0.317277975,TRUE
224,1294154,224,2019_Grotenete,ws-53A,VR2W-127731,51.411167,4.029233,09/11/2019 19:44,09/11/2019 19:47,2,889,1041.430808,1.171463,126554.0294,125685.4227,FALSE,NA,NA,NA,NA,NA,NA,TRUE
225,1294154,225,2019_Grotenete,ws-55,VR2W-127734,51.40221,4.02998,09/11/2019 19:51,09/11/2019 20:13,3,254,1041.430808,4.100121,127595.4602,125171.1861,FALSE,151259.3675,30,10/11/2019 18:09,26088.18146,80259,0.325049919,TRUE
226,1294154,226,2019_Grotenete,ws-55,VR2W-127734,51.40221,4.02998,10/11/2019 03:14,10/11/2019 03:17,3,NA,NA,NA,127595.4602,125171.1861,FALSE,151259.3675,30,10/11/2019 18:09,26088.18146,53696,0.485849625,TRUE
227,1294154,227,2019_Grotenete,ws-53A,VR2W-127731,51.411167,4.029233,10/11/2019 03:22,10/11/2019 03:27,5,296,1041.430808,3.518347,128636.891,125685.4227,TRUE,151259.3675,30,10/11/2019 18:09,25573.94484,53204,0.480677108,TRUE
228,1294154,228,2019_Grotenete,ws-borssele,VR2AR-546900,51.43161667,3.704916667,10/11/2019 18:09,10/11/2019 18:22,9,52912,25988.18808,0.491159,154625.0791,151259.3675,FALSE,NA,NA,NA,NA,NA,NA,TRUE
229,1294154,229,2019_Grotenete,ws-11,VR2W-120874,51.41163,3.70746,10/11/2019 21:41,10/11/2019 22:04,20,11922,2241.448278,0.188009,156866.5274,150072.3076,FALSE,NA,NA,NA,NA,NA,NA,FALSE
230,1294154,230,2019_Grotenete,ws-PVTSS,VR2W-120873,51.4018055,3.7089134,10/11/2019 22:06,10/11/2019 22:27,13,123,1182.848514,9.616655,158049.3759,149416.6533,FALSE,NA,NA,NA,NA,NA,NA,FALSE
231,1294154,231,2019_Grotenete,ws-6,VR2W-120883,51.3913098,3.7161726,10/11/2019 22:28,10/11/2019 22:33,5,64,1407.098718,21.985917,159456.4746,148419.5945,FALSE,NA,NA,NA,NA,NA,NA,FALSE
232,1294154,232,2019_Grotenete,ws-15A,VR2W-120886,51.3805457,3.717259,10/11/2019 22:47,10/11/2019 22:51,4,837,1241.43372,1.483194,160697.9083,148402.4498,FALSE,NA,NA,NA,NA,NA,NA,FALSE
233,1294154,233,2019_Grotenete,ws-A1,VR2W-122343,51.3724995,3.7229828,10/11/2019 23:25,11/11/2019 00:40,26,2031,1065.678101,0.524706,161763.5864,148375.2951,FALSE,NA,NA,NA,NA,NA,NA,FALSE
234,1294154,234,2019_Grotenete,ws-15A,VR2W-120886,51.3805457,3.717259,11/11/2019 00:47,11/11/2019 01:09,16,400,1065.678101,2.664195,162829.2645,148402.4498,FALSE,NA,NA,NA,NA,NA,NA,FALSE
235,1294154,235,2019_Grotenete,ws-6,VR2W-120883,51.3913098,3.7161726,11/11/2019 01:26,11/11/2019 01:41,8,1000,1241.43372,1.241434,164070.6983,148419.5945,FALSE,NA,NA,NA,NA,NA,NA,FALSE
236,1294154,236,2019_Grotenete,ws-PVTSS,VR2W-120873,51.4018055,3.7089134,11/11/2019 01:42,11/11/2019 02:09,14,80,1407.098718,17.588734,165477.797,149416.6533,NA,NA,NA,NA,NA,NA,NA,FALSE
237,1294155,237,2019_Grotenete,rel_grotenete1,none,51.144779,5.003906,02/10/2019 13:00,02/10/2019 13:00,1,NA,NA,NA,0,0,FALSE,7635.421578,4,19/10/2019 20:51,7635.421578,1497060,0.005100278,FALSE
238,1294155,238,2019_Grotenete,gn-14,VR2W-122358,51.138267,4.996319,17/10/2019 18:46,17/10/2019 18:48,3,1316781,1048.509145,0.000796,1048.509145,1048.509145,TRUE,7635.421578,4,19/10/2019 20:51,6586.912433,180279,0.036537325,TRUE
239,1294155,239,2019_Grotenete,gn-13,VR2W-124066,51.119771,4.990306,17/10/2019 19:50,17/10/2019 19:53,3,3721,2389.94432,0.642285,3438.453465,3438.453465,TRUE,7635.421578,4,19/10/2019 20:51,4196.968113,176416,0.023790178,TRUE
240,1294155,240,2019_Grotenete,gn-11,VR2W-127720,51.09592,4.957142,19/10/2019 20:51,19/10/2019 20:52,2,176237,4338.377744,0.024617,7776.831209,7635.421578,TRUE,21357.31227,7,21/10/2019 20:20,13721.89069,170954,0.080266567,TRUE
241,1294155,241,2019_Grotenete,gn-10,VR2W-122324,51.091558,4.945793,19/10/2019 21:15,19/10/2019 21:24,7,1390,1107.062052,0.796448,8883.893261,8742.48363,TRUE,21357.31227,7,21/10/2019 20:20,12614.82864,169496,0.074425524,TRUE
242,1294155,242,2019_Grotenete,gn-9,VR2W-127109,51.081153,4.913762,20/10/2019 17:56,20/10/2019 18:00,3,73880,2855.524863,0.038651,11739.41812,11598.00849,TRUE,21357.31227,7,21/10/2019 20:20,9759.303779,95050,0.102675474,TRUE
243,1294155,243,2019_Grotenete,gn-7,VR2W-122340,51.061848,4.787587,21/10/2019 20:20,21/10/2019 20:26,5,94765,9817.88091,0.103602,21557.29903,21357.31227,TRUE,31338.23349,9,22/10/2019 20:16,9980.921215,86168,0.115830949,TRUE
244,1294155,244,2019_Grotenete,gn-6,VR2W-122333,51.078636,4.757592,21/10/2019 21:36,21/10/2019 21:43,6,4174,3296.955011,0.789879,24854.25405,24654.26728,TRUE,31338.23349,9,22/10/2019 20:16,6683.966204,81601,0.081910347,TRUE
245,1294155,245,2019_Grotenete,gn-5,VR2W-122332,51.125942,4.718199,22/10/2019 20:16,22/10/2019 20:20,4,81186,6683.966204,0.082329,31538.22025,31338.23349,TRUE,35783.62643,10,23/10/2019 01:19,4445.392939,18176,0.244574876,TRUE
246,1294155,246,2019_Grotenete,gn-4,VR2W-122353,51.135075,4.664932,23/10/2019 01:19,23/10/2019 01:24,5,17908,4503.97007,0.251506,36042.19032,35783.62643,TRUE,39887.6149,11,23/10/2019 02:51,4103.98847,5557,0.738525908,TRUE
247,1294155,247,2019_Grotenete,gn-3,VR2W-122365,51.130352,4.617316,23/10/2019 02:51,23/10/2019 02:56,5,5226,4186.83712,0.801155,40229.02744,39887.6149,TRUE,44215.90202,13,23/10/2019 04:27,4328.287125,5738,0.75431982,TRUE
248,1294155,248,2019_Grotenete,gn-2,VR2W-127721,51.135829,4.5937,23/10/2019 03:46,23/10/2019 04:01,7,3023,2138.410314,0.70738,42367.43775,42026.02521,TRUE,46288.62457,14,23/10/2019 23:18,4262.599357,70309,0.060626653,TRUE
249,1294155,249,2019_Grotenete,bn-3,VR2W-124063,51.126391,4.571903,23/10/2019 04:27,23/10/2019 04:40,7,1550,2189.87681,1.412824,44557.31456,44215.90202,TRUE,50582.61415,15,24/10/2019 01:32,6366.712132,75876,0.083909433,TRUE
250,1294155,250,2019_Grotenete,bn-2,VR2W-124078,51.117416,4.549158,23/10/2019 23:18,23/10/2019 23:50,24,67044,2072.722547,0.030916,46630.03711,46288.62457,TRUE,50582.61415,15,24/10/2019 01:32,4293.989585,8034,0.53447717,TRUE
251,1294155,251,2019_Grotenete,bn-1,VR2W-122351,51.093001,4.506837,24/10/2019 01:32,24/10/2019 01:50,14,6078,4293.989585,0.706481,50924.0267,50582.61415,TRUE,55176.55966,16,24/10/2019 02:50,4593.945504,4699,0.977643223,TRUE
252,1294155,252,2019_Grotenete,bn-Walem,VR2W-122339,51.07183,4.45474,24/10/2019 02:50,24/10/2019 03:00,8,3598,4593.945504,1.276805,55517.9722,55176.55966,TRUE,62601.73428,17,25/10/2019 17:58,7425.174625,140893,0.052700806,TRUE
253,1294155,253,2019_Grotenete,ru-1,VR2W-122328,51.082273,4.366215,25/10/2019 17:58,25/10/2019 22:13,103,140286,7425.174625,0.052929,62943.14682,62601.73428,FALSE,72606.86242,28,28/10/2019 17:43,10005.12814,258292,0.038735726,TRUE
254,1294155,254,2019_Grotenete,ru-1,VR2W-122328,51.082273,4.366215,25/10/2019 23:23,25/10/2019 23:34,6,NA,NA,NA,62943.14682,62601.73428,FALSE,72606.86242,28,28/10/2019 17:43,10005.12814,238774,0.041902084,TRUE
255,1294155,255,2019_Grotenete,ru-1,VR2W-122328,51.082273,4.366215,26/10/2019 00:43,26/10/2019 02:54,75,NA,NA,NA,62943.14682,62601.73428,FALSE,72606.86242,28,28/10/2019 17:43,10005.12814,233982,0.042760247,TRUE
256,1294155,256,2019_Grotenete,ru-1,VR2W-122328,51.082273,4.366215,26/10/2019 05:49,26/10/2019 06:55,4,NA,NA,NA,62943.14682,62601.73428,FALSE,72606.86242,28,28/10/2019 17:43,10005.12814,215616,0.046402531,TRUE
257,1294155,257,2019_Grotenete,ru-1,VR2W-122328,51.082273,4.366215,26/10/2019 08:03,26/10/2019 08:51,13,NA,NA,NA,62943.14682,62601.73428,FALSE,72606.86242,28,28/10/2019 17:43,10005.12814,207576,0.048199831,TRUE
258,1294155,258,2019_Grotenete,ru-1,VR2W-122328,51.082273,4.366215,26/10/2019 14:39,26/10/2019 14:46,5,NA,NA,NA,62943.14682,62601.73428,FALSE,72606.86242,28,28/10/2019 17:43,10005.12814,183825,0.054427462,TRUE
259,1294155,259,2019_Grotenete,ru-1,VR2W-122328,51.082273,4.366215,26/10/2019 16:15,26/10/2019 16:15,1,NA,NA,NA,62943.14682,62601.73428,FALSE,72606.86242,28,28/10/2019 17:43,10005.12814,178070,0.056186489,TRUE
260,1294155,260,2019_Grotenete,ru-1,VR2W-122328,51.082273,4.366215,26/10/2019 17:43,26/10/2019 18:17,5,NA,NA,NA,62943.14682,62601.73428,FALSE,72606.86242,28,28/10/2019 17:43,10005.12814,172782,0.057906079,TRUE
261,1294155,261,2019_Grotenete,ru-1,VR2W-122328,51.082273,4.366215,26/10/2019 21:27,26/10/2019 21:35,4,NA,NA,NA,62943.14682,62601.73428,FALSE,72606.86242,28,28/10/2019 17:43,10005.12814,159371,0.06277885,TRUE
262,1294155,262,2019_Grotenete,ru-1,VR2W-122328,51.082273,4.366215,27/10/2019 03:09,27/10/2019 03:20,3,NA,NA,NA,62943.14682,62601.73428,TRUE,72606.86242,28,28/10/2019 17:43,10005.12814,138826,0.072069556,TRUE
263,1294155,263,2019_Grotenete,me-7-2b,VR2W-113524,51.1008,4.330483,27/10/2019 04:44,27/10/2019 04:50,5,5032,3445.459128,0.68471,66388.60595,66047.19341,TRUE,72606.86242,28,28/10/2019 17:43,6559.669007,133144,0.049267477,TRUE
264,1294155,264,2019_Grotenete,s-8a,VR2W-127719,51.14222,4.32646,28/10/2019 17:43,28/10/2019 17:46,3,132811,6559.669007,0.049391,72948.27496,72606.86242,TRUE,78314.02374,29,28/10/2019 18:52,5707.161319,4160,1.371913779,TRUE
265,1294155,265,2019_Grotenete,s-9,VR2W-122319,51.19069,4.32954,28/10/2019 18:52,28/10/2019 19:04,11,4004,5707.161319,1.425365,78655.43628,78314.02374,TRUE,86022.17104,30,30/10/2019 07:22,7708.147308,131375,0.058672862,TRUE
266,1294155,266,2019_Grotenete,s-10a,VR2W-127716,51.235423,4.396673,30/10/2019 07:22,30/10/2019 08:01,3,130692,7708.147308,0.058979,86363.58359,86022.17104,FALSE,100616.9768,33,30/10/2019 20:47,14594.80572,48295,0.302201174,TRUE
267,1294155,267,2019_Grotenete,s-10a,VR2W-127716,51.235423,4.396673,30/10/2019 09:34,30/10/2019 12:55,86,NA,NA,NA,86363.58359,86022.17104,FALSE,100616.9768,33,30/10/2019 20:47,14594.80572,40362,0.361597684,TRUE
268,1294155,268,2019_Grotenete,s-10a,VR2W-127716,51.235423,4.396673,30/10/2019 18:04,30/10/2019 18:08,5,NA,NA,NA,86363.58359,86022.17104,TRUE,100616.9768,33,30/10/2019 20:47,14594.80572,9790,1.490787101,TRUE
269,1294155,269,2019_Grotenete,s-11,VR2W-127728,51.29646,4.2857,30/10/2019 20:47,30/10/2019 20:50,4,9518,14594.80572,1.53339,100958.3893,100616.9768,TRUE,125923.9588,39,03/11/2019 10:41,25306.982,309232,0.081838173,TRUE
270,1294155,270,2019_Grotenete,s-STD3,VR2W-134898,51.330504,4.270161,30/10/2019 21:40,30/10/2019 21:42,3,2953,4097.047406,1.387419,105055.4367,104431.1726,FALSE,NA,NA,NA,NA,NA,NA,TRUE
271,1294155,271,2019_Grotenete,s-12,VR2W-127732,51.30305,4.28731,31/10/2019 15:55,31/10/2019 16:00,4,65570,3855.62017,0.058802,108911.0569,100575.5524,FALSE,125923.9588,39,03/11/2019 10:41,25348.40633,240341,0.105468507,TRUE
272,1294155,272,2019_Grotenete,s-11,VR2W-127728,51.29646,4.2857,31/10/2019 18:02,31/10/2019 18:17,9,7283,300.004368,0.041192,109211.0612,100616.9768,FALSE,125923.9588,39,03/11/2019 10:41,25306.982,232745,0.108732656,TRUE
273,1294155,273,2019_Grotenete,s-11,VR2W-127728,51.29646,4.2857,02/11/2019 18:45,02/11/2019 18:57,5,NA,NA,NA,109211.0612,100616.9768,TRUE,125923.9588,39,03/11/2019 10:41,25306.982,57359,0.441203333,TRUE
274,1294155,274,2019_Grotenete,s-STD3,VR2W-134898,51.330504,4.270161,02/11/2019 19:59,02/11/2019 19:59,1,3695,4097.047406,1.108808,113308.1087,104431.1726,TRUE,125923.9588,39,03/11/2019 10:41,21492.78616,52908,0.40622942,TRUE
275,1294155,275,2019_Grotenete,ws-42A,VR2W-127735,51.42251303,4.032860596,03/11/2019 10:41,03/11/2019 11:03,16,52908,21492.78616,0.406229,134800.8948,125923.9588,TRUE,147865.3184,41,03/11/2019 22:55,21941.35961,44031,0.498316177,TRUE
276,1294155,276,2019_Grotenete,ws-HW6,VR2W-127725,51.43484,4.02702,03/11/2019 11:05,03/11/2019 11:13,6,113,1507.100174,13.33717,136307.995,126962.4419,TRUE,147865.3184,41,03/11/2019 22:55,20902.87649,42582,0.490885268,TRUE
277,1294155,277,2019_Grotenete,ws-A3,VR2W-129710,51.3655375,3.734487,03/11/2019 22:55,03/11/2019 22:57,2,42068,23471.1846,0.557934,159779.1796,147865.3184,FALSE,167446.8763,44,04/11/2019 12:16,19581.55795,48088,0.407202586,TRUE
278,1294155,278,2019_Grotenete,ws-A1,VR2W-122343,51.3724995,3.7229828,03/11/2019 23:04,03/11/2019 23:16,9,444,1089.917319,2.454769,160869.0969,148375.2951,FALSE,167446.8763,44,04/11/2019 12:16,19071.58117,47526,0.40128732,TRUE
279,1294155,279,2019_Grotenete,ws-15A,VR2W-120886,51.3805457,3.717259,03/11/2019 23:21,03/11/2019 23:50,10,279,1065.678101,3.819635,161934.775,148402.4498,TRUE,167446.8763,44,04/11/2019 12:16,19044.42657,46527,0.409319891,TRUE
280,1294155,280,2019_Grotenete,ws-W7,VR2Tx-480722,51.410173,3.454515,04/11/2019 12:16,04/11/2019 12:24,4,44761,19624.36711,0.438426,181559.1421,167446.8763,NA,NA,NA,NA,NA,NA,NA,TRUE
281,1294156,281,2019_Grotenete,rel_grotenete1,none,51.144779,5.003906,02/10/2019 13:00,02/10/2019 13:00,1,NA,NA,NA,0,0,FALSE,7635.421578,3,27/11/2019 21:09,7635.421578,4867775,0.001568565,FALSE
282,1294156,282,2019_Grotenete,gn-13,VR2W-124066,51.119771,4.990306,09/10/2019 02:28,09/10/2019 02:31,3,566905,3438.453465,0.006065,3438.453465,3438.453465,FALSE,7635.421578,3,27/11/2019 21:09,4196.968113,4300870,0.000975842,FALSE
283,1294156,283,2019_Grotenete,gn-11,VR2W-127720,51.09592,4.957142,27/11/2019 21:09,27/11/2019 21:12,3,4300704,4338.377744,0.001009,7776.831209,7635.421578,TRUE,21357.31227,6,28/11/2019 02:08,13721.89069,17910,0.766158051,TRUE
284,1294156,284,2019_Grotenete,gn-10,VR2W-122324,51.091558,4.945793,27/11/2019 21:37,27/11/2019 21:40,3,1553,1107.062052,0.712854,8883.893261,8742.48363,TRUE,21357.31227,6,28/11/2019 02:08,12614.82864,16208,0.778308776,TRUE
285,1294156,285,2019_Grotenete,gn-9,VR2W-127109,51.081153,4.913762,27/11/2019 22:40,27/11/2019 22:45,5,3573,2855.524863,0.799195,11739.41812,11598.00849,TRUE,21357.31227,6,28/11/2019 02:08,9759.303779,12458,0.783376447,TRUE
286,1294156,286,2019_Grotenete,gn-7,VR2W-122340,51.061848,4.787587,28/11/2019 02:08,28/11/2019 02:10,3,12165,9817.88091,0.80706,21557.29903,21357.31227,TRUE,31338.23349,8,28/11/2019 16:42,9980.921215,52470,0.190221483,TRUE
287,1294156,287,2019_Grotenete,gn-6,VR2W-122333,51.078636,4.757592,28/11/2019 03:26,28/11/2019 03:29,3,4534,3296.955011,0.727163,24854.25405,24654.26728,TRUE,31338.23349,8,28/11/2019 16:42,6683.966204,47763,0.139940251,TRUE
288,1294156,288,2019_Grotenete,gn-5,VR2W-122332,51.125942,4.718199,28/11/2019 16:42,28/11/2019 18:40,18,47582,6683.966204,0.140473,31538.22025,31338.23349,TRUE,35783.62643,9,28/11/2019 21:03,4445.392939,15625,0.284505148,TRUE
289,1294156,289,2019_Grotenete,gn-4,VR2W-122353,51.135075,4.664932,28/11/2019 21:03,28/11/2019 21:07,5,8545,4503.97007,0.527088,36042.19032,35783.62643,TRUE,39887.6149,10,28/11/2019 22:36,4103.98847,5637,0.728044788,TRUE
290,1294156,290,2019_Grotenete,gn-3,VR2W-122365,51.130352,4.617316,28/11/2019 22:36,28/11/2019 22:38,2,5361,4186.83712,0.780981,40229.02744,39887.6149,TRUE,44215.90202,12,29/11/2019 00:05,4328.287125,5283,0.819285846,TRUE
291,1294156,291,2019_Grotenete,gn-2,VR2W-127721,51.135829,4.5937,28/11/2019 23:27,28/11/2019 23:44,9,2973,2138.410314,0.719277,42367.43775,42026.02521,TRUE,46288.62457,13,29/11/2019 00:41,4262.599357,4387,0.971643346,TRUE
292,1294156,292,2019_Grotenete,bn-3,VR2W-124063,51.126391,4.571903,29/11/2019 00:05,29/11/2019 00:09,4,1205,2189.87681,1.817325,44557.31456,44215.90202,TRUE,50582.61415,17,29/11/2019 11:45,6366.712132,42040,0.151444152,TRUE
293,1294156,293,2019_Grotenete,bn-2,VR2W-124078,51.117416,4.549158,29/11/2019 00:41,29/11/2019 00:44,3,1898,2072.722547,1.092056,46630.03711,46288.62457,FALSE,50582.61415,17,29/11/2019 11:45,4293.989585,39874,0.10768896,TRUE
294,1294156,294,2019_Grotenete,bn-2,VR2W-124078,51.117416,4.549158,29/11/2019 03:02,29/11/2019 03:11,7,NA,NA,NA,46630.03711,46288.62457,FALSE,NA,NA,NA,NA,NA,NA,TRUE
295,1294156,295,2019_Grotenete,bn-3,VR2W-124063,51.126391,4.571903,29/11/2019 10:04,29/11/2019 10:08,4,24772,2072.722547,0.083672,48702.75966,44215.90202,TRUE,50582.61415,17,29/11/2019 11:45,6366.712132,6087,1.045952379,TRUE
296,1294156,296,2019_Grotenete,bn-2,VR2W-124078,51.117416,4.549158,29/11/2019 10:38,29/11/2019 10:43,4,1797,2072.722547,1.153435,50775.4822,46288.62457,TRUE,50582.61415,17,29/11/2019 11:45,4293.989585,4020,1.068156613,TRUE
297,1294156,297,2019_Grotenete,bn-1,VR2W-122351,51.093001,4.506837,29/11/2019 11:45,29/11/2019 11:58,10,3743,4293.989585,1.147205,55069.47179,50582.61415,TRUE,55176.55966,18,29/11/2019 12:54,4593.945504,4105,1.119109745,TRUE
298,1294156,298,2019_Grotenete,bn-Walem,VR2W-122339,51.07183,4.45474,29/11/2019 12:54,29/11/2019 13:27,22,3359,4593.945504,1.367653,59663.41729,55176.55966,FALSE,NA,NA,NA,NA,NA,NA,TRUE
299,1294156,299,2019_Grotenete,bn-1,VR2W-122351,51.093001,4.506837,29/11/2019 16:44,29/11/2019 17:00,11,11812,4593.945504,0.388922,64257.3628,50582.61415,FALSE,NA,NA,NA,NA,NA,NA,TRUE
300,1294156,300,2019_Grotenete,bn-2,VR2W-124078,51.117416,4.549158,29/11/2019 18:03,29/11/2019 18:12,8,3762,4293.989585,1.141411,68551.35238,46288.62457,FALSE,50582.61415,22,29/11/2019 20:23,4293.989585,8372,0.512898899,TRUE
301,1294156,301,2019_Grotenete,bn-2,VR2W-124078,51.117416,4.549158,29/11/2019 19:14,29/11/2019 19:20,5,NA,NA,NA,68551.35238,46288.62457,TRUE,50582.61415,22,29/11/2019 20:23,4293.989585,4123,1.041472128,TRUE
302,1294156,302,2019_Grotenete,bn-1,VR2W-122351,51.093001,4.506837,29/11/2019 20:23,29/11/2019 20:37,9,3739,4293.989585,1.148433,72845.34197,50582.61415,TRUE,55176.55966,23,29/11/2019 21:33,4593.945504,4209,1.091457711,TRUE
303,1294156,303,2019_Grotenete,bn-Walem,VR2W-122339,51.07183,4.45474,29/11/2019 21:33,29/11/2019 21:39,6,3346,4593.945504,1.372966,77439.28747,55176.55966,TRUE,62601.73428,24,29/11/2019 23:10,7425.174625,5850,1.26926062,TRUE
304,1294156,304,2019_Grotenete,ru-1,VR2W-122328,51.082273,4.366215,29/11/2019 23:10,29/11/2019 23:24,8,5503,7425.174625,1.349296,84864.4621,62601.73428,TRUE,72606.86242,26,30/11/2019 06:45,10005.12814,27263,0.36698559,TRUE
305,1294156,305,2019_Grotenete,me-7-2b,VR2W-113524,51.1008,4.330483,29/11/2019 23:52,30/11/2019 00:00,6,1693,3445.459128,2.035121,88309.92122,66047.19341,TRUE,72606.86242,26,30/11/2019 06:45,6559.669007,24772,0.264801752,TRUE
306,1294156,306,2019_Grotenete,s-8a,VR2W-127719,51.14222,4.32646,30/11/2019 06:45,30/11/2019 06:48,4,24299,6559.669007,0.269956,94869.59023,72606.86242,TRUE,78555.4429,27,30/11/2019 07:49,5948.58048,3883,1.531954798,TRUE
307,1294156,307,2019_Grotenete,s-9a,VR2W-127738,51.19068,4.33602,30/11/2019 07:49,30/11/2019 07:53,6,3663,5948.580481,1.623964,100818.1707,78555.4429,TRUE,86022.17104,28,30/11/2019 09:22,7466.728147,5564,1.34197127,TRUE
308,1294156,308,2019_Grotenete,s-10a,VR2W-127716,51.235423,4.396673,30/11/2019 09:22,30/11/2019 09:31,9,5338,7466.728147,1.398788,108284.8989,86022.17104,TRUE,100575.5524,29,30/11/2019 19:20,14553.38139,35846,0.405997361,TRUE
309,1294156,309,2019_Grotenete,s-12,VR2W-127732,51.30305,4.28731,30/11/2019 19:20,30/11/2019 19:22,3,35323,14553.38139,0.412009,122838.2803,100575.5524,TRUE,125171.1861,30,01/12/2019 08:04,24595.63363,45857,0.536355052,TRUE
310,1294156,310,2019_Grotenete,ws-55,VR2W-127734,51.40221,4.02998,01/12/2019 08:04,01/12/2019 08:06,3,45693,24595.63363,0.53828,147433.9139,125171.1861,FALSE,149520.9065,32,01/12/2019 21:40,24349.72045,48989,0.497044652,TRUE
311,1294156,311,2019_Grotenete,ws-53A,VR2W-127731,51.411167,4.029233,01/12/2019 08:13,01/12/2019 08:16,3,423,1041.430808,2.462011,148475.3447,125685.4227,TRUE,149520.9065,32,01/12/2019 21:40,23835.48382,48450,0.49196045,TRUE
312,1294156,312,2019_Grotenete,ws-2C,VR2W-122329,51.4169613,3.7188079,01/12/2019 21:40,01/12/2019 23:02,16,48251,24249.72707,0.502575,172725.0718,149520.9065,FALSE,NA,NA,NA,NA,NA,NA,TRUE
313,1294156,313,2019_Grotenete,ws-13,VR2W-120876,51.4071859,3.7080883,02/12/2019 07:07,02/12/2019 07:17,6,29126,1389.929762,0.047721,174115.0015,149765.1926,NA,NA,NA,NA,NA,NA,NA,TRUE
314,1294157,314,2019_Grotenete,rel_grotenete1,none,51.144779,5.003906,02/10/2019 13:00,02/10/2019 13:00,1,NA,NA,NA,0,0,FALSE,7635.421578,3,14/12/2019 21:09,7635.421578,6336574,0.001204976,FALSE
315,1294157,315,2019_Grotenete,gn-13,VR2W-124066,51.119771,4.990306,14/12/2019 19:13,14/12/2019 19:17,4,6329633,3438.453465,0.000543,3438.453465,3438.453465,TRUE,7635.421578,3,14/12/2019 21:09,4196.968113,6941,0.604663321,TRUE
316,1294157,316,2019_Grotenete,gn-11,VR2W-127720,51.09592,4.957142,14/12/2019 21:09,14/12/2019 21:10,2,6703,4338.377744,0.647229,7776.831209,7635.421578,TRUE,21357.31227,6,15/12/2019 01:35,13721.89069,15930,0.861386735,TRUE
317,1294157,317,2019_Grotenete,gn-10,VR2W-122324,51.091558,4.945793,14/12/2019 21:31,14/12/2019 21:34,4,1259,1107.062052,0.879319,8883.893261,8742.48363,TRUE,21357.31227,6,15/12/2019 01:35,12614.82864,14594,0.864384586,TRUE
318,1294157,318,2019_Grotenete,gn-9,VR2W-127109,51.081153,4.913762,14/12/2019 22:29,14/12/2019 22:33,4,3272,2855.524863,0.872715,11739.41812,11598.00849,TRUE,21357.31227,6,15/12/2019 01:35,9759.303779,11156,0.874803135,TRUE
319,1294157,319,2019_Grotenete,gn-7,VR2W-122340,51.061848,4.787587,15/12/2019 01:35,15/12/2019 01:37,3,10890,9817.88091,0.90155,21557.29903,21357.31227,TRUE,31338.23349,8,15/12/2019 05:08,9980.921215,12835,0.777633129,TRUE
320,1294157,320,2019_Grotenete,gn-6,VR2W-122333,51.078636,4.757592,15/12/2019 02:42,15/12/2019 02:44,3,3880,3296.955011,0.849731,24854.25405,24654.26728,TRUE,31338.23349,8,15/12/2019 05:08,6683.966204,8788,0.760578767,TRUE
321,1294157,321,2019_Grotenete,gn-5,VR2W-122332,51.125942,4.718199,15/12/2019 05:08,15/12/2019 05:10,2,8649,6683.966204,0.772802,31538.22025,31338.23349,TRUE,35783.62643,9,15/12/2019 07:42,4445.392939,9227,0.481780962,TRUE
322,1294157,322,2019_Grotenete,gn-4,VR2W-122353,51.135075,4.664932,15/12/2019 07:42,15/12/2019 07:49,6,9144,4503.97007,0.49256,36042.19032,35783.62643,TRUE,39887.6149,10,15/12/2019 16:01,4103.98847,29917,0.137179145,TRUE
323,1294157,323,2019_Grotenete,gn-3,VR2W-122365,51.130352,4.617316,15/12/2019 16:01,15/12/2019 17:02,10,29531,4186.83712,0.141778,40229.02744,39887.6149,FALSE,NA,NA,NA,NA,NA,NA,TRUE
324,1294157,324,2019_Grotenete,gn-4,VR2W-122353,51.135075,4.664932,15/12/2019 19:05,15/12/2019 19:12,5,7369,4186.83712,0.568169,44415.86456,35783.62643,FALSE,39887.6149,13,15/12/2019 21:55,4103.98847,10210,0.401957735,TRUE
325,1294157,325,2019_Grotenete,gn-4,VR2W-122353,51.135075,4.664932,15/12/2019 20:12,15/12/2019 20:19,5,NA,NA,NA,44415.86456,35783.62643,TRUE,39887.6149,13,15/12/2019 21:55,4103.98847,6176,0.664505905,TRUE
326,1294157,326,2019_Grotenete,gn-3,VR2W-122365,51.130352,4.617316,15/12/2019 21:55,15/12/2019 21:59,3,5772,4186.83712,0.72537,48602.70168,39887.6149,TRUE,44215.90202,15,15/12/2019 23:26,4328.287125,5439,0.7957873,TRUE
327,1294157,327,2019_Grotenete,gn-2,VR2W-127721,51.135829,4.5937,15/12/2019 22:49,15/12/2019 23:06,11,3033,2138.410314,0.705048,50741.11199,42026.02521,TRUE,46288.62457,16,16/12/2019 00:01,4262.599357,4338,0.98261857,TRUE
328,1294157,328,2019_Grotenete,bn-3,VR2W-124063,51.126391,4.571903,15/12/2019 23:26,15/12/2019 23:30,4,1172,2189.87681,1.868496,52930.9888,44215.90202,TRUE,50582.61415,17,16/12/2019 01:08,6366.712132,6153,1.034732997,TRUE
329,1294157,329,2019_Grotenete,bn-2,VR2W-124078,51.117416,4.549158,16/12/2019 00:01,16/12/2019 00:05,4,1885,2072.722547,1.099588,55003.71135,46288.62457,TRUE,50582.61415,17,16/12/2019 01:08,4293.989585,4019,1.06842239,TRUE
330,1294157,330,2019_Grotenete,bn-1,VR2W-122351,51.093001,4.506837,16/12/2019 01:08,16/12/2019 01:18,9,3777,4293.989585,1.136878,59297.70094,50582.61415,FALSE,55176.55966,25,16/12/2019 12:01,4593.945504,39168,0.117288233,TRUE
331,1294157,331,2019_Grotenete,bn-1,VR2W-122351,51.093001,4.506837,16/12/2019 03:09,16/12/2019 03:45,26,NA,NA,NA,59297.70094,50582.61415,FALSE,NA,NA,NA,NA,NA,NA,TRUE
332,1294157,332,2019_Grotenete,bn-2,VR2W-124078,51.117416,4.549158,16/12/2019 05:23,16/12/2019 05:30,8,5844,4293.989585,0.734769,63591.69052,46288.62457,FALSE,NA,NA,NA,NA,NA,NA,TRUE
333,1294157,333,2019_Grotenete,bn-3,VR2W-124063,51.126391,4.571903,16/12/2019 06:11,16/12/2019 06:31,10,2468,2072.722547,0.839839,65664.41307,44215.90202,FALSE,NA,NA,NA,NA,NA,NA,TRUE
334,1294157,334,2019_Grotenete,gn-1,VR2W-112285,51.133464,4.588822,16/12/2019 06:56,16/12/2019 08:03,45,1508,1765.623694,1.170838,67430.03676,42450.27833,TRUE,50582.61415,24,16/12/2019 10:28,8132.335826,12709,0.63988794,TRUE
335,1294157,335,2019_Grotenete,bn-3,VR2W-124063,51.126391,4.571903,16/12/2019 08:26,16/12/2019 08:30,5,1382,1765.623694,1.277586,69195.66046,44215.90202,TRUE,50582.61415,24,16/12/2019 10:28,6366.712132,7344,0.866927033,TRUE
336,1294157,336,2019_Grotenete,bn-2,VR2W-124078,51.117416,4.549158,16/12/2019 09:11,16/12/2019 09:17,6,2454,2072.722547,0.84463,71268.383,46288.62457,TRUE,50582.61415,24,16/12/2019 10:28,4293.989585,4644,0.924631694,TRUE
337,1294157,337,2019_Grotenete,bn-1,VR2W-122351,51.093001,4.506837,16/12/2019 10:28,16/12/2019 10:54,17,4280,4293.989585,1.003269,75562.37259,50582.61415,TRUE,55176.55966,25,16/12/2019 12:01,4593.945504,5588,0.822109074,TRUE
338,1294157,338,2019_Grotenete,bn-Walem,VR2W-122339,51.07183,4.45474,16/12/2019 12:01,16/12/2019 12:09,7,4019,4593.945504,1.143057,80156.31809,55176.55966,TRUE,62601.73428,26,16/12/2019 21:03,7425.174625,32538,0.228200093,TRUE
339,1294157,339,2019_Grotenete,ru-1,VR2W-122328,51.082273,4.366215,16/12/2019 21:03,16/12/2019 21:18,6,32063,7425.174625,0.231581,87581.49272,62601.73428,TRUE,72606.86242,28,16/12/2019 23:42,10005.12814,9516,1.051400603,TRUE
340,1294157,340,2019_Grotenete,me-7-2b,VR2W-113524,51.1008,4.330483,16/12/2019 21:56,16/12/2019 22:05,5,2263,3445.459128,1.522518,91026.95184,66047.19341,TRUE,72606.86242,28,16/12/2019 23:42,6559.669007,6377,1.028644975,TRUE
341,1294157,341,2019_Grotenete,s-8a,VR2W-127719,51.14222,4.32646,16/12/2019 23:42,16/12/2019 23:52,7,5798,6559.669007,1.131368,97586.62085,72606.86242,TRUE,78555.4429,29,17/12/2019 21:24,5948.58048,78132,0.076135008,TRUE
342,1294157,342,2019_Grotenete,s-9a,VR2W-127738,51.19068,4.33602,17/12/2019 21:24,17/12/2019 21:27,6,77549,5948.580481,0.076707,103535.2013,78555.4429,TRUE,86022.17104,30,22/12/2019 14:02,7466.728147,405494,0.018413905,TRUE
343,1294157,343,2019_Grotenete,s-10a,VR2W-127716,51.235423,4.396673,22/12/2019 14:02,22/12/2019 14:03,2,405307,7466.728147,0.018422,111001.9295,86022.17104,FALSE,90691.59617,39,02/01/2020 00:53,4669.425123,903023,0.005170882,TRUE
344,1294157,344,2019_Grotenete,s-10a,VR2W-127716,51.235423,4.396673,31/12/2019 18:45,31/12/2019 19:44,17,NA,NA,NA,111001.9295,86022.17104,FALSE,90691.59617,39,02/01/2020 00:53,4669.425123,108456,0.043053636,TRUE
345,1294157,345,2019_Grotenete,ak-41,VR2W-126195,51.239128,4.397469,01/01/2020 00:57,01/01/2020 01:48,14,18824,141.417705,0.007513,111143.3472,86163.58875,FALSE,NA,NA,NA,NA,NA,NA,TRUE
346,1294157,346,2019_Grotenete,s-9,VR2W-122319,51.19069,4.32954,01/01/2020 04:09,01/01/2020 04:09,1,8475,7849.565013,0.926202,118992.9122,78314.02374,FALSE,NA,NA,NA,NA,NA,NA,TRUE
347,1294157,347,2019_Grotenete,s-7,VR2W-115442,51.11414,4.24123,01/01/2020 08:25,01/01/2020 08:50,5,15387,13159.539,0.855237,132152.4512,75006.64704,TRUE,84763.2373,37,01/01/2020 21:47,9756.590263,48071,0.202962082,TRUE
348,1294157,348,2019_Grotenete,s-6,VR2W-115441,51.12267069,4.21890556,01/01/2020 09:45,01/01/2020 09:45,1,3285,1948.433424,0.59313,134100.8846,76955.08046,FALSE,84763.2373,37,01/01/2020 21:47,7808.156839,43308,0.180293637,TRUE
349,1294157,349,2019_Grotenete,s-6,VR2W-115441,51.12267069,4.21890556,01/01/2020 14:14,01/01/2020 16:05,10,NA,NA,NA,134100.8846,76955.08046,TRUE,84763.2373,37,01/01/2020 21:47,7808.156839,27169,0.287392132,TRUE
350,1294157,350,2019_Grotenete,s-4c,VR2W-122336,51.07363,4.19007,01/01/2020 21:47,01/01/2020 22:13,4,20472,7808.156839,0.381407,141909.0415,84763.2373,TRUE,90691.59617,39,02/01/2020 00:53,5928.358866,11172,0.530644367,TRUE
351,1294157,351,2019_Grotenete,s-4b,VR2W-122367,51.05593,4.20024,01/01/2020 23:16,01/01/2020 23:23,3,3763,2589.923007,0.68826,144498.9645,87353.16031,TRUE,100575.5524,58,04/01/2020 14:45,13222.39213,228517,0.057861744,TRUE
352,1294157,352,2019_Grotenete,s-4a,VR2W-122363,51.03203,4.18166,02/01/2020 00:53,02/01/2020 01:06,2,5390,3338.435859,0.619376,147837.4003,90691.59617,FALSE,100575.5524,58,04/01/2020 14:45,9883.956268,222715,0.044379392,TRUE
353,1294157,353,2019_Grotenete,s-4a,VR2W-122363,51.03203,4.18166,02/01/2020 02:47,02/01/2020 02:49,2,NA,NA,NA,147837.4003,90691.59617,FALSE,NA,NA,NA,NA,NA,NA,TRUE
354,1294157,354,2019_Grotenete,s-4b,VR2W-122367,51.05593,4.20024,02/01/2020 03:37,02/01/2020 03:48,4,2845,3338.435859,1.17344,151175.8362,87353.16031,FALSE,NA,NA,NA,NA,NA,NA,TRUE
355,1294157,355,2019_Grotenete,s-4c,VR2W-122336,51.07363,4.19007,02/01/2020 05:17,02/01/2020 05:20,2,5330,2589.923007,0.485914,153765.7592,84763.2373,FALSE,NA,NA,NA,NA,NA,NA,TRUE
356,1294157,356,2019_Grotenete,s-5,VR2W-115430,51.09258,4.17083,02/01/2020 08:51,02/01/2020 08:55,2,12681,2655.594625,0.209415,156421.3538,82107.64268,FALSE,NA,NA,NA,NA,NA,NA,TRUE
357,1294157,357,2019_Grotenete,s-7,VR2W-115442,51.11414,4.24123,02/01/2020 17:11,02/01/2020 17:13,2,29762,7100.995638,0.238593,163522.3495,75006.64704,TRUE,82107.64268,47,03/01/2020 03:55,7100.995638,38650,0.183725631,TRUE
358,1294157,358,2019_Grotenete,s-6,VR2W-115441,51.12267069,4.21890556,02/01/2020 18:03,02/01/2020 18:03,1,2985,1948.433424,0.652742,165470.7829,76955.08046,FALSE,82107.64268,47,03/01/2020 03:55,5152.562214,35495,0.145163043,TRUE
359,1294157,359,2019_Grotenete,s-6,VR2W-115441,51.12267069,4.21890556,03/01/2020 00:58,03/01/2020 00:58,1,NA,NA,NA,165470.7829,76955.08046,TRUE,82107.64268,47,03/01/2020 03:55,5152.562214,10624,0.484992678,TRUE
360,1294157,360,2019_Grotenete,s-5,VR2W-115430,51.09258,4.17083,03/01/2020 03:55,03/01/2020 04:20,4,10624,5152.562214,0.484993,170623.3451,82107.64268,TRUE,100575.5524,58,04/01/2020 14:45,18467.90976,125404,0.14726731,TRUE
361,1294157,361,2019_Grotenete,s-4c,VR2W-122336,51.07363,4.19007,03/01/2020 11:33,03/01/2020 11:33,1,26030,2655.594625,0.102021,173278.9397,84763.2373,FALSE,100575.5524,58,04/01/2020 14:45,15812.31513,97884,0.161541367,TRUE
362,1294157,362,2019_Grotenete,s-4c,VR2W-122336,51.07363,4.19007,03/01/2020 14:18,03/01/2020 14:35,4,NA,NA,NA,173278.9397,84763.2373,FALSE,NA,NA,NA,NA,NA,NA,TRUE
363,1294157,363,2019_Grotenete,s-5,VR2W-115430,51.09258,4.17083,03/01/2020 15:44,03/01/2020 16:28,6,4171,2655.594625,0.636681,175934.5343,82107.64268,FALSE,NA,NA,NA,NA,NA,NA,TRUE
364,1294157,364,2019_Grotenete,s-6,VR2W-115441,51.12267069,4.21890556,03/01/2020 20:46,03/01/2020 20:46,1,15477,5152.562214,0.332917,181087.0966,76955.08046,FALSE,NA,NA,NA,NA,NA,NA,TRUE
365,1294157,365,2019_Grotenete,s-7,VR2W-115442,51.11414,4.24123,03/01/2020 21:40,03/01/2020 21:46,3,3252,1948.433424,0.599149,183035.53,75006.64704,FALSE,NA,NA,NA,NA,NA,NA,TRUE
366,1294157,366,2019_Grotenete,me-7-2b,VR2W-113524,51.1008,4.330483,04/01/2020 02:12,04/01/2020 02:41,4,15988,8959.453628,0.560386,191994.9836,66047.19341,FALSE,72906.86678,55,04/01/2020 05:56,6859.673374,13425,0.510962635,TRUE
367,1294157,367,2019_Grotenete,me-7-2b,VR2W-113524,51.1008,4.330483,04/01/2020 03:50,04/01/2020 03:53,2,NA,NA,NA,191994.9836,66047.19341,TRUE,72906.86678,55,04/01/2020 05:56,6859.673374,7574,0.905687005,TRUE
368,1294157,368,2019_Grotenete,s-8,VR2W-112295,51.14319,4.33078,04/01/2020 05:56,04/01/2020 05:56,1,7391,6859.673374,0.928112,198854.657,72906.86678,TRUE,78314.02374,56,04/01/2020 07:26,5407.156952,5420,0.997630434,TRUE
369,1294157,369,2019_Grotenete,s-9,VR2W-122319,51.19069,4.32954,04/01/2020 07:26,04/01/2020 07:33,3,5420,5407.156952,0.99763,204261.8139,78314.02374,TRUE,86022.17104,57,04/01/2020 09:40,7708.147308,8026,0.960397123,TRUE
370,1294157,370,2019_Grotenete,s-10a,VR2W-127716,51.235423,4.396673,04/01/2020 09:40,04/01/2020 09:40,1,7606,7708.147308,1.01343,211969.9612,86022.17104,TRUE,100575.5524,58,04/01/2020 14:45,14553.38139,18276,0.796311085,TRUE
371,1294157,371,2019_Grotenete,s-12,VR2W-127732,51.30305,4.28731,04/01/2020 14:45,04/01/2020 14:45,1,18276,14553.38139,0.796311,226523.3426,100575.5524,NA,NA,NA,NA,NA,NA,NA,TRUE
372,1294158,372,2019_Grotenete,rel_grotenete1,none,51.144779,5.003906,02/10/2019 13:00,02/10/2019 13:00,1,NA,NA,NA,0,0,FALSE,7635.421578,4,14/12/2019 20:16,7635.421578,6333408,0.001205579,FALSE
373,1294158,373,2019_Grotenete,gn-14,VR2W-122358,51.138267,4.996319,09/12/2019 23:24,09/12/2019 23:25,2,5912643,1048.509145,0.000177,1048.509145,1048.509145,TRUE,7635.421578,4,14/12/2019 20:16,6586.912433,420765,0.015654611,TRUE
374,1294158,374,2019_Grotenete,gn-13,VR2W-124066,51.119771,4.990306,10/12/2019 00:28,10/12/2019 00:30,3,3768,2389.94432,0.634274,3438.453465,3438.453465,TRUE,7635.421578,4,14/12/2019 20:16,4196.968113,416920,0.010066603,TRUE
375,1294158,375,2019_Grotenete,gn-11,VR2W-127720,51.09592,4.957142,14/12/2019 20:16,14/12/2019 20:19,3,416774,4338.377744,0.010409,7776.831209,7635.421578,TRUE,21357.31227,7,15/12/2019 02:15,13721.89069,21510,0.637930762,TRUE
376,1294158,376,2019_Grotenete,gn-10,VR2W-122324,51.091558,4.945793,14/12/2019 20:43,14/12/2019 21:03,11,1450,1107.062052,0.763491,8883.893261,8742.48363,TRUE,21357.31227,7,15/12/2019 02:15,12614.82864,19915,0.633433525,TRUE
377,1294158,377,2019_Grotenete,gn-9,VR2W-127109,51.081153,4.913762,14/12/2019 22:17,14/12/2019 22:25,7,4483,2855.524863,0.636967,11739.41812,11598.00849,TRUE,21357.31227,7,15/12/2019 02:15,9759.303779,14251,0.684815366,TRUE
378,1294158,378,2019_Grotenete,gn-7,VR2W-122340,51.061848,4.787587,15/12/2019 02:15,21/12/2019 22:26,6506,13792,9817.88091,0.711853,21557.29903,21357.31227,FALSE,31338.23349,11,22/12/2019 21:53,9980.921215,675488,0.014775868,TRUE
379,1294158,379,2019_Grotenete,gn-7,VR2W-122340,51.061848,4.787587,21/12/2019 23:49,22/12/2019 02:44,59,NA,NA,NA,21557.29903,21357.31227,FALSE,31338.23349,11,22/12/2019 21:53,9980.921215,79459,0.125610959,TRUE
380,1294158,380,2019_Grotenete,gn-7,VR2W-122340,51.061848,4.787587,22/12/2019 16:36,22/12/2019 17:07,24,NA,NA,NA,21557.29903,21357.31227,TRUE,31338.23349,11,22/12/2019 21:53,9980.921215,19028,0.524538639,TRUE
381,1294158,381,2019_Grotenete,gn-6,VR2W-122333,51.078636,4.757592,22/12/2019 18:48,22/12/2019 18:57,9,6043,3296.955011,0.545582,24854.25405,24654.26728,TRUE,31338.23349,11,22/12/2019 21:53,6683.966204,11111,0.601562974,TRUE
382,1294158,382,2019_Grotenete,gn-5,VR2W-122332,51.125942,4.718199,22/12/2019 21:53,22/12/2019 21:54,2,10572,6683.966204,0.632233,31538.22025,31338.23349,TRUE,35783.62643,12,22/12/2019 23:42,4445.392939,6553,0.678375239,TRUE
383,1294158,383,2019_Grotenete,gn-4,VR2W-122353,51.135075,4.664932,22/12/2019 23:42,23/12/2019 00:52,14,6466,4503.97007,0.696562,36042.19032,35783.62643,FALSE,39887.6149,14,23/12/2019 05:27,4103.98847,20714,0.198126314,TRUE
384,1294158,384,2019_Grotenete,gn-4,VR2W-122353,51.135075,4.664932,23/12/2019 03:38,23/12/2019 03:45,7,NA,NA,NA,36042.19032,35783.62643,TRUE,39887.6149,14,23/12/2019 05:27,4103.98847,6568,0.624845991,TRUE
385,1294158,385,2019_Grotenete,gn-3,VR2W-122365,51.130352,4.617316,23/12/2019 05:27,23/12/2019 05:34,6,6158,4186.83712,0.679902,40229.02744,39887.6149,TRUE,44215.90202,16,23/12/2019 16:31,4328.287125,39791,0.10877553,TRUE
386,1294158,386,2019_Grotenete,gn-2,VR2W-127721,51.135829,4.5937,23/12/2019 06:31,23/12/2019 06:53,13,3444,2138.410314,0.620909,42367.43775,42026.02521,TRUE,46288.62457,17,23/12/2019 17:15,4262.599357,38616,0.11038428,TRUE
387,1294158,387,2019_Grotenete,bn-3,VR2W-124063,51.126391,4.571903,23/12/2019 16:31,23/12/2019 16:35,4,34676,2189.87681,0.063153,44557.31456,44215.90202,TRUE,50582.61415,18,23/12/2019 18:40,6366.712132,7769,0.819502141,TRUE
388,1294158,388,2019_Grotenete,bn-2,VR2W-124078,51.117416,4.549158,23/12/2019 17:15,23/12/2019 17:20,6,2403,2072.722547,0.862556,46630.03711,46288.62457,TRUE,50582.61415,18,23/12/2019 18:40,4293.989585,5117,0.839161537,TRUE
389,1294158,389,2019_Grotenete,bn-1,VR2W-122351,51.093001,4.506837,23/12/2019 18:40,23/12/2019 18:57,16,4781,4293.989585,0.898136,50924.0267,50582.61415,TRUE,55176.55966,19,24/12/2019 03:20,4593.945504,31186,0.147307943,TRUE
390,1294158,390,2019_Grotenete,bn-Walem,VR2W-122339,51.07183,4.45474,24/12/2019 03:20,24/12/2019 03:29,7,30140,4593.945504,0.15242,55517.9722,55176.55966,TRUE,62601.73428,20,24/12/2019 21:49,7425.174625,66541,0.111587963,TRUE
391,1294158,391,2019_Grotenete,ru-1,VR2W-122328,51.082273,4.366215,24/12/2019 21:49,25/12/2019 00:09,45,66016,7425.174625,0.112475,62943.14682,62601.73428,FALSE,78555.4429,23,27/12/2019 20:44,15953.70862,255333,0.062481969,TRUE
392,1294158,392,2019_Grotenete,ru-1,VR2W-122328,51.082273,4.366215,25/12/2019 02:10,25/12/2019 05:02,58,NA,NA,NA,62943.14682,62601.73428,TRUE,78555.4429,23,27/12/2019 20:44,15953.70862,239654,0.066569757,TRUE
393,1294158,393,2019_Grotenete,me-7-2b,VR2W-113524,51.1008,4.330483,25/12/2019 17:22,25/12/2019 17:31,7,44404,3445.459128,0.077593,66388.60595,66047.19341,TRUE,78555.4429,23,27/12/2019 20:44,12508.24949,184923,0.067640312,TRUE
394,1294158,394,2019_Grotenete,s-9a,VR2W-127738,51.19068,4.33602,27/12/2019 20:44,27/12/2019 20:51,11,184395,12508.24949,0.067834,78896.85544,78555.4429,TRUE,86022.17104,24,28/12/2019 19:49,7466.728147,83053,0.089903172,TRUE
395,1294158,395,2019_Grotenete,s-10a,VR2W-127716,51.235423,4.396673,28/12/2019 19:49,28/12/2019 19:57,7,82637,7466.728147,0.090356,86363.58359,86022.17104,TRUE,100575.5524,25,29/12/2019 20:19,14553.38139,88252,0.1649071,TRUE
396,1294158,396,2019_Grotenete,s-12,VR2W-127732,51.30305,4.28731,29/12/2019 20:19,29/12/2019 20:26,6,87728,14553.38139,0.165892,100916.965,100575.5524,TRUE,125923.9588,27,01/01/2020 08:26,25348.40633,216419,0.117126529,TRUE
397,1294158,397,2019_Grotenete,s-STD3,VR2W-134898,51.330504,4.270161,31/12/2019 20:00,31/12/2019 20:06,3,171236,3855.62017,0.022516,104772.5851,104431.1726,TRUE,125923.9588,27,01/01/2020 08:26,21492.78616,44817,0.479567712,TRUE
398,1294158,398,2019_Grotenete,ws-42A,VR2W-127735,51.42251303,4.032860596,01/01/2020 08:26,01/01/2020 08:45,8,44449,21492.78616,0.483538,126265.3713,125923.9588,TRUE,149520.9065,29,01/01/2020 22:27,23596.94775,50441,0.467812846,TRUE
399,1294158,399,2019_Grotenete,ws-HW6,VR2W-127725,51.43484,4.02702,01/01/2020 08:53,01/01/2020 08:56,2,483,1507.100174,3.12029,127772.4715,126962.4419,TRUE,149520.9065,29,01/01/2020 22:27,22558.46463,48868,0.461620378,TRUE
400,1294158,400,2019_Grotenete,ws-2C,VR2W-122329,51.4169613,3.7188079,01/01/2020 22:27,01/01/2020 22:34,2,48670,25126.77274,0.516268,152899.2442,149520.9065,NA,NA,NA,NA,NA,NA,NA,TRUE
401,1294158,401,2019_Grotenete,ws-borssele,VR2AR-546900,51.43161667,3.704916667,01/01/2020 23:20,02/01/2020 00:28,5,2757,1972.76954,0.715549,154872.0138,151259.3675,FALSE,NA,NA,NA,NA,NA,NA,TRUE
402,1294158,402,2019_Grotenete,ws-11,VR2W-120874,51.41163,3.70746,02/01/2020 16:58,02/01/2020 17:50,14,59387,2241.448278,0.037743,157113.462,150072.3076,NA,NA,NA,NA,NA,NA,NA,FALSE
403,1294159,403,2019_Grotenete,rel_grotenete1,none,51.144779,5.003906,02/10/2019 13:00,02/10/2019 13:00,1,NA,NA,NA,0,0,FALSE,7635.421578,4,29/11/2019 06:09,7635.421578,4986563,0.001531199,FALSE
404,1294159,404,2019_Grotenete,gn-14,VR2W-122358,51.138267,4.996319,29/11/2019 03:10,29/11/2019 03:13,3,4975835,1048.509145,0.000211,1048.509145,1048.509145,TRUE,7635.421578,4,29/11/2019 06:09,6586.912433,10728,0.613992583,TRUE
405,1294159,405,2019_Grotenete,gn-13,VR2W-124066,51.119771,4.990306,29/11/2019 04:02,29/11/2019 04:04,3,2901,2389.94432,0.823835,3438.453465,3438.453465,TRUE,7635.421578,4,29/11/2019 06:09,4196.968113,7624,0.550494244,TRUE
406,1294159,406,2019_Grotenete,gn-11,VR2W-127720,51.09592,4.957142,29/11/2019 06:09,29/11/2019 06:10,2,7508,4338.377744,0.577834,7776.831209,7635.421578,TRUE,21357.31227,9,29/11/2019 20:18,13721.89069,50930,0.269426481,TRUE
407,1294159,407,2019_Grotenete,gn-10,VR2W-122324,51.091558,4.945793,29/11/2019 06:35,29/11/2019 10:24,66,1466,1107.062052,0.755158,8883.893261,8742.48363,FALSE,21357.31227,9,29/11/2019 20:18,12614.82864,49369,0.255521251,TRUE
408,1294159,408,2019_Grotenete,gn-10,VR2W-122324,51.091558,4.945793,29/11/2019 11:36,29/11/2019 11:44,2,NA,NA,NA,8883.893261,8742.48363,FALSE,21357.31227,9,29/11/2019 20:18,12614.82864,31296,0.403081181,TRUE
409,1294159,409,2019_Grotenete,gn-10,VR2W-122324,51.091558,4.945793,29/11/2019 14:40,29/11/2019 16:30,61,NA,NA,NA,8883.893261,8742.48363,TRUE,21357.31227,9,29/11/2019 20:18,12614.82864,20269,0.622370548,TRUE
410,1294159,410,2019_Grotenete,gn-9,VR2W-127109,51.081153,4.913762,29/11/2019 17:21,29/11/2019 17:25,4,3070,2855.524863,0.930138,11739.41812,11598.00849,TRUE,21357.31227,9,29/11/2019 20:18,9759.303779,10602,0.920515354,TRUE
411,1294159,411,2019_Grotenete,gn-7,VR2W-122340,51.061848,4.787587,29/11/2019 20:18,29/11/2019 20:22,5,10366,9817.88091,0.947123,21557.29903,21357.31227,TRUE,31338.23349,11,29/11/2019 23:51,9980.921215,12783,0.780796465,TRUE
412,1294159,412,2019_Grotenete,gn-6,VR2W-122333,51.078636,4.757592,29/11/2019 21:25,29/11/2019 21:29,3,3742,3296.955011,0.881068,24854.25405,24654.26728,TRUE,31338.23349,11,29/11/2019 23:51,6683.966204,8764,0.762661593,TRUE
413,1294159,413,2019_Grotenete,gn-5,VR2W-122332,51.125942,4.718199,29/11/2019 23:51,29/11/2019 23:52,2,8490,6683.966204,0.787275,31538.22025,31338.23349,TRUE,35783.62643,12,30/11/2019 01:22,4445.392939,5476,0.811795643,TRUE
414,1294159,414,2019_Grotenete,gn-4,VR2W-122353,51.135075,4.664932,30/11/2019 01:22,30/11/2019 01:26,4,5396,4503.97007,0.834687,36042.19032,35783.62643,TRUE,39887.6149,13,30/11/2019 02:44,4103.98847,4913,0.835332479,TRUE
415,1294159,415,2019_Grotenete,gn-3,VR2W-122365,51.130352,4.617316,30/11/2019 02:44,30/11/2019 02:49,6,4673,4186.83712,0.895963,40229.02744,39887.6149,FALSE,44215.90202,15,09/12/2019 03:56,4328.287125,781948,0.005535262,TRUE
416,1294159,416,2019_Grotenete,gn-2,VR2W-127721,51.135829,4.5937,30/11/2019 03:43,30/11/2019 04:05,15,3198,2138.410314,0.668671,42367.43775,42026.02521,FALSE,46288.62457,16,09/12/2019 04:43,4262.599357,781245,0.005456162,TRUE
417,1294159,417,2019_Grotenete,bn-3,VR2W-124063,51.126391,4.571903,09/12/2019 03:56,09/12/2019 04:00,4,777054,2189.87681,0.002818,44557.31456,44215.90202,TRUE,50582.61415,17,09/12/2019 17:09,6366.712132,47558,0.133872579,TRUE
418,1294159,418,2019_Grotenete,bn-2,VR2W-124078,51.117416,4.549158,09/12/2019 04:43,09/12/2019 04:48,4,2602,2072.722547,0.796588,46630.03711,46288.62457,TRUE,50582.61415,17,09/12/2019 17:09,4293.989585,44740,0.095976522,TRUE
419,1294159,419,2019_Grotenete,bn-1,VR2W-122351,51.093001,4.506837,09/12/2019 17:09,09/12/2019 17:34,19,44486,4293.989585,0.096525,50924.0267,50582.61415,TRUE,55176.55966,18,09/12/2019 18:38,4593.945504,5314,0.864498589,TRUE
420,1294159,420,2019_Grotenete,bn-Walem,VR2W-122339,51.07183,4.45474,09/12/2019 18:38,09/12/2019 18:41,4,3838,4593.945504,1.196963,55517.9722,55176.55966,TRUE,62601.73428,19,09/12/2019 21:00,7425.174625,8542,0.869254814,TRUE
421,1294159,421,2019_Grotenete,ru-1,VR2W-122328,51.082273,4.366215,09/12/2019 21:00,09/12/2019 21:25,6,8325,7425.174625,0.891913,62943.14682,62601.73428,FALSE,72906.86678,22,10/12/2019 15:44,10305.1325,67431,0.152824851,TRUE
422,1294159,422,2019_Grotenete,ru-1,VR2W-122328,51.082273,4.366215,10/12/2019 03:08,10/12/2019 03:25,13,NA,NA,NA,62943.14682,62601.73428,TRUE,72906.86678,22,10/12/2019 15:44,10305.1325,45353,0.227220526,TRUE
423,1294159,423,2019_Grotenete,me-7-2b,VR2W-113524,51.1008,4.330483,10/12/2019 04:05,10/12/2019 04:11,3,2432,3445.459128,1.416718,66388.60595,66047.19341,TRUE,72906.86678,22,10/12/2019 15:44,6859.673374,41900,0.163715355,TRUE
424,1294159,424,2019_Grotenete,s-8,VR2W-112295,51.14319,4.33078,10/12/2019 15:44,10/12/2019 15:44,1,41559,6859.673374,0.165059,73248.27933,72906.86678,TRUE,78314.02374,23,10/12/2019 16:45,5407.156952,3672,1.472537296,TRUE
425,1294159,425,2019_Grotenete,s-9,VR2W-122319,51.19069,4.32954,10/12/2019 16:45,10/12/2019 16:45,1,3672,5407.156952,1.472537,78655.43628,78314.02374,TRUE,86022.17104,24,10/12/2019 18:09,7708.147308,5064,1.522145993,TRUE
426,1294159,426,2019_Grotenete,s-10a,VR2W-127716,51.235423,4.396673,10/12/2019 18:09,10/12/2019 18:15,3,5064,7708.147308,1.522146,86363.58359,86022.17104,NA,NA,NA,NA,NA,NA,NA,TRUE
427,1294160,427,2019_Grotenete,rel_grotenete1,none,51.144779,5.003906,03/10/2019 12:00,03/10/2019 12:00,1,NA,NA,NA,0,0,FALSE,7635.421578,12,19/11/2019 20:13,7635.421578,4090395,0.001866671,FALSE
428,1294160,428,2019_Grotenete,gn-14,VR2W-122358,51.138267,4.996319,17/10/2019 18:10,17/10/2019 18:11,2,1231812,1048.509145,0.000851,1048.509145,1048.509145,FALSE,7635.421578,12,19/11/2019 20:13,6586.912433,2858583,0.002304258,FALSE
429,1294160,429,2019_Grotenete,gn-13,VR2W-124066,51.119771,4.990306,17/10/2019 19:05,17/10/2019 19:08,3,3250,2389.94432,0.735367,3438.453465,3438.453465,FALSE,7635.421578,12,19/11/2019 20:13,4196.968113,2855275,0.0014699,FALSE
430,1294160,430,2019_Grotenete,gn-13,VR2W-124066,51.119771,4.990306,17/10/2019 20:57,17/10/2019 21:13,14,NA,NA,NA,3438.453465,3438.453465,FALSE,7635.421578,12,19/11/2019 20:13,4196.968113,2848542,0.001473374,FALSE
431,1294160,431,2019_Grotenete,gn-13,VR2W-124066,51.119771,4.990306,17/10/2019 22:33,18/10/2019 00:06,28,NA,NA,NA,3438.453465,3438.453465,FALSE,7635.421578,12,19/11/2019 20:13,4196.968113,2842806,0.001476347,FALSE
432,1294160,432,2019_Grotenete,gn-13,VR2W-124066,51.119771,4.990306,28/10/2019 01:46,28/10/2019 01:49,3,NA,NA,NA,3438.453465,3438.453465,FALSE,7635.421578,12,19/11/2019 20:13,4196.968113,1967196,0.002133477,FALSE
433,1294160,433,2019_Grotenete,gn-13,VR2W-124066,51.119771,4.990306,28/10/2019 03:15,28/10/2019 03:29,11,NA,NA,NA,3438.453465,3438.453465,FALSE,7635.421578,12,19/11/2019 20:13,4196.968113,1961870,0.002139269,FALSE
434,1294160,434,2019_Grotenete,gn-13,VR2W-124066,51.119771,4.990306,02/11/2019 03:35,02/11/2019 04:01,17,NA,NA,NA,3438.453465,3438.453465,FALSE,7635.421578,12,19/11/2019 20:13,4196.968113,1528652,0.002745535,FALSE
435,1294160,435,2019_Grotenete,gn-13,VR2W-124066,51.119771,4.990306,02/11/2019 16:47,02/11/2019 18:01,15,NA,NA,NA,3438.453465,3438.453465,FALSE,7635.421578,12,19/11/2019 20:13,4196.968113,1481151,0.002833586,FALSE
436,1294160,436,2019_Grotenete,gn-13,VR2W-124066,51.119771,4.990306,02/11/2019 22:40,03/11/2019 00:22,20,NA,NA,NA,3438.453465,3438.453465,FALSE,7635.421578,12,19/11/2019 20:13,4196.968113,1459944,0.002874746,FALSE
437,1294160,437,2019_Grotenete,gn-13,VR2W-124066,51.119771,4.990306,19/11/2019 17:11,19/11/2019 17:13,2,NA,NA,NA,3438.453465,3438.453465,TRUE,7635.421578,12,19/11/2019 20:13,4196.968113,10899,0.385078274,TRUE
438,1294160,438,2019_Grotenete,gn-11,VR2W-127720,51.09592,4.957142,19/11/2019 20:13,19/11/2019 20:16,4,10803,4338.377744,0.40159,7776.831209,7635.421578,TRUE,21357.31227,15,20/11/2019 01:59,13721.89069,20776,0.660468362,TRUE
439,1294160,439,2019_Grotenete,gn-10,VR2W-122324,51.091558,4.945793,19/11/2019 20:40,19/11/2019 20:45,4,1474,1107.062052,0.75106,8883.893261,8742.48363,TRUE,21357.31227,15,20/11/2019 01:59,12614.82864,19130,0.659426484,TRUE
440,1294160,440,2019_Grotenete,gn-9,VR2W-127109,51.081153,4.913762,19/11/2019 22:31,19/11/2019 22:34,3,6386,2855.524863,0.447154,11739.41812,11598.00849,TRUE,21357.31227,15,20/11/2019 01:59,9759.303779,12479,0.78205816,TRUE
441,1294160,441,2019_Grotenete,gn-7,VR2W-122340,51.061848,4.787587,20/11/2019 01:59,20/11/2019 02:05,5,12304,9817.88091,0.797942,21557.29903,21357.31227,TRUE,31338.23349,18,26/11/2019 02:06,9980.921215,518843,0.019236881,TRUE
442,1294160,442,2019_Grotenete,gn-6,VR2W-122333,51.078636,4.757592,20/11/2019 03:26,20/11/2019 03:33,4,4847,3296.955011,0.680205,24854.25405,24654.26728,FALSE,31338.23349,18,26/11/2019 02:06,6683.966204,513640,0.013012939,TRUE
443,1294160,443,2019_Grotenete,gn-6,VR2W-122333,51.078636,4.757592,25/11/2019 17:53,25/11/2019 18:13,9,NA,NA,NA,24854.25405,24654.26728,TRUE,31338.23349,18,26/11/2019 02:06,6683.966204,29587,0.225908886,TRUE
444,1294160,444,2019_Grotenete,gn-5,VR2W-122332,51.125942,4.718199,26/11/2019 02:06,26/11/2019 02:09,3,28379,6683.966204,0.235525,31538.22025,31338.23349,TRUE,35783.62643,19,26/11/2019 05:33,4445.392939,12367,0.359456047,TRUE
445,1294160,445,2019_Grotenete,gn-4,VR2W-122353,51.135075,4.664932,26/11/2019 05:33,26/11/2019 05:41,8,12185,4503.97007,0.369632,36042.19032,35783.62643,TRUE,39887.6149,20,26/11/2019 07:28,4103.98847,6918,0.593233372,TRUE
446,1294160,446,2019_Grotenete,gn-3,VR2W-122365,51.130352,4.617316,26/11/2019 07:28,26/11/2019 07:35,6,6407,4186.83712,0.653479,40229.02744,39887.6149,TRUE,44215.90202,22,26/11/2019 18:08,4328.287125,38431,0.112624889,TRUE
447,1294160,447,2019_Grotenete,gn-2,VR2W-127721,51.135829,4.5937,26/11/2019 17:29,26/11/2019 17:50,13,35662,2138.410314,0.059963,42367.43775,42026.02521,TRUE,46288.62457,23,26/11/2019 18:46,4262.599357,4615,0.923640164,TRUE
448,1294160,448,2019_Grotenete,bn-3,VR2W-124063,51.126391,4.571903,26/11/2019 18:08,26/11/2019 18:14,6,1128,2189.87681,1.94138,44557.31456,44215.90202,TRUE,50582.61415,24,26/11/2019 19:44,6366.712132,5746,1.108025084,TRUE
449,1294160,449,2019_Grotenete,bn-2,VR2W-124078,51.117416,4.549158,26/11/2019 18:46,26/11/2019 18:49,3,1903,2072.722547,1.089187,46630.03711,46288.62457,TRUE,50582.61415,24,26/11/2019 19:44,4293.989585,3482,1.23319632,TRUE
450,1294160,450,2019_Grotenete,bn-1,VR2W-122351,51.093001,4.506837,26/11/2019 19:44,26/11/2019 19:59,14,3297,4293.989585,1.302393,50924.0267,50582.61415,TRUE,55176.55966,25,26/11/2019 20:57,4593.945504,4397,1.044790881,TRUE
451,1294160,451,2019_Grotenete,bn-Walem,VR2W-122339,51.07183,4.45474,26/11/2019 20:57,26/11/2019 21:06,6,3493,4593.945504,1.315186,55517.9722,55176.55966,TRUE,62601.73428,26,26/11/2019 22:52,7425.174625,6882,1.078926856,TRUE
452,1294160,452,2019_Grotenete,ru-1,VR2W-122328,51.082273,4.366215,26/11/2019 22:52,26/11/2019 23:10,5,6354,7425.174625,1.168583,62943.14682,62601.73428,FALSE,72606.86242,29,27/11/2019 07:19,10005.12814,30393,0.329191858,TRUE
453,1294160,453,2019_Grotenete,ru-1,VR2W-122328,51.082273,4.366215,27/11/2019 04:57,27/11/2019 05:17,11,NA,NA,NA,62943.14682,62601.73428,TRUE,72606.86242,29,27/11/2019 07:19,10005.12814,8509,1.175828903,TRUE
454,1294160,454,2019_Grotenete,me-7-2b,VR2W-113524,51.1008,4.330483,27/11/2019 05:44,27/11/2019 05:48,4,1601,3445.459128,2.152067,66388.60595,66047.19341,TRUE,72606.86242,29,27/11/2019 07:19,6559.669007,5696,1.151627284,TRUE
455,1294160,455,2019_Grotenete,s-8a,VR2W-127719,51.14222,4.32646,27/11/2019 07:19,27/11/2019 07:19,1,5421,6559.669007,1.210048,72948.27496,72606.86242,TRUE,78555.4429,30,27/11/2019 08:25,5948.58048,4003,1.486030597,TRUE
456,1294160,456,2019_Grotenete,s-9a,VR2W-127738,51.19068,4.33602,27/11/2019 08:25,27/11/2019 08:41,14,4003,5948.580481,1.486031,78896.85544,78555.4429,TRUE,86022.17104,31,27/11/2019 16:21,7466.728147,28564,0.26140345,TRUE
457,1294160,457,2019_Grotenete,s-10a,VR2W-127716,51.235423,4.396673,27/11/2019 16:21,27/11/2019 16:39,9,27603,7466.728147,0.270504,86363.58359,86022.17104,TRUE,104431.1726,32,27/11/2019 20:27,18409.00156,14756,1.24756042,TRUE
458,1294160,458,2019_Grotenete,s-STD3,VR2W-134898,51.330504,4.270161,27/11/2019 20:27,27/11/2019 20:29,2,13720,18409.00156,1.341764,104772.5851,104431.1726,TRUE,125923.9588,33,28/11/2019 08:58,21492.78616,45011,0.477500748,TRUE
459,1294160,459,2019_Grotenete,ws-42A,VR2W-127735,51.42251303,4.032860596,28/11/2019 08:58,28/11/2019 09:01,3,44917,21492.78616,0.4785,126265.3713,125923.9588,TRUE,145286.895,39,28/11/2019 19:12,19362.93628,36894,0.524826158,TRUE
460,1294160,460,2019_Grotenete,ws-HW6,VR2W-127725,51.43484,4.02702,28/11/2019 09:28,28/11/2019 10:12,4,1600,1507.100174,0.941938,127772.4715,126962.4419,FALSE,145286.895,39,28/11/2019 19:12,18324.45316,35087,0.522257621,TRUE
461,1294160,461,2019_Grotenete,ws-HW6,VR2W-127725,51.43484,4.02702,28/11/2019 13:31,28/11/2019 13:37,2,NA,NA,NA,127772.4715,126962.4419,FALSE,NA,NA,NA,NA,NA,NA,TRUE
462,1294160,462,2019_Grotenete,ws-42A,VR2W-127735,51.42251303,4.032860596,28/11/2019 14:45,28/11/2019 14:46,2,4092,1507.100174,0.368304,129279.5717,125923.9588,FALSE,NA,NA,NA,NA,NA,NA,TRUE
463,1294160,463,2019_Grotenete,ws-53A,VR2W-127731,51.411167,4.029233,28/11/2019 15:08,28/11/2019 15:17,6,1280,1424.267675,1.112709,130703.8393,125685.4227,FALSE,NA,NA,NA,NA,NA,NA,TRUE
464,1294160,464,2019_Grotenete,ws-55,VR2W-127734,51.40221,4.02998,28/11/2019 15:23,28/11/2019 15:39,11,340,1041.430808,3.063032,131745.2701,125171.1861,TRUE,145286.895,39,28/11/2019 19:12,20115.70898,13796,1.458082704,TRUE
465,1294160,465,2019_Grotenete,ws-25A,VR2W-129566,51.352186,3.781008,28/11/2019 19:12,28/11/2019 19:12,1,12829,20115.70898,1.567987,151860.9791,145286.895,TRUE,149416.6533,41,28/11/2019 20:25,4129.758239,4338,0.951995906,TRUE
466,1294160,466,2019_Grotenete,ws-15A,VR2W-120886,51.3805457,3.717259,28/11/2019 20:03,28/11/2019 20:06,3,3054,5683.862823,1.861121,157544.8419,148402.4498,TRUE,167446.8763,45,29/11/2019 09:44,19044.42657,49218,0.386940277,TRUE
467,1294160,467,2019_Grotenete,ws-PVTSS,VR2W-120873,51.4018055,3.7089134,28/11/2019 20:25,28/11/2019 20:28,3,1124,2648.532438,2.356346,160193.3744,149416.6533,FALSE,167446.8763,45,29/11/2019 09:44,18030.22304,47934,0.376146849,TRUE
468,1294160,468,2019_Grotenete,ws-2C,VR2W-122329,51.4169613,3.7188079,29/11/2019 00:13,29/11/2019 00:49,20,13531,1948.522247,0.144004,162141.8966,149520.9065,FALSE,NA,NA,NA,NA,NA,NA,TRUE
469,1294160,469,2019_Grotenete,ws-6,VR2W-120883,51.3913098,3.7161726,29/11/2019 05:10,29/11/2019 05:14,4,15647,2941.458469,0.187989,165083.3551,148419.5945,FALSE,167446.8763,45,29/11/2019 09:44,19027.28184,16415,1.159139923,TRUE
470,1294160,470,2019_Grotenete,ws-PVTSS,VR2W-120873,51.4018055,3.7089134,29/11/2019 05:17,29/11/2019 05:21,2,173,1407.098718,8.133519,166490.4538,149416.6533,TRUE,167446.8763,45,29/11/2019 09:44,18030.22304,16013,1.125974086,TRUE
471,1294160,471,2019_Grotenete,ws-W7,VR2Tx-480722,51.410173,3.454515,29/11/2019 09:44,29/11/2019 10:07,12,15768,18030.22304,1.143469,184520.6769,167446.8763,NA,NA,NA,NA,NA,NA,NA,TRUE
472,1294161,472,2019_Grotenete,rel_grotenete1,none,51.144779,5.003906,03/10/2019 12:00,03/10/2019 12:00,1,NA,NA,NA,0,0,FALSE,7635.421578,3,14/10/2019 20:13,7635.421578,979993,0.007791302,FALSE
473,1294161,473,2019_Grotenete,gn-13,VR2W-124066,51.119771,4.990306,09/10/2019 18:34,09/10/2019 18:38,4,542052,3438.453465,0.006343,3438.453465,3438.453465,FALSE,7635.421578,3,14/10/2019 20:13,4196.968113,437941,0.00958341,FALSE
474,1294161,474,2019_Grotenete,gn-11,VR2W-127720,51.09592,4.957142,14/10/2019 20:13,14/10/2019 20:17,5,437668,4338.377744,0.009912,7776.831209,7635.421578,TRUE,21357.31227,9,17/10/2019 18:46,13721.89069,254002,0.054022766,TRUE
475,1294161,475,2019_Grotenete,gn-10,VR2W-122324,51.091558,4.945793,14/10/2019 20:48,14/10/2019 21:37,26,1880,1107.062052,0.588863,8883.893261,8742.48363,FALSE,NA,NA,NA,NA,NA,NA,TRUE
476,1294161,476,2019_Grotenete,gn-11,VR2W-127720,51.09592,4.957142,14/10/2019 22:45,14/10/2019 23:01,13,4086,1107.062052,0.27094,9990.955313,7635.421578,FALSE,21357.31227,9,17/10/2019 18:46,13721.89069,244875,0.056036307,TRUE
477,1294161,477,2019_Grotenete,gn-11,VR2W-127720,51.09592,4.957142,17/10/2019 00:31,17/10/2019 00:34,3,NA,NA,NA,9990.955313,7635.421578,TRUE,21357.31227,9,17/10/2019 18:46,13721.89069,65676,0.208933106,TRUE
478,1294161,478,2019_Grotenete,gn-10,VR2W-122324,51.091558,4.945793,17/10/2019 01:02,17/10/2019 01:12,8,1722,1107.062052,0.642893,11098.01737,8742.48363,TRUE,21357.31227,9,17/10/2019 18:46,12614.82864,63828,0.197637849,TRUE
479,1294161,479,2019_Grotenete,gn-9,VR2W-127109,51.081153,4.913762,17/10/2019 02:14,17/10/2019 02:18,4,3711,2855.524863,0.769476,13953.54223,11598.00849,TRUE,21357.31227,9,17/10/2019 18:46,9759.303779,59550,0.163884194,TRUE
480,1294161,480,2019_Grotenete,gn-7,VR2W-122340,51.061848,4.787587,17/10/2019 18:46,17/10/2019 18:51,4,59289,9817.88091,0.165594,23771.42314,21357.31227,TRUE,31338.23349,11,17/10/2019 23:50,9980.921215,18223,0.547710103,TRUE
481,1294161,481,2019_Grotenete,gn-6,VR2W-122333,51.078636,4.757592,17/10/2019 20:20,17/10/2019 20:25,5,5309,3296.955011,0.621012,27068.37815,24654.26728,TRUE,31338.23349,11,17/10/2019 23:50,6683.966204,12602,0.530389319,TRUE
482,1294161,482,2019_Grotenete,gn-5,VR2W-122332,51.125942,4.718199,17/10/2019 23:50,17/10/2019 23:55,5,12304,6683.966204,0.543235,33752.34435,31338.23349,TRUE,35783.62643,12,18/10/2019 02:41,4445.392939,10257,0.433400891,TRUE
483,1294161,483,2019_Grotenete,gn-4,VR2W-122353,51.135075,4.664932,18/10/2019 02:41,18/10/2019 02:58,12,9960,4503.97007,0.452206,38256.31442,35783.62643,TRUE,39887.6149,13,18/10/2019 21:01,4103.98847,65998,0.062183528,TRUE
484,1294161,484,2019_Grotenete,gn-3,VR2W-122365,51.130352,4.617316,18/10/2019 21:01,18/10/2019 21:07,7,64990,4186.83712,0.064423,42443.15154,39887.6149,TRUE,44215.90202,15,18/10/2019 22:37,4328.287125,5774,0.749616752,TRUE
485,1294161,485,2019_Grotenete,gn-2,VR2W-127721,51.135829,4.5937,18/10/2019 21:57,18/10/2019 22:16,11,3017,2138.410314,0.708787,44581.56186,42026.02521,TRUE,46288.62457,16,18/10/2019 23:20,4262.599357,4987,0.854742201,TRUE
486,1294161,486,2019_Grotenete,bn-3,VR2W-124063,51.126391,4.571903,18/10/2019 22:37,18/10/2019 22:45,7,1264,2189.87681,1.732497,46771.43867,44215.90202,TRUE,50582.61415,17,19/10/2019 00:39,6366.712132,7300,0.872152347,TRUE
487,1294161,487,2019_Grotenete,bn-2,VR2W-124078,51.117416,4.549158,18/10/2019 23:20,18/10/2019 23:25,5,2140,2072.722547,0.968562,48844.16121,46288.62457,TRUE,50582.61415,17,19/10/2019 00:39,4293.989585,4693,0.914977538,TRUE
488,1294161,488,2019_Grotenete,bn-1,VR2W-122351,51.093001,4.506837,19/10/2019 00:39,19/10/2019 00:55,13,4414,4293.989585,0.972811,53138.1508,50582.61415,TRUE,55176.55966,18,19/10/2019 02:05,4593.945504,5201,0.883281197,TRUE
489,1294161,489,2019_Grotenete,bn-Walem,VR2W-122339,51.07183,4.45474,19/10/2019 02:05,19/10/2019 02:45,29,4223,4593.945504,1.087839,57732.0963,55176.55966,TRUE,62601.73428,19,21/10/2019 00:21,7425.174625,166566,0.044577973,TRUE
490,1294161,490,2019_Grotenete,ru-1,VR2W-122328,51.082273,4.366215,21/10/2019 00:21,21/10/2019 00:56,17,164180,7425.174625,0.045226,65157.27093,62601.73428,FALSE,72606.86242,25,01/11/2019 05:04,10005.12814,967368,0.010342629,TRUE
491,1294161,491,2019_Grotenete,ru-1,VR2W-122328,51.082273,4.366215,21/10/2019 02:06,21/10/2019 02:21,4,NA,NA,NA,65157.27093,62601.73428,FALSE,72606.86242,25,01/11/2019 05:04,10005.12814,961082,0.010410275,TRUE
492,1294161,492,2019_Grotenete,ru-1,VR2W-122328,51.082273,4.366215,21/10/2019 13:46,21/10/2019 13:46,1,NA,NA,NA,65157.27093,62601.73428,TRUE,72606.86242,25,01/11/2019 05:04,10005.12814,919094,0.010885859,TRUE
493,1294161,493,2019_Grotenete,me-7-2b,VR2W-113524,51.1008,4.330483,28/10/2019 04:12,28/10/2019 04:46,4,570366,3445.459128,0.006041,68602.73006,66047.19341,FALSE,72606.86242,25,01/11/2019 05:04,6559.669007,348728,0.018810273,TRUE
494,1294161,494,2019_Grotenete,me-7-2b,VR2W-113524,51.1008,4.330483,28/10/2019 07:52,28/10/2019 08:54,27,NA,NA,NA,68602.73006,66047.19341,FALSE,72606.86242,25,01/11/2019 05:04,6559.669007,335544,0.019549356,TRUE
495,1294161,495,2019_Grotenete,me-7-2b,VR2W-113524,51.1008,4.330483,28/10/2019 10:16,28/10/2019 10:16,1,NA,NA,NA,68602.73006,66047.19341,TRUE,72606.86242,25,01/11/2019 05:04,6559.669007,326864,0.020068496,TRUE
496,1294161,496,2019_Grotenete,s-8a,VR2W-127719,51.14222,4.32646,01/11/2019 05:04,01/11/2019 05:04,1,326864,6559.669007,0.020068,75162.39906,72606.86242,FALSE,78555.4429,27,12/11/2019 19:09,5948.58048,1001115,0.005941955,TRUE
497,1294161,497,2019_Grotenete,s-8a,VR2W-127719,51.14222,4.32646,12/11/2019 18:06,12/11/2019 18:09,3,NA,NA,NA,75162.39906,72606.86242,TRUE,78555.4429,27,12/11/2019 19:09,5948.58048,3812,1.560488059,TRUE
498,1294161,498,2019_Grotenete,s-9a,VR2W-127738,51.19068,4.33602,12/11/2019 19:09,12/11/2019 19:20,7,3628,5948.580481,1.639631,81110.97954,78555.4429,TRUE,86022.17104,28,12/11/2019 20:59,7466.728147,6586,1.133727323,TRUE
499,1294161,499,2019_Grotenete,s-10a,VR2W-127716,51.235423,4.396673,12/11/2019 20:59,12/11/2019 21:06,5,5954,7466.728147,1.254069,88577.70769,86022.17104,TRUE,100575.5524,29,13/11/2019 21:32,14553.38139,88360,0.164705539,TRUE
500,1294161,500,2019_Grotenete,s-12,VR2W-127732,51.30305,4.28731,13/11/2019 21:32,14/11/2019 01:33,83,87972,14553.38139,0.165432,103131.0891,100575.5524,FALSE,125923.9588,33,15/11/2019 18:06,25348.40633,160445,0.157988135,TRUE
501,1294161,501,2019_Grotenete,s-12,VR2W-127732,51.30305,4.28731,14/11/2019 12:13,14/11/2019 12:13,1,NA,NA,NA,103131.0891,100575.5524,FALSE,125923.9588,33,15/11/2019 18:06,25348.40633,107560,0.235667593,TRUE
502,1294161,502,2019_Grotenete,s-12,VR2W-127732,51.30305,4.28731,14/11/2019 17:42,14/11/2019 17:43,2,NA,NA,NA,103131.0891,100575.5524,TRUE,125923.9588,33,15/11/2019 18:06,25348.40633,87847,0.288551758,TRUE
503,1294161,503,2019_Grotenete,s-STD3,VR2W-134898,51.330504,4.270161,14/11/2019 18:40,14/11/2019 18:40,1,3408,3855.62017,1.131344,106986.7093,104431.1726,TRUE,125923.9588,33,15/11/2019 18:06,21492.78616,84369,0.254747433,TRUE
504,1294161,504,2019_Grotenete,ws-42A,VR2W-127735,51.42251303,4.032860596,15/11/2019 18:06,15/11/2019 18:14,4,84369,21492.78616,0.254747,128479.4954,125923.9588,TRUE,149520.9065,35,16/11/2019 07:47,23596.94775,49254,0.479086932,TRUE
505,1294161,505,2019_Grotenete,ws-HW6,VR2W-127725,51.43484,4.02702,15/11/2019 18:22,15/11/2019 18:26,4,479,1507.100174,3.146347,129986.5956,126962.4419,TRUE,149520.9065,35,16/11/2019 07:47,22558.46463,48287,0.467174698,TRUE
506,1294161,506,2019_Grotenete,ws-2C,VR2W-122329,51.4169613,3.7188079,16/11/2019 07:47,16/11/2019 07:48,2,48050,25126.77274,0.52293,155113.3683,149520.9065,NA,NA,NA,NA,NA,NA,NA,TRUE
507,1294161,507,2019_Grotenete,ws-borssele,VR2AR-546900,51.43161667,3.704916667,16/11/2019 08:09,16/11/2019 08:31,16,1254,1972.76954,1.573181,157086.1379,151259.3675,NA,NA,NA,NA,NA,NA,NA,TRUE
508,1294162,508,2019_Grotenete,rel_grotenete1,none,51.144779,5.003906,10/10/2019 11:30,10/10/2019 11:30,1,NA,NA,NA,0,0,FALSE,7635.421578,4,14/12/2019 19:26,7635.421578,5644574,0.001352701,FALSE
509,1294162,509,2019_Grotenete,gn-14,VR2W-122358,51.138267,4.996319,10/12/2019 10:36,10/12/2019 10:52,3,5267172,1048.509145,0.000199,1048.509145,1048.509145,TRUE,7635.421578,4,14/12/2019 19:26,6586.912433,377402,0.017453306,TRUE
510,1294162,510,2019_Grotenete,gn-13,VR2W-124066,51.119771,4.990306,14/12/2019 16:52,14/12/2019 16:57,5,367233,2389.94432,0.006508,3438.453465,3438.453465,TRUE,7635.421578,4,14/12/2019 19:26,4196.968113,9205,0.45594439,TRUE
511,1294162,511,2019_Grotenete,gn-11,VR2W-127720,51.09592,4.957142,14/12/2019 19:26,14/12/2019 19:28,3,8922,4338.377744,0.486256,7776.831209,7635.421578,TRUE,21357.31227,7,16/12/2019 00:55,13721.89069,106139,0.129282268,TRUE
512,1294162,512,2019_Grotenete,gn-10,VR2W-122324,51.091558,4.945793,14/12/2019 19:55,15/12/2019 16:46,938,1576,1107.062052,0.702451,8883.893261,8742.48363,TRUE,21357.31227,7,16/12/2019 00:55,12614.82864,104403,0.12082822,TRUE
513,1294162,513,2019_Grotenete,gn-9,VR2W-127109,51.081153,4.913762,15/12/2019 17:56,15/12/2019 18:02,3,4226,2855.524863,0.675704,11739.41812,11598.00849,TRUE,21357.31227,7,16/12/2019 00:55,9759.303779,25112,0.388631084,TRUE
514,1294162,514,2019_Grotenete,gn-7,VR2W-122340,51.061848,4.787587,16/12/2019 00:55,16/12/2019 00:59,4,24765,9817.88091,0.396442,21557.29903,21357.31227,TRUE,31338.23349,10,16/12/2019 19:15,9980.921215,66001,0.151223788,TRUE
515,1294162,515,2019_Grotenete,gn-6,VR2W-122333,51.078636,4.757592,16/12/2019 02:51,16/12/2019 02:53,2,6748,3296.955011,0.488583,24854.25405,24654.26728,FALSE,31338.23349,10,16/12/2019 19:15,6683.966204,59017,0.11325493,TRUE
516,1294162,516,2019_Grotenete,gn-6,VR2W-122333,51.078636,4.757592,16/12/2019 15:58,16/12/2019 16:03,5,NA,NA,NA,24854.25405,24654.26728,TRUE,31338.23349,10,16/12/2019 19:15,6683.966204,11803,0.566293841,TRUE
517,1294162,517,2019_Grotenete,gn-5,VR2W-122332,51.125942,4.718199,16/12/2019 19:15,16/12/2019 19:20,4,11512,6683.966204,0.580609,31538.22025,31338.23349,TRUE,35783.62643,11,16/12/2019 22:05,4445.392939,10226,0.434714741,TRUE
518,1294162,518,2019_Grotenete,gn-4,VR2W-122353,51.135075,4.664932,16/12/2019 22:05,16/12/2019 22:14,8,9929,4503.97007,0.453618,36042.19032,35783.62643,TRUE,39887.6149,12,17/12/2019 15:53,4103.98847,64083,0.064041766,TRUE
519,1294162,519,2019_Grotenete,gn-3,VR2W-122365,51.130352,4.617316,17/12/2019 15:53,17/12/2019 16:05,7,63545,4186.83712,0.065888,40229.02744,39887.6149,TRUE,44215.90202,14,17/12/2019 21:14,4328.287125,19259,0.224741011,TRUE
520,1294162,520,2019_Grotenete,gn-2,VR2W-127721,51.135829,4.5937,17/12/2019 17:18,17/12/2019 17:52,17,4351,2138.410314,0.491476,42367.43775,42026.02521,TRUE,46288.62457,15,17/12/2019 22:12,4262.599357,17689,0.240974581,TRUE
521,1294162,521,2019_Grotenete,bn-3,VR2W-124063,51.126391,4.571903,17/12/2019 21:14,17/12/2019 21:24,7,12130,2189.87681,0.180534,44557.31456,44215.90202,TRUE,50582.61415,16,18/12/2019 00:15,6366.712132,10819,0.588475102,TRUE
522,1294162,522,2019_Grotenete,bn-2,VR2W-124078,51.117416,4.549158,17/12/2019 22:12,17/12/2019 22:21,7,2912,2072.722547,0.711787,46630.03711,46288.62457,TRUE,50582.61415,16,18/12/2019 00:15,4293.989585,7325,0.586210182,TRUE
523,1294162,523,2019_Grotenete,bn-1,VR2W-122351,51.093001,4.506837,18/12/2019 00:15,18/12/2019 09:06,217,6807,4293.989585,0.63082,50924.0267,50582.61415,TRUE,55176.55966,17,18/12/2019 11:26,4593.945504,40310,0.113965406,TRUE
524,1294162,524,2019_Grotenete,bn-Walem,VR2W-122339,51.07183,4.45474,18/12/2019 11:26,18/12/2019 11:40,10,8400,4593.945504,0.546898,55517.9722,55176.55966,FALSE,62601.73428,20,18/12/2019 23:30,7425.174625,43414,0.171031801,TRUE
525,1294162,525,2019_Grotenete,bn-Walem,VR2W-122339,51.07183,4.45474,18/12/2019 14:45,18/12/2019 14:45,1,NA,NA,NA,55517.9722,55176.55966,FALSE,62601.73428,20,18/12/2019 23:30,7425.174625,31494,0.235764737,TRUE
526,1294162,526,2019_Grotenete,bn-Walem,VR2W-122339,51.07183,4.45474,18/12/2019 15:51,18/12/2019 15:51,1,NA,NA,NA,55517.9722,55176.55966,TRUE,62601.73428,20,18/12/2019 23:30,7425.174625,27559,0.269428304,TRUE
527,1294162,527,2019_Grotenete,ru-1,VR2W-122328,51.082273,4.366215,18/12/2019 23:30,18/12/2019 23:58,14,27559,7425.174625,0.269428,62943.14682,62601.73428,TRUE,72906.86678,22,19/12/2019 23:09,10305.1325,85119,0.121067359,TRUE
528,1294162,528,2019_Grotenete,me-7-2b,VR2W-113524,51.1008,4.330483,19/12/2019 00:53,19/12/2019 01:33,17,3324,3445.459128,1.03654,66388.60595,66047.19341,TRUE,72906.86678,22,19/12/2019 23:09,6859.673374,80126,0.08561108,TRUE
529,1294162,529,2019_Grotenete,s-8,VR2W-112295,51.14319,4.33078,19/12/2019 23:09,19/12/2019 23:09,1,77755,6859.673374,0.088222,73248.27933,72906.86678,TRUE,78555.4429,23,20/12/2019 00:46,5648.576113,5832,0.968548716,TRUE
530,1294162,530,2019_Grotenete,s-9a,VR2W-127738,51.19068,4.33602,20/12/2019 00:46,20/12/2019 04:43,50,5832,5648.576113,0.968549,78896.85544,78555.4429,TRUE,86022.17104,24,22/12/2019 16:12,7466.728147,228354,0.03269804,TRUE
531,1294162,531,2019_Grotenete,s-10a,VR2W-127716,51.235423,4.396673,22/12/2019 16:12,22/12/2019 16:17,3,214130,7466.728147,0.03487,86363.58359,86022.17104,TRUE,100575.5524,25,23/12/2019 16:48,14553.38139,88605,0.164250114,TRUE
532,1294162,532,2019_Grotenete,s-12,VR2W-127732,51.30305,4.28731,23/12/2019 16:48,23/12/2019 16:50,2,88265,14553.38139,0.164883,100916.965,100575.5524,TRUE,125923.9588,27,26/12/2019 18:34,25348.40633,265514,0.095469189,TRUE
533,1294162,533,2019_Grotenete,s-STD3,VR2W-134898,51.330504,4.270161,25/12/2019 15:30,25/12/2019 15:35,2,168008,3855.62017,0.022949,104772.5851,104431.1726,TRUE,125923.9588,27,26/12/2019 18:34,21492.78616,97439,0.220576834,TRUE
534,1294162,534,2019_Grotenete,ws-42A,VR2W-127735,51.42251303,4.032860596,26/12/2019 18:34,26/12/2019 18:40,4,97128,21492.78616,0.221283,126265.3713,125923.9588,TRUE,149520.9065,28,27/12/2019 08:32,23596.94775,50316,0.468975033,TRUE
535,1294162,535,2019_Grotenete,ws-2C,VR2W-122329,51.4169613,3.7188079,27/12/2019 08:32,27/12/2019 08:39,2,49941,25088.22343,0.502357,151353.5947,149520.9065,FALSE,167731.0966,36,27/12/2019 19:08,18210.19006,38149,0.477343838,TRUE
536,1294162,536,2019_Grotenete,ws-11,VR2W-120874,51.41163,3.70746,27/12/2019 08:39,27/12/2019 08:43,3,22,1048.492995,47.658772,152402.0877,150072.3076,FALSE,NA,NA,NA,NA,NA,NA,TRUE
537,1294162,537,2019_Grotenete,ws-2C,VR2W-122329,51.4169613,3.7188079,27/12/2019 08:44,27/12/2019 08:44,1,81,1048.492995,12.944358,153450.5807,149520.9065,FALSE,167731.0966,36,27/12/2019 19:08,18210.19006,37450,0.486253406,TRUE
538,1294162,538,2019_Grotenete,ws-11,VR2W-120874,51.41163,3.70746,27/12/2019 08:55,27/12/2019 09:06,2,671,1048.492995,1.562583,154499.0737,150072.3076,FALSE,NA,NA,NA,NA,NA,NA,TRUE
539,1294162,539,2019_Grotenete,ws-2C,VR2W-122329,51.4169613,3.7188079,27/12/2019 09:31,27/12/2019 09:31,1,1513,1048.492995,0.692989,155547.5667,149520.9065,FALSE,167731.0966,36,27/12/2019 19:08,18210.19006,34597,0.526351708,TRUE
540,1294162,540,2019_Grotenete,ws-11,VR2W-120874,51.41163,3.70746,27/12/2019 09:55,27/12/2019 09:55,1,1402,1048.492995,0.747855,156596.0597,150072.3076,FALSE,NA,NA,NA,NA,NA,NA,TRUE
541,1294162,541,2019_Grotenete,ws-4,VR2W-120882,51.3970414,3.7153436,27/12/2019 15:13,27/12/2019 15:13,1,19097,1848.520791,0.096796,158444.5805,148809.5581,TRUE,167731.0966,36,27/12/2019 19:08,18921.53843,14098,1.342143455,TRUE
542,1294162,542,2019_Grotenete,ws-11,VR2W-120874,51.41163,3.70746,27/12/2019 15:52,27/12/2019 15:59,5,2326,1848.520791,0.794721,160293.1013,150072.3076,TRUE,167731.0966,36,27/12/2019 19:08,17658.78896,11772,1.50006702,TRUE
543,1294162,543,2019_Grotenete,ws-TRAWL,VR2W-131002,51.437785,3.470347,27/12/2019 19:08,27/12/2019 19:19,5,11344,17658.78896,1.556663,177951.8902,167731.0966,NA,NA,NA,NA,NA,NA,NA,TRUE
544,1294164,544,2019_Grotenete,rel_grotenete1,none,51.144779,5.003906,08/10/2020 11:00,08/10/2020 11:00,1,NA,NA,NA,0,0,FALSE,7635.421578,4,15/12/2020 21:55,7635.421578,5914537,0.001290958,FALSE
545,1294164,545,2019_Grotenete,gn-14,VR2W-122358,51.138267,4.996319,15/12/2020 18:37,15/12/2020 18:39,2,5902668,1048.509145,0.000178,1048.509145,1048.509145,TRUE,7635.421578,4,15/12/2020 21:55,6586.912433,11869,0.554967768,TRUE
546,1294164,546,2019_Grotenete,gn-13,VR2W-124066,51.119771,4.990306,15/12/2020 19:37,15/12/2020 19:40,4,3496,2389.94432,0.683623,3438.453465,3438.453465,TRUE,7635.421578,4,15/12/2020 21:55,4196.968113,8295,0.505963606,TRUE
547,1294164,547,2019_Grotenete,gn-11,VR2W-127720,51.09592,4.957142,15/12/2020 21:55,15/12/2020 21:59,3,8085,4338.377744,0.536596,7776.831209,7635.421578,TRUE,16419.08729,7,16/12/2020 00:53,8783.66571,10699,0.820980064,TRUE
548,1294164,548,2019_Grotenete,gn-10,VR2W-122324,51.091558,4.945793,15/12/2020 22:21,15/12/2020 22:23,2,1376,1107.062052,0.804551,8883.893261,8742.48363,TRUE,16419.08729,7,16/12/2020 00:53,7676.603658,9118,0.841917488,TRUE
549,1294164,549,2019_Grotenete,gn-9,VR2W-127109,51.081153,4.913762,15/12/2020 23:18,15/12/2020 23:20,2,3322,2855.524863,0.85958,11739.41812,11598.00849,TRUE,16419.08729,7,16/12/2020 00:53,4821.078795,5709,0.844469924,TRUE
550,1294164,550,2019_Grotenete,gn-8,VR2W-122348,51.070653,4.851284,16/12/2020 00:53,16/12/2020 00:55,2,5615,4879.655927,0.869039,16619.07405,16419.08729,TRUE,21357.31227,8,16/12/2020 02:20,4938.224984,5165,0.956093898,TRUE
551,1294164,551,2019_Grotenete,gn-7,VR2W-122340,51.061848,4.787587,16/12/2020 02:20,16/12/2020 02:25,5,5075,4938.224983,0.973049,21557.29903,21357.31227,TRUE,31338.23349,10,16/12/2020 18:53,9980.921215,59610,0.167437028,TRUE
552,1294164,552,2019_Grotenete,gn-6,VR2W-122333,51.078636,4.757592,16/12/2020 03:34,16/12/2020 03:35,2,4145,3296.955011,0.795405,24854.25405,24654.26728,TRUE,31338.23349,10,16/12/2020 18:53,6683.966204,55158,0.121178545,TRUE
553,1294164,553,2019_Grotenete,gn-5,VR2W-122332,51.125942,4.718199,16/12/2020 18:53,16/12/2020 19:19,10,55060,6683.966204,0.121394,31538.22025,31338.23349,TRUE,35783.62643,11,16/12/2020 21:20,4445.392939,8834,0.503214052,TRUE
554,1294164,554,2019_Grotenete,gn-4,VR2W-122353,51.135075,4.664932,16/12/2020 21:20,16/12/2020 21:24,4,7305,4503.97007,0.61656,36042.19032,35783.62643,TRUE,39887.6149,12,16/12/2020 22:48,4103.98847,5290,0.775801223,TRUE
555,1294164,555,2019_Grotenete,gn-3,VR2W-122365,51.130352,4.617316,16/12/2020 22:48,16/12/2020 22:53,4,5053,4186.83712,0.828584,40229.02744,39887.6149,TRUE,46288.62457,14,17/12/2020 01:01,6401.009672,7946,0.805563764,TRUE
556,1294164,556,2019_Grotenete,gn-2,VR2W-127721,51.135829,4.5937,16/12/2020 23:40,16/12/2020 23:58,11,2852,2138.410314,0.749793,42367.43775,42026.02521,TRUE,46288.62457,14,17/12/2020 01:01,4262.599357,4823,0.883806626,TRUE
557,1294164,557,2019_Grotenete,bn-2,VR2W-124078,51.117416,4.549158,17/12/2020 01:01,17/12/2020 01:06,5,3775,4262.599357,1.129165,46630.03711,46288.62457,TRUE,50582.61415,15,17/12/2020 18:44,4293.989585,63759,0.067347192,TRUE
558,1294164,558,2019_Grotenete,bn-1,VR2W-122351,51.093001,4.506837,17/12/2020 18:44,17/12/2020 19:13,19,63425,4293.989585,0.067702,50924.0267,50582.61415,TRUE,55176.55966,16,17/12/2020 20:14,4593.945504,5436,0.845096671,TRUE
559,1294164,559,2019_Grotenete,bn-Walem,VR2W-122339,51.07183,4.45474,17/12/2020 20:14,17/12/2020 20:24,8,3645,4593.945504,1.260342,55517.9722,55176.55966,TRUE,62601.73428,17,17/12/2020 22:16,7425.174625,7295,1.017844363,TRUE
560,1294164,560,2019_Grotenete,ru-1,VR2W-122328,51.082273,4.366215,17/12/2020 22:16,17/12/2020 22:25,8,6700,7425.174625,1.108235,62943.14682,62601.73428,TRUE,78314.02374,19,18/12/2020 20:32,15712.28945,80182,0.195957814,TRUE
561,1294164,561,2019_Grotenete,me-7-2b,VR2W-113524,51.1008,4.330483,17/12/2020 23:14,17/12/2020 23:22,7,2913,3445.459128,1.182787,66388.60595,66047.19341,TRUE,78314.02374,19,18/12/2020 20:32,12266.83033,76694,0.159945111,TRUE
562,1294164,562,2019_Grotenete,s-9,VR2W-122319,51.19069,4.32954,18/12/2020 20:32,18/12/2020 20:33,2,76221,12266.83033,0.160938,78655.43628,78314.02374,TRUE,86022.17104,20,18/12/2020 21:47,7708.147308,4508,1.709881834,TRUE
563,1294164,563,2019_Grotenete,s-10a,VR2W-127716,51.235423,4.396673,18/12/2020 21:47,18/12/2020 21:52,4,4434,7708.147308,1.738418,86363.58359,86022.17104,TRUE,100575.5524,21,19/12/2020 10:28,14553.38139,45641,0.318866401,TRUE
564,1294164,564,2019_Grotenete,s-12,VR2W-127732,51.30305,4.28731,19/12/2020 10:28,19/12/2020 10:30,2,45356,14553.38139,0.32087,100916.965,100575.5524,TRUE,126233.9488,22,19/12/2020 23:44,25658.39634,47761,0.537224856,TRUE
565,1294164,565,2019_Grotenete,ws-F53,VR2W-127722,51.41672,4.02487,19/12/2020 23:44,20/12/2020 00:06,16,47620,25658.39634,0.538816,126575.3613,126233.9488,FALSE,NA,NA,NA,NA,NA,NA,TRUE
566,1294164,566,2019_Grotenete,ws-F42,VR2W-115439,51.427986,4.034873,20/12/2020 00:10,20/12/2020 03:28,40,240,1589.932673,6.624719,128165.294,126072.5113,FALSE,143052.7512,25,20/12/2020 19:51,16980.23987,70833,0.239722162,TRUE
567,1294164,567,2019_Grotenete,ws-F53,VR2W-127722,51.41672,4.02487,20/12/2020 03:28,20/12/2020 05:17,16,33,1589.932673,48.179778,129755.2267,126233.9488,TRUE,143052.7512,25,20/12/2020 19:51,16818.80242,58952,0.285296553,TRUE
568,1294164,568,2019_Grotenete,ws-18,VR2W-115447,51.3482621,3.8147323,20/12/2020 19:51,20/12/2020 19:51,1,52422,17730.13756,0.338219,147485.3642,143052.7512,TRUE,148419.5945,30,20/12/2020 21:40,5366.843287,6525,0.822504718,TRUE
569,1294164,569,2019_Grotenete,ws-16,VR2W-122346,51.3544901,3.795027,20/12/2020 20:22,20/12/2020 20:25,3,1870,1689.877606,0.903678,149175.2418,144162.6883,FALSE,148419.5945,30,20/12/2020 21:40,4256.906224,4655,0.914480392,TRUE
570,1294164,570,2019_Grotenete,ws-14,VR2W-115443,51.3601518,3.7798113,20/12/2020 20:35,20/12/2020 20:35,1,652,1348.473138,2.06821,150523.715,145014.0695,FALSE,149416.6533,31,20/12/2020 21:47,4402.583778,4295,1.02504861,TRUE
571,1294164,571,2019_Grotenete,ws-12A,VR2W-124071,51.3648799,3.765539,20/12/2020 20:53,20/12/2020 20:53,1,1063,1207.055433,1.135518,151730.7704,145806.8817,FALSE,150072.3076,32,20/12/2020 22:07,4265.425921,4425,0.963938061,TRUE
572,1294164,572,2019_Grotenete,ws-12,VR2W-127736,51.37033,3.7511,20/12/2020 21:02,20/12/2020 21:06,4,508,1248.479757,2.457637,152979.2502,146558.2696,NA,NA,NA,NA,NA,NA,NA,TRUE
573,1294164,573,2019_Grotenete,ws-6,VR2W-120883,51.3913098,3.7161726,20/12/2020 21:40,20/12/2020 21:41,2,1998,3352.600607,1.677978,156331.8508,148419.5945,FALSE,NA,NA,NA,NA,NA,NA,TRUE
574,1294164,574,2019_Grotenete,ws-PVTSS,VR2W-120873,51.4018055,3.7089134,20/12/2020 21:47,20/12/2020 22:05,8,369,1407.098718,3.813276,157738.9495,149416.6533,FALSE,NA,NA,NA,NA,NA,NA,TRUE
575,1294164,575,2019_Grotenete,ws-11,VR2W-120874,51.41163,3.70746,20/12/2020 22:07,20/12/2020 22:11,4,138,1182.848514,8.571366,158921.798,150072.3076,NA,NA,NA,NA,NA,NA,NA,TRUE
576,1294165,576,2019_Grotenete,rel_grotenete1,none,51.144779,5.003906,16/12/2020 12:30,16/12/2020 12:30,1,NA,NA,NA,0,0,TRUE,7635.421578,4,23/12/2020 20:34,7635.421578,633873,0.012045665,TRUE
577,1294165,577,2019_Grotenete,gn-14,VR2W-122358,51.138267,4.996319,23/12/2020 17:16,23/12/2020 17:16,1,621994,1048.509145,0.001686,1048.509145,1048.509145,TRUE,7635.421578,4,23/12/2020 20:34,6586.912433,11879,0.554500584,TRUE
578,1294165,578,2019_Grotenete,gn-13,VR2W-124066,51.119771,4.990306,23/12/2020 18:14,23/12/2020 18:15,2,3471,2389.94432,0.688546,3438.453465,3438.453465,TRUE,7635.421578,4,23/12/2020 20:34,4196.968113,8408,0.499163667,TRUE
579,1294165,579,2019_Grotenete,gn-11,VR2W-127720,51.09592,4.957142,23/12/2020 20:34,23/12/2020 20:37,3,8325,4338.377744,0.521126,7776.831209,7635.421578,TRUE,16419.08729,7,24/12/2020 00:17,8783.66571,13358,0.657558445,TRUE
580,1294165,580,2019_Grotenete,gn-10,VR2W-122324,51.091558,4.945793,23/12/2020 21:10,23/12/2020 21:13,3,1988,1107.062052,0.556872,8883.893261,8742.48363,TRUE,16419.08729,7,24/12/2020 00:17,7676.603658,11191,0.685962261,TRUE
581,1294165,581,2019_Grotenete,gn-9,VR2W-127109,51.081153,4.913762,23/12/2020 22:19,23/12/2020 22:23,3,4002,2855.524863,0.713524,11739.41812,11598.00849,TRUE,16419.08729,7,24/12/2020 00:17,4821.078795,7034,0.685396474,TRUE
582,1294165,582,2019_Grotenete,gn-8,VR2W-122348,51.070653,4.851284,24/12/2020 00:17,24/12/2020 00:18,2,6840,4879.655927,0.7134,16619.07405,16419.08729,TRUE,21357.31227,8,24/12/2020 01:56,4938.224984,5967,0.827589238,TRUE
583,1294165,583,2019_Grotenete,gn-7,VR2W-122340,51.061848,4.787587,24/12/2020 01:56,24/12/2020 01:59,3,5908,4938.224983,0.835854,21557.29903,21357.31227,TRUE,31338.23349,10,24/12/2020 06:05,9980.921215,14941,0.668022302,TRUE
584,1294165,584,2019_Grotenete,gn-6,VR2W-122333,51.078636,4.757592,24/12/2020 03:13,24/12/2020 03:16,3,4455,3296.955011,0.740057,24854.25405,24654.26728,TRUE,31338.23349,10,24/12/2020 06:05,6683.966204,10311,0.648236466,TRUE
585,1294165,585,2019_Grotenete,gn-5,VR2W-122332,51.125942,4.718199,24/12/2020 06:05,24/12/2020 06:08,4,10135,6683.966204,0.659493,31538.22025,31338.23349,TRUE,35783.62643,11,24/12/2020 17:30,4445.392939,41078,0.108218339,TRUE
586,1294165,586,2019_Grotenete,gn-4,VR2W-122353,51.135075,4.664932,24/12/2020 17:30,24/12/2020 17:36,6,40899,4503.97007,0.110124,36042.19032,35783.62643,TRUE,39887.6149,12,24/12/2020 19:16,4103.98847,6349,0.646399192,TRUE
587,1294165,587,2019_Grotenete,gn-3,VR2W-122365,51.130352,4.617316,24/12/2020 19:16,24/12/2020 19:21,5,5988,4186.83712,0.699205,40229.02744,39887.6149,TRUE,46288.62457,18,25/12/2020 05:12,6401.009672,35786,0.178869102,TRUE
588,1294165,588,2019_Grotenete,gn-2,VR2W-127721,51.135829,4.5937,24/12/2020 20:21,24/12/2020 20:44,11,3596,2138.410314,0.594664,42367.43775,42026.02521,FALSE,46288.62457,18,25/12/2020 05:12,4262.599357,31889,0.133669897,TRUE
589,1294165,589,2019_Grotenete,gn-1,VR2W-112285,51.133464,4.588822,24/12/2020 22:24,24/12/2020 22:54,22,6024,424.253116,0.070427,42791.69087,42450.27833,FALSE,NA,NA,NA,NA,NA,NA,TRUE
590,1294165,590,2019_Grotenete,gn-3,VR2W-122365,51.130352,4.617316,25/12/2020 00:10,25/12/2020 00:18,7,4526,2562.663431,0.566209,45354.3543,39887.6149,FALSE,46288.62457,18,25/12/2020 05:12,6401.009672,18128,0.35310071,TRUE
591,1294165,591,2019_Grotenete,gn-3,VR2W-122365,51.130352,4.617316,25/12/2020 02:34,25/12/2020 02:39,4,NA,NA,NA,45354.3543,39887.6149,TRUE,46288.62457,18,25/12/2020 05:12,6401.009672,9460,0.6766395,TRUE
592,1294165,592,2019_Grotenete,gn-2,VR2W-127721,51.135829,4.5937,25/12/2020 03:31,25/12/2020 03:55,13,3106,2138.410314,0.688477,47492.76461,42026.02521,TRUE,46288.62457,18,25/12/2020 05:12,4262.599357,6083,0.700739661,TRUE
593,1294165,593,2019_Grotenete,bn-2,VR2W-124078,51.117416,4.549158,25/12/2020 05:12,25/12/2020 05:18,5,4618,4262.599357,0.92304,51755.36397,46288.62457,TRUE,50582.61415,19,25/12/2020 06:47,4293.989585,5668,0.757584613,TRUE
594,1294165,594,2019_Grotenete,bn-1,VR2W-122351,51.093001,4.506837,25/12/2020 06:47,25/12/2020 07:08,14,5333,4293.989585,0.805173,56049.35356,50582.61415,FALSE,55176.55966,21,25/12/2020 17:02,4593.945504,36954,0.124315243,TRUE
595,1294165,595,2019_Grotenete,bn-1,VR2W-122351,51.093001,4.506837,25/12/2020 11:37,25/12/2020 12:50,3,NA,NA,NA,56049.35356,50582.61415,TRUE,55176.55966,21,25/12/2020 17:02,4593.945504,19504,0.235538633,TRUE
596,1294165,596,2019_Grotenete,bn-Walem,VR2W-122339,51.07183,4.45474,25/12/2020 17:02,25/12/2020 17:15,10,15144,4593.945504,0.303351,60643.29906,55176.55966,TRUE,62601.73428,22,25/12/2020 20:16,7425.174625,11629,0.638504998,TRUE
597,1294165,597,2019_Grotenete,ru-1,VR2W-122328,51.082273,4.366215,25/12/2020 20:16,25/12/2020 20:16,1,10852,7425.174625,0.684222,68068.47369,62601.73428,FALSE,78314.02374,25,28/12/2020 04:37,15712.28945,202836,0.077463022,TRUE
598,1294165,598,2019_Grotenete,ru-1,VR2W-122328,51.082273,4.366215,25/12/2020 21:17,25/12/2020 21:17,1,NA,NA,NA,68068.47369,62601.73428,FALSE,78314.02374,25,28/12/2020 04:37,15712.28945,199190,0.078880915,TRUE
599,1294165,599,2019_Grotenete,ru-1,VR2W-122328,51.082273,4.366215,27/12/2020 02:50,27/12/2020 03:31,22,NA,NA,NA,68068.47369,62601.73428,TRUE,78314.02374,25,28/12/2020 04:37,15712.28945,92804,0.169306166,TRUE
600,1294165,600,2019_Grotenete,s-9,VR2W-122319,51.19069,4.32954,28/12/2020 04:37,28/12/2020 04:39,3,90332,15712.28945,0.173939,83780.76314,78314.02374,TRUE,86022.17104,26,28/12/2020 06:19,7708.147308,6136,1.256216967,TRUE
601,1294165,601,2019_Grotenete,s-10a,VR2W-127716,51.235423,4.396673,28/12/2020 06:19,28/12/2020 06:42,3,5977,7708.147308,1.289635,91488.91045,86022.17104,FALSE,100575.5524,29,06/01/2021 00:07,14553.38139,755248,0.019269672,TRUE
602,1294165,602,2019_Grotenete,s-10a,VR2W-127716,51.235423,4.396673,28/12/2020 12:53,28/12/2020 13:01,7,NA,NA,NA,91488.91045,86022.17104,FALSE,100575.5524,29,06/01/2021 00:07,14553.38139,731623,0.019891913,TRUE
603,1294165,603,2019_Grotenete,s-10a,VR2W-127716,51.235423,4.396673,28/12/2020 15:29,28/12/2020 15:44,11,NA,NA,NA,91488.91045,86022.17104,TRUE,100575.5524,29,06/01/2021 00:07,14553.38139,722258,0.020149838,TRUE
604,1294165,604,2019_Grotenete,s-12,VR2W-127732,51.30305,4.28731,06/01/2021 00:07,06/01/2021 00:07,1,721375,14553.38139,0.020175,106042.2918,100575.5524,TRUE,125923.9588,31,07/01/2021 11:52,25348.40633,128700,0.196957314,TRUE
605,1294165,605,2019_Grotenete,s-STD3,VR2W-134898,51.330504,4.270161,06/01/2021 21:47,06/01/2021 21:59,10,78011,3855.62017,0.049424,109897.912,104431.1726,TRUE,125923.9588,31,07/01/2021 11:52,21492.78616,50689,0.424012826,TRUE
606,1294165,606,2019_Grotenete,ws-42A,VR2W-127735,51.42251303,4.032860596,07/01/2021 11:52,07/01/2021 12:03,5,49925,21492.78616,0.430501,131390.6982,125923.9588,TRUE,148375.2951,32,08/01/2021 01:32,22451.33639,49238,0.455975799,TRUE
607,1294165,607,2019_Grotenete,ws-A1,VR2W-122343,51.3724995,3.7229828,08/01/2021 01:32,08/01/2021 01:35,2,48572,23942.61207,0.49293,155333.3102,148375.2951,FALSE,166812.6266,38,26/01/2021 08:29,18437.33142,1580228,0.011667513,TRUE
608,1294165,608,2019_Grotenete,ws-15A,VR2W-120886,51.3805457,3.717259,08/01/2021 01:46,08/01/2021 02:26,13,626,1065.678101,1.702361,156398.9883,148402.4498,FALSE,166812.6266,38,26/01/2021 08:29,18410.17682,1579426,0.011656245,TRUE
609,1294165,609,2019_Grotenete,ws-15,VR2Tx-480722,51.386465,3.7080085,08/01/2021 04:55,08/01/2021 05:54,9,8957,989.923938,0.11052,157388.9123,148812.4331,FALSE,NA,NA,NA,NA,NA,NA,TRUE
610,1294165,610,2019_Grotenete,ws-A5,VR2W-120884,51.3584544,3.7454284,08/01/2021 07:50,08/01/2021 10:38,21,6995,4218.283871,0.603043,161607.1961,147396.7659,FALSE,166812.6266,38,26/01/2021 08:29,19415.86065,1557540,0.012465722,TRUE
611,1294165,611,2019_Grotenete,ws-A1,VR2W-122343,51.3724995,3.7229828,08/01/2021 11:13,08/01/2021 11:17,4,2133,2221.258963,1.041378,163828.4551,148375.2951,FALSE,166812.6266,38,26/01/2021 08:29,18437.33142,1545362,0.011930752,TRUE
612,1294165,612,2019_Grotenete,ws-15A,VR2W-120886,51.3805457,3.717259,08/01/2021 11:25,08/01/2021 11:53,9,479,1065.678101,2.224798,164894.1332,148402.4498,TRUE,166812.6266,38,26/01/2021 08:29,18410.17682,1544639,0.011918757,TRUE
613,1294165,613,2019_Grotenete,ws-STEEN,VR2W-134900,51.403409,3.465898,26/01/2021 08:29,26/01/2021 08:29,2,1542977,18990.11736,0.012307,183884.2506,166812.6266,NA,NA,NA,NA,NA,NA,NA,TRUE
614,1294166,614,2019_Grotenete,rel_grotenete3,none,51.138881,4.996931,09/12/2020 11:10,09/12/2020 11:10,1,NA,NA,NA,0,1007.092895,FALSE,7635.421578,4,12/01/2021 17:45,6628.328683,2961302,0.002238316,FALSE
615,1294166,615,2019_Grotenete,gn-14,VR2W-122358,51.138267,4.996319,15/12/2020 19:14,15/12/2020 19:14,1,547495,99.993381,0.000183,99.993381,1048.509145,FALSE,7635.421578,4,12/01/2021 17:45,6586.912433,2413807,0.002728848,FALSE
616,1294166,616,2019_Grotenete,gn-13,VR2W-124066,51.119771,4.990306,15/12/2020 20:45,15/12/2020 20:51,5,5431,2389.94432,0.440056,2489.937701,3438.453465,FALSE,7635.421578,4,12/01/2021 17:45,4196.968113,2408376,0.001742655,FALSE
617,1294166,617,2019_Grotenete,gn-11,VR2W-127720,51.09592,4.957142,12/01/2021 17:45,12/01/2021 17:48,4,2407991,4338.377744,0.001802,6828.315445,7635.421578,TRUE,16419.08729,7,12/01/2021 21:53,8783.66571,14906,0.589270476,TRUE
618,1294166,618,2019_Grotenete,gn-10,VR2W-122324,51.091558,4.945793,12/01/2021 18:21,12/01/2021 18:23,3,1977,1107.062052,0.559971,7935.377497,8742.48363,TRUE,16419.08729,7,12/01/2021 21:53,7676.603658,12747,0.602228262,TRUE
619,1294166,619,2019_Grotenete,gn-9,VR2W-127109,51.081153,4.913762,12/01/2021 19:42,12/01/2021 19:44,2,4764,2855.524863,0.599396,10790.90236,11598.00849,TRUE,16419.08729,7,12/01/2021 21:53,4821.078795,7829,0.615797521,TRUE
620,1294166,620,2019_Grotenete,gn-8,VR2W-122348,51.070653,4.851284,12/01/2021 21:53,12/01/2021 21:53,1,7754,4879.655927,0.629308,15670.55829,16419.08729,TRUE,21357.31227,8,12/01/2021 23:39,4938.224984,6387,0.773168152,TRUE
621,1294166,621,2019_Grotenete,gn-7,VR2W-122340,51.061848,4.787587,12/01/2021 23:39,12/01/2021 23:40,2,6387,4938.224983,0.773168,20608.78327,21357.31227,TRUE,31338.23349,10,13/01/2021 03:50,9980.921215,15021,0.664464497,TRUE
622,1294166,622,2019_Grotenete,gn-6,VR2W-122333,51.078636,4.757592,13/01/2021 00:56,13/01/2021 01:00,4,4534,3296.955011,0.727163,23905.73828,24654.26728,TRUE,31338.23349,10,13/01/2021 03:50,6683.966204,10423,0.641270863,TRUE
623,1294166,623,2019_Grotenete,gn-5,VR2W-122332,51.125942,4.718199,13/01/2021 03:50,13/01/2021 03:53,4,10178,6683.966204,0.656707,30589.70449,31338.23349,TRUE,35783.62643,11,13/01/2021 06:55,4445.392939,11109,0.400161395,TRUE
624,1294166,624,2019_Grotenete,gn-4,VR2W-122353,51.135075,4.664932,13/01/2021 06:55,13/01/2021 07:02,6,10930,4503.97007,0.412074,35093.67456,35783.62643,TRUE,39887.6149,12,13/01/2021 08:51,4103.98847,6939,0.591438027,TRUE
625,1294166,625,2019_Grotenete,gn-3,VR2W-122365,51.130352,4.617316,13/01/2021 08:51,13/01/2021 08:58,8,6542,4186.83712,0.639993,39280.51168,39887.6149,TRUE,46288.62457,14,13/01/2021 11:29,6401.009672,9487,0.674713784,TRUE
626,1294166,626,2019_Grotenete,gn-2,VR2W-127721,51.135829,4.5937,13/01/2021 10:00,13/01/2021 10:26,17,3679,2138.410314,0.581248,41418.92199,42026.02521,TRUE,46288.62457,14,13/01/2021 11:29,4262.599357,5334,0.799137487,TRUE
627,1294166,627,2019_Grotenete,bn-2,VR2W-124078,51.117416,4.549158,13/01/2021 11:29,13/01/2021 11:33,5,3746,4262.599357,1.137907,45681.52135,46288.62457,TRUE,50582.61415,15,13/01/2021 17:12,4293.989585,20609,0.208355067,TRUE
628,1294166,628,2019_Grotenete,bn-1,VR2W-122351,51.093001,4.506837,13/01/2021 17:12,13/01/2021 17:37,18,20347,4293.989585,0.211038,49975.51093,50582.61415,TRUE,55176.55966,16,13/01/2021 18:41,4593.945504,5301,0.866618658,TRUE
629,1294166,629,2019_Grotenete,bn-Walem,VR2W-122339,51.07183,4.45474,13/01/2021 18:41,13/01/2021 18:47,6,3787,4593.945504,1.213083,54569.45644,55176.55966,TRUE,62601.73428,17,13/01/2021 20:25,7425.174625,6267,1.18480527,TRUE
630,1294166,630,2019_Grotenete,ru-1,VR2W-122328,51.082273,4.366215,13/01/2021 20:25,13/01/2021 20:30,5,5883,7425.174625,1.262141,61994.63106,62601.73428,TRUE,72606.86242,18,13/01/2021 22:40,10005.12814,8088,1.237033647,TRUE
631,1294166,631,2019_Grotenete,s-8a,VR2W-127719,51.14222,4.32646,13/01/2021 22:40,13/01/2021 23:18,22,7762,10005.12814,1.288988,71999.7592,72606.86242,TRUE,76955.08046,20,14/01/2021 01:41,4348.218045,10871,0.399983262,TRUE
632,1294166,632,2019_Grotenete,s-7,VR2W-115442,51.11414,4.24123,14/01/2021 00:57,14/01/2021 01:05,7,5951,7452.377678,1.25229,79452.13687,75006.64704,TRUE,86163.58875,25,14/01/2021 19:30,11156.94171,66799,0.167022586,TRUE
633,1294166,633,2019_Grotenete,s-6,VR2W-122354,51.12267069,4.21890556,14/01/2021 01:41,14/01/2021 01:55,6,2147,1948.433424,0.907514,81400.5703,76955.08046,FALSE,86163.58875,25,14/01/2021 19:30,9208.508287,64172,0.143497293,TRUE
634,1294166,634,2019_Grotenete,s-6,VR2W-122354,51.12267069,4.21890556,14/01/2021 07:56,14/01/2021 08:06,3,NA,NA,NA,81400.5703,76955.08046,FALSE,NA,NA,NA,NA,NA,NA,TRUE
635,1294166,635,2019_Grotenete,s-7,VR2W-115442,51.11414,4.24123,14/01/2021 08:35,14/01/2021 08:39,4,1731,1948.433424,1.125611,83349.00372,75006.64704,FALSE,NA,NA,NA,NA,NA,NA,TRUE
636,1294166,636,2019_Grotenete,s-8a,VR2W-127719,51.14222,4.32646,14/01/2021 10:13,14/01/2021 10:16,3,5652,7452.377678,1.318538,90801.3814,72606.86242,TRUE,78314.02374,24,14/01/2021 18:14,5707.161319,28842,0.197876753,TRUE
637,1294166,637,2019_Grotenete,s-9,VR2W-122319,51.19069,4.32954,14/01/2021 18:14,14/01/2021 18:14,1,28669,5707.161319,0.199071,96508.54272,78314.02374,TRUE,86163.58875,25,14/01/2021 19:30,7849.565013,4598,1.707169424,TRUE
638,1294166,638,2019_Grotenete,ak-41,VR2W-126195,51.239128,4.397469,14/01/2021 19:30,14/01/2021 19:32,3,4598,7849.565013,1.707169,104358.1077,86163.58875,TRUE,100575.5524,26,14/01/2021 22:48,14411.96369,11862,1.214969119,TRUE
639,1294166,639,2019_Grotenete,s-12,VR2W-127732,51.30305,4.28731,14/01/2021 22:48,15/01/2021 00:21,8,11743,14411.96369,1.227281,118770.0714,100575.5524,FALSE,125923.9588,29,15/01/2021 20:40,25348.40633,78735,0.321945848,TRUE
640,1294166,640,2019_Grotenete,s-12,VR2W-127732,51.30305,4.28731,15/01/2021 06:07,15/01/2021 06:13,5,NA,NA,NA,118770.0714,100575.5524,TRUE,125923.9588,29,15/01/2021 20:40,25348.40633,52406,0.483692828,TRUE
641,1294166,641,2019_Grotenete,s-STD3,VR2W-134898,51.330504,4.270161,15/01/2021 06:58,15/01/2021 06:58,1,2717,3855.62017,1.419073,122625.6916,104431.1726,TRUE,125923.9588,29,15/01/2021 20:40,21492.78616,49354,0.435482153,TRUE
642,1294166,642,2019_Grotenete,ws-42A,VR2W-127735,51.42251303,4.032860596,15/01/2021 20:40,15/01/2021 21:10,14,49354,21492.78616,0.435482,144118.4777,125923.9588,TRUE,143052.7512,33,16/01/2021 08:33,17128.79243,42740,0.400767254,TRUE
643,1294166,643,2019_Grotenete,ws-HW6,VR2W-127725,51.43484,4.02702,15/01/2021 21:16,15/01/2021 21:24,9,361,1507.100174,4.174793,145625.5779,126962.4419,FALSE,NA,NA,NA,NA,NA,NA,TRUE
644,1294166,644,2019_Grotenete,ws-F53,VR2W-127722,51.41672,4.02487,16/01/2021 01:41,16/01/2021 01:41,1,15454,2041.445366,0.132098,147667.0233,126233.9488,FALSE,143052.7512,33,16/01/2021 08:33,16818.80242,24680,0.681474976,TRUE
645,1294166,645,2019_Grotenete,ws-F53,VR2W-127722,51.41672,4.02487,16/01/2021 04:19,16/01/2021 04:52,15,NA,NA,NA,147667.0233,126233.9488,TRUE,143052.7512,33,16/01/2021 08:33,16818.80242,15236,1.103885693,TRUE
646,1294166,646,2019_Grotenete,ws-18,VR2W-115447,51.3482621,3.8147323,16/01/2021 08:33,16/01/2021 08:33,1,13254,17730.13756,1.33772,165397.1608,143052.7512,TRUE,148402.4498,36,16/01/2021 10:29,5349.698555,6955,0.769187427,TRUE
647,1294166,647,2019_Grotenete,ws-25B,VR2W-122349,51.3465544,3.800172,16/01/2021 08:43,16/01/2021 08:43,1,586,1082.782459,1.847752,166479.9433,144135.5337,TRUE,148402.4498,36,16/01/2021 10:29,4266.916096,6369,0.669950714,TRUE
648,1294166,648,2019_Grotenete,ws-12,VR2W-127736,51.37033,3.7511,16/01/2021 09:42,16/01/2021 09:44,2,3594,4576.800772,1.273456,171056.7441,146558.2696,NA,NA,NA,NA,NA,NA,NA,TRUE
649,1294166,649,2019_Grotenete,ws-15A,VR2W-120886,51.3805457,3.717259,16/01/2021 10:29,16/01/2021 11:24,11,2688,2755.515333,1.025117,173812.2594,148402.4498,FALSE,NA,NA,NA,NA,NA,NA,TRUE
650,1294166,650,2019_Grotenete,ws-12,VR2W-127736,51.37033,3.7511,16/01/2021 13:06,16/01/2021 13:23,6,6144,2755.515333,0.448489,176567.7747,146558.2696,FALSE,NA,NA,NA,NA,NA,NA,FALSE
651,1294166,651,2019_Grotenete,ws-14,VR2W-115443,51.3601518,3.7798113,16/01/2021 14:55,16/01/2021 14:55,1,5479,2455.53519,0.448172,179023.3099,145014.0695,FALSE,NA,NA,NA,NA,NA,NA,FALSE
652,1294166,652,2019_Grotenete,ws-16,VR2W-122346,51.3544901,3.795027,16/01/2021 16:12,16/01/2021 16:12,1,4668,1348.473138,0.288876,180371.7831,144162.6883,TRUE,148245.2722,41,16/01/2021 18:05,4082.583891,6724,0.607165956,FALSE
653,1294166,653,2019_Grotenete,ws-23,VR2W-115434,51.3552573,3.7609896,16/01/2021 17:51,16/01/2021 18:03,10,5928,2399.841145,0.404832,182771.6242,146562.5294,NA,NA,NA,NA,NA,NA,NA,FALSE
654,1294166,654,2019_Grotenete,ws-PPC,VR2W-120887,51.3536136,3.7376409,16/01/2021 18:05,16/01/2021 18:26,20,79,1682.742745,21.300541,184454.367,148245.2722,NA,NA,NA,NA,NA,NA,NA,FALSE
655,1294167,655,2019_Grotenete,rel_grotenete1,none,51.144779,5.003906,16/12/2020 12:30,16/12/2020 12:30,1,NA,NA,NA,0,0,TRUE,7635.421578,4,24/12/2020 19:24,7635.421578,716064,0.010663043,TRUE
656,1294167,656,2019_Grotenete,gn-14,VR2W-122358,51.138267,4.996319,16/12/2020 16:35,16/12/2020 16:37,2,14748,1048.509145,0.071095,1048.509145,1048.509145,FALSE,7635.421578,4,24/12/2020 19:24,6586.912433,701316,0.009392218,TRUE
657,1294167,657,2019_Grotenete,gn-13,VR2W-124066,51.119771,4.990306,16/12/2020 21:05,16/12/2020 21:08,3,16107,2389.94432,0.148379,3438.453465,3438.453465,FALSE,7635.421578,4,24/12/2020 19:24,4196.968113,685112,0.006125959,TRUE
658,1294167,658,2019_Grotenete,gn-11,VR2W-127720,51.09592,4.957142,24/12/2020 19:24,24/12/2020 20:13,4,684977,4338.377744,0.006334,7776.831209,7635.421578,FALSE,16419.08729,35,05/01/2021 00:14,8783.66571,967808,0.009075835,TRUE
659,1294167,659,2019_Grotenete,gn-11,VR2W-127720,51.09592,4.957142,25/12/2020 16:33,25/12/2020 16:45,9,NA,NA,NA,7776.831209,7635.421578,FALSE,16419.08729,35,05/01/2021 00:14,8783.66571,891687,0.009850615,TRUE
660,1294167,660,2019_Grotenete,gn-11,VR2W-127720,51.09592,4.957142,26/12/2020 02:59,26/12/2020 03:14,3,NA,NA,NA,7776.831209,7635.421578,FALSE,16419.08729,35,05/01/2021 00:14,8783.66571,854112,0.010283974,TRUE
661,1294167,661,2019_Grotenete,gn-11,VR2W-127720,51.09592,4.957142,26/12/2020 04:32,26/12/2020 07:44,9,NA,NA,NA,7776.831209,7635.421578,FALSE,16419.08729,35,05/01/2021 00:14,8783.66571,848544,0.010351456,TRUE
662,1294167,662,2019_Grotenete,gn-11,VR2W-127720,51.09592,4.957142,26/12/2020 10:21,26/12/2020 10:21,1,NA,NA,NA,7776.831209,7635.421578,FALSE,16419.08729,35,05/01/2021 00:14,8783.66571,827593,0.010613509,TRUE
663,1294167,663,2019_Grotenete,gn-11,VR2W-127720,51.09592,4.957142,26/12/2020 11:25,26/12/2020 11:56,2,NA,NA,NA,7776.831209,7635.421578,FALSE,16419.08729,35,05/01/2021 00:14,8783.66571,823728,0.010663308,TRUE
664,1294167,664,2019_Grotenete,gn-11,VR2W-127720,51.09592,4.957142,26/12/2020 13:05,26/12/2020 13:05,1,NA,NA,NA,7776.831209,7635.421578,FALSE,16419.08729,35,05/01/2021 00:14,8783.66571,817768,0.010741024,TRUE
665,1294167,665,2019_Grotenete,gn-11,VR2W-127720,51.09592,4.957142,26/12/2020 14:32,26/12/2020 14:32,1,NA,NA,NA,7776.831209,7635.421578,FALSE,16419.08729,35,05/01/2021 00:14,8783.66571,812519,0.010810413,TRUE
666,1294167,666,2019_Grotenete,gn-11,VR2W-127720,51.09592,4.957142,26/12/2020 15:58,26/12/2020 18:32,6,NA,NA,NA,7776.831209,7635.421578,FALSE,16419.08729,35,05/01/2021 00:14,8783.66571,807366,0.01087941,TRUE
667,1294167,667,2019_Grotenete,gn-11,VR2W-127720,51.09592,4.957142,26/12/2020 20:20,26/12/2020 20:20,1,NA,NA,NA,7776.831209,7635.421578,FALSE,16419.08729,35,05/01/2021 00:14,8783.66571,791618,0.011095839,TRUE
668,1294167,668,2019_Grotenete,gn-11,VR2W-127720,51.09592,4.957142,26/12/2020 21:21,26/12/2020 21:26,3,NA,NA,NA,7776.831209,7635.421578,FALSE,16419.08729,35,05/01/2021 00:14,8783.66571,787966,0.011147265,TRUE
669,1294167,669,2019_Grotenete,gn-11,VR2W-127720,51.09592,4.957142,26/12/2020 22:37,26/12/2020 22:37,1,NA,NA,NA,7776.831209,7635.421578,FALSE,16419.08729,35,05/01/2021 00:14,8783.66571,783433,0.011211764,TRUE
670,1294167,670,2019_Grotenete,gn-11,VR2W-127720,51.09592,4.957142,27/12/2020 01:25,27/12/2020 01:25,1,NA,NA,NA,7776.831209,7635.421578,FALSE,16419.08729,35,05/01/2021 00:14,8783.66571,773372,0.011357621,TRUE
671,1294167,671,2019_Grotenete,gn-11,VR2W-127720,51.09592,4.957142,27/12/2020 03:08,27/12/2020 03:09,2,NA,NA,NA,7776.831209,7635.421578,FALSE,16419.08729,35,05/01/2021 00:14,8783.66571,767142,0.011449856,TRUE
672,1294167,672,2019_Grotenete,gn-11,VR2W-127720,51.09592,4.957142,27/12/2020 16:04,27/12/2020 18:29,6,NA,NA,NA,7776.831209,7635.421578,FALSE,16419.08729,35,05/01/2021 00:14,8783.66571,720573,0.012189835,TRUE
673,1294167,673,2019_Grotenete,gn-11,VR2W-127720,51.09592,4.957142,27/12/2020 23:57,28/12/2020 01:35,5,NA,NA,NA,7776.831209,7635.421578,FALSE,16419.08729,35,05/01/2021 00:14,8783.66571,692220,0.012689124,TRUE
674,1294167,674,2019_Grotenete,gn-11,VR2W-127720,51.09592,4.957142,28/12/2020 03:09,28/12/2020 03:09,1,NA,NA,NA,7776.831209,7635.421578,FALSE,16419.08729,35,05/01/2021 00:14,8783.66571,680683,0.012904194,TRUE
675,1294167,675,2019_Grotenete,gn-11,VR2W-127720,51.09592,4.957142,28/12/2020 05:06,28/12/2020 05:57,4,NA,NA,NA,7776.831209,7635.421578,FALSE,16419.08729,35,05/01/2021 00:14,8783.66571,673674,0.013038451,TRUE
676,1294167,676,2019_Grotenete,gn-11,VR2W-127720,51.09592,4.957142,28/12/2020 08:26,28/12/2020 08:26,1,NA,NA,NA,7776.831209,7635.421578,FALSE,16419.08729,35,05/01/2021 00:14,8783.66571,661698,0.013274433,TRUE
677,1294167,677,2019_Grotenete,gn-11,VR2W-127720,51.09592,4.957142,28/12/2020 15:03,28/12/2020 15:03,1,NA,NA,NA,7776.831209,7635.421578,FALSE,16419.08729,35,05/01/2021 00:14,8783.66571,637867,0.013770372,TRUE
678,1294167,678,2019_Grotenete,gn-11,VR2W-127720,51.09592,4.957142,28/12/2020 16:15,28/12/2020 17:47,21,NA,NA,NA,7776.831209,7635.421578,FALSE,16419.08729,35,05/01/2021 00:14,8783.66571,633521,0.013864837,TRUE
679,1294167,679,2019_Grotenete,gn-11,VR2W-127720,51.09592,4.957142,28/12/2020 23:51,28/12/2020 23:51,1,NA,NA,NA,7776.831209,7635.421578,FALSE,16419.08729,35,05/01/2021 00:14,8783.66571,606188,0.014490003,TRUE
680,1294167,680,2019_Grotenete,gn-11,VR2W-127720,51.09592,4.957142,29/12/2020 01:35,29/12/2020 01:35,1,NA,NA,NA,7776.831209,7635.421578,FALSE,16419.08729,35,05/01/2021 00:14,8783.66571,599949,0.014640687,TRUE
681,1294167,681,2019_Grotenete,gn-11,VR2W-127720,51.09592,4.957142,29/12/2020 03:30,29/12/2020 03:30,1,NA,NA,NA,7776.831209,7635.421578,FALSE,16419.08729,35,05/01/2021 00:14,8783.66571,593052,0.014810954,TRUE
682,1294167,682,2019_Grotenete,gn-11,VR2W-127720,51.09592,4.957142,29/12/2020 04:45,29/12/2020 04:45,1,NA,NA,NA,7776.831209,7635.421578,FALSE,16419.08729,35,05/01/2021 00:14,8783.66571,588552,0.014924197,TRUE
683,1294167,683,2019_Grotenete,gn-11,VR2W-127720,51.09592,4.957142,29/12/2020 06:18,29/12/2020 06:18,1,NA,NA,NA,7776.831209,7635.421578,FALSE,16419.08729,35,05/01/2021 00:14,8783.66571,582980,0.015066839,TRUE
684,1294167,684,2019_Grotenete,gn-11,VR2W-127720,51.09592,4.957142,29/12/2020 07:22,29/12/2020 07:36,2,NA,NA,NA,7776.831209,7635.421578,FALSE,16419.08729,35,05/01/2021 00:14,8783.66571,579114,0.015167421,TRUE
685,1294167,685,2019_Grotenete,gn-11,VR2W-127720,51.09592,4.957142,29/12/2020 08:59,29/12/2020 09:35,5,NA,NA,NA,7776.831209,7635.421578,FALSE,16419.08729,35,05/01/2021 00:14,8783.66571,573308,0.015321024,TRUE
686,1294167,686,2019_Grotenete,gn-11,VR2W-127720,51.09592,4.957142,29/12/2020 10:58,29/12/2020 16:53,42,NA,NA,NA,7776.831209,7635.421578,TRUE,16419.08729,35,05/01/2021 00:14,8783.66571,566189,0.015513664,TRUE
687,1294167,687,2019_Grotenete,gn-10,VR2W-122324,51.091558,4.945793,29/12/2020 17:19,29/12/2020 17:21,3,1558,1107.062052,0.710566,8883.893261,8742.48363,TRUE,16419.08729,35,05/01/2021 00:14,7676.603658,543289,0.014129871,TRUE
688,1294167,688,2019_Grotenete,gn-9,VR2W-127109,51.081153,4.913762,29/12/2020 18:19,29/12/2020 18:20,2,3446,2855.524863,0.828649,11739.41812,11598.00849,FALSE,16419.08729,35,05/01/2021 00:14,4821.078795,539708,0.008932754,TRUE
689,1294167,689,2019_Grotenete,gn-8,VR2W-122348,51.070653,4.851284,05/01/2021 00:14,05/01/2021 00:14,1,539619,4879.655927,0.009043,16619.07405,16419.08729,TRUE,21357.31227,36,05/01/2021 01:43,4938.224984,5336,0.925454457,TRUE
690,1294167,690,2019_Grotenete,gn-7,VR2W-122340,51.061848,4.787587,05/01/2021 01:43,05/01/2021 01:47,3,5336,4938.224983,0.925454,21557.29903,21357.31227,TRUE,35783.62643,38,05/01/2021 20:06,14426.31415,66200,0.217920153,TRUE
691,1294167,691,2019_Grotenete,gn-6,VR2W-122333,51.078636,4.757592,05/01/2021 02:58,05/01/2021 03:32,7,4247,3296.955011,0.776302,24854.25405,24654.26728,TRUE,35783.62643,38,05/01/2021 20:06,11129.35914,61710,0.180349362,TRUE
692,1294167,692,2019_Grotenete,gn-4,VR2W-122353,51.135075,4.664932,05/01/2021 20:06,05/01/2021 20:43,21,59654,11129.35914,0.186565,35983.61319,35783.62643,FALSE,39887.6149,40,06/01/2021 01:55,4103.98847,20907,0.196297339,TRUE
693,1294167,693,2019_Grotenete,gn-4,VR2W-122353,51.135075,4.664932,05/01/2021 23:39,05/01/2021 23:45,5,NA,NA,NA,35983.61319,35783.62643,TRUE,39887.6149,40,06/01/2021 01:55,4103.98847,8160,0.502939763,TRUE
694,1294167,694,2019_Grotenete,gn-3,VR2W-122365,51.130352,4.617316,06/01/2021 01:55,06/01/2021 02:00,5,7784,4186.83712,0.537877,40170.45031,39887.6149,TRUE,46288.62457,42,08/01/2021 00:32,6401.009672,167833,0.03813916,TRUE
695,1294167,695,2019_Grotenete,gn-2,VR2W-127721,51.135829,4.5937,06/01/2021 03:26,07/01/2021 00:05,916,5167,2138.410314,0.413859,42308.86062,42026.02521,TRUE,46288.62457,42,08/01/2021 00:32,4262.599357,162354,0.02625497,TRUE
696,1294167,696,2019_Grotenete,bn-2,VR2W-124078,51.117416,4.549158,08/01/2021 00:32,08/01/2021 00:39,6,88033,4262.599357,0.04842,46571.45998,46288.62457,TRUE,50582.61415,43,08/01/2021 02:16,4293.989585,6235,0.688691192,TRUE
697,1294167,697,2019_Grotenete,bn-1,VR2W-122351,51.093001,4.506837,08/01/2021 02:16,08/01/2021 02:58,24,5836,4293.989585,0.735776,50865.44956,50582.61415,TRUE,55176.55966,44,08/01/2021 12:42,4593.945504,37539,0.12237794,TRUE
698,1294167,698,2019_Grotenete,bn-Walem,VR2W-122339,51.07183,4.45474,08/01/2021 12:42,08/01/2021 12:56,11,35026,4593.945504,0.131158,55459.39507,55176.55966,TRUE,62601.73428,45,08/01/2021 16:57,7425.174625,15314,0.484861867,TRUE
699,1294167,699,2019_Grotenete,ru-1,VR2W-122328,51.082273,4.366215,08/01/2021 16:57,08/01/2021 17:09,9,14469,7425.174625,0.513178,62884.56969,62601.73428,TRUE,72606.86242,46,09/01/2021 01:44,10005.12814,31623,0.316387697,TRUE
700,1294167,700,2019_Grotenete,s-8a,VR2W-127719,51.14222,4.32646,09/01/2021 01:44,09/01/2021 01:44,1,30918,10005.12814,0.323602,72889.69783,72606.86242,TRUE,78314.02374,47,09/01/2021 02:55,5707.161319,4274,1.335320851,TRUE
701,1294167,701,2019_Grotenete,s-9,VR2W-122319,51.19069,4.32954,09/01/2021 02:55,09/01/2021 03:04,5,4274,5707.161319,1.335321,78596.85915,78314.02374,TRUE,86022.17104,48,09/01/2021 04:24,7708.147308,5348,1.441314007,TRUE
702,1294167,702,2019_Grotenete,s-10a,VR2W-127716,51.235423,4.396673,09/01/2021 04:24,09/01/2021 04:47,16,4797,7708.147308,1.606868,86305.00646,86022.17104,TRUE,104431.1726,49,18/01/2021 13:35,18409.00156,810651,0.022708911,TRUE
703,1294167,703,2019_Grotenete,s-STD3,VR2W-134898,51.330504,4.270161,18/01/2021 13:35,18/01/2021 13:56,4,809268,18409.00156,0.022748,104714.008,104431.1726,FALSE,NA,NA,NA,NA,NA,NA,TRUE
704,1294167,704,2019_Grotenete,s-12,VR2W-127732,51.30305,4.28731,18/01/2021 14:48,18/01/2021 14:48,1,3109,3855.62017,1.240148,108569.6282,100575.5524,FALSE,NA,NA,NA,NA,NA,NA,TRUE
705,1294167,705,2019_Grotenete,s-10a,VR2W-127716,51.235423,4.396673,18/01/2021 18:17,18/01/2021 18:17,1,12528,14553.38139,1.161668,123123.0096,86022.17104,FALSE,100575.5524,78,25/01/2021 16:32,14553.38139,598495,0.02431663,TRUE
706,1294167,706,2019_Grotenete,s-10a,VR2W-127716,51.235423,4.396673,18/01/2021 20:48,18/01/2021 20:49,2,NA,NA,NA,123123.0096,86022.17104,FALSE,100575.5524,78,25/01/2021 16:32,14553.38139,589427,0.024690727,TRUE
707,1294167,707,2019_Grotenete,ak-41,VR2W-126195,51.239128,4.397469,19/01/2021 04:30,19/01/2021 04:49,12,27627,141.417705,0.005119,123264.4273,86163.58875,FALSE,NA,NA,NA,NA,NA,NA,TRUE
708,1294167,708,2019_Grotenete,s-9,VR2W-122319,51.19069,4.32954,19/01/2021 06:39,19/01/2021 06:42,4,6561,7849.565013,1.196398,131113.9923,78314.02374,TRUE,86022.17104,55,19/01/2021 09:56,7708.147308,11855,0.650202219,TRUE
709,1294167,709,2019_Grotenete,s-10a,VR2W-127716,51.235423,4.396673,19/01/2021 09:56,19/01/2021 10:09,6,11648,7708.147308,0.661757,138822.1396,86022.17104,FALSE,100575.5524,78,25/01/2021 16:32,14553.38139,542123,0.026845165,TRUE
710,1294167,710,2019_Grotenete,s-10a,VR2W-127716,51.235423,4.396673,19/01/2021 17:07,19/01/2021 17:18,8,NA,NA,NA,138822.1396,86022.17104,FALSE,NA,NA,NA,NA,NA,NA,TRUE
711,1294167,711,2019_Grotenete,s-9,VR2W-122319,51.19069,4.32954,19/01/2021 19:23,19/01/2021 20:36,19,7465,7708.147308,1.032572,146530.2869,78314.02374,TRUE,86022.17104,58,19/01/2021 22:09,7708.147308,9975,0.772746597,TRUE
712,1294167,712,2019_Grotenete,s-10a,VR2W-127716,51.235423,4.396673,19/01/2021 22:09,19/01/2021 22:16,3,5567,7708.147308,1.384614,154238.4342,86022.17104,FALSE,100575.5524,78,25/01/2021 16:32,14553.38139,498179,0.029213157,TRUE
713,1294167,713,2019_Grotenete,s-10a,VR2W-127716,51.235423,4.396673,20/01/2021 05:43,20/01/2021 05:47,4,NA,NA,NA,154238.4342,86022.17104,FALSE,NA,NA,NA,NA,NA,NA,TRUE
714,1294167,714,2019_Grotenete,s-9,VR2W-122319,51.19069,4.32954,20/01/2021 07:32,20/01/2021 08:24,25,6338,7708.147308,1.21618,161946.5815,78314.02374,TRUE,86163.58875,61,20/01/2021 09:56,7849.565013,8634,0.90914582,TRUE
715,1294167,715,2019_Grotenete,ak-41,VR2W-126195,51.239128,4.397469,20/01/2021 09:56,20/01/2021 09:56,1,5553,7849.565013,1.413572,169796.1465,86163.58875,FALSE,NA,NA,NA,NA,NA,NA,TRUE
716,1294167,716,2019_Grotenete,s-10a,VR2W-127716,51.235423,4.396673,20/01/2021 18:00,20/01/2021 18:00,1,29022,141.417705,0.004873,169937.5642,86022.17104,FALSE,NA,NA,NA,NA,NA,NA,TRUE
717,1294167,717,2019_Grotenete,s-9,VR2W-122319,51.19069,4.32954,20/01/2021 19:35,20/01/2021 19:38,3,5692,7708.147308,1.354207,177645.7116,78314.02374,TRUE,86022.17104,64,20/01/2021 23:23,7708.147308,13693,0.562926116,TRUE
718,1294167,718,2019_Grotenete,s-10a,VR2W-127716,51.235423,4.396673,20/01/2021 23:23,20/01/2021 23:31,5,13519,7708.147308,0.570171,185353.8589,86022.17104,FALSE,100575.5524,78,25/01/2021 16:32,14553.38139,407334,0.035728374,TRUE
719,1294167,719,2019_Grotenete,s-10a,VR2W-127716,51.235423,4.396673,21/01/2021 05:56,21/01/2021 05:56,1,NA,NA,NA,185353.8589,86022.17104,FALSE,NA,NA,NA,NA,NA,NA,TRUE
720,1294167,720,2019_Grotenete,s-9,VR2W-122319,51.19069,4.32954,21/01/2021 07:40,21/01/2021 08:53,13,6232,7708.147308,1.236866,193062.0062,78314.02374,TRUE,86022.17104,67,21/01/2021 10:38,7708.147308,10666,0.722683978,TRUE
721,1294167,721,2019_Grotenete,s-10a,VR2W-127716,51.235423,4.396673,21/01/2021 10:38,21/01/2021 10:38,1,6303,7708.147308,1.222933,200770.1535,86022.17104,FALSE,100575.5524,78,25/01/2021 16:32,14553.38139,366837,0.03967261,TRUE
722,1294167,722,2019_Grotenete,s-10a,VR2W-127716,51.235423,4.396673,21/01/2021 18:36,21/01/2021 18:39,4,NA,NA,NA,200770.1535,86022.17104,FALSE,100575.5524,78,25/01/2021 16:32,14553.38139,338145,0.043038878,TRUE
723,1294167,723,2019_Grotenete,s-10a,VR2W-127716,51.235423,4.396673,22/01/2021 06:57,22/01/2021 07:06,10,NA,NA,NA,200770.1535,86022.17104,FALSE,100575.5524,78,25/01/2021 16:32,14553.38139,293675,0.049556079,TRUE
724,1294167,724,2019_Grotenete,s-10a,VR2W-127716,51.235423,4.396673,22/01/2021 11:07,22/01/2021 11:17,6,NA,NA,NA,200770.1535,86022.17104,FALSE,100575.5524,78,25/01/2021 16:32,14553.38139,278713,0.052216371,TRUE
725,1294167,725,2019_Grotenete,s-10a,VR2W-127716,51.235423,4.396673,22/01/2021 18:57,22/01/2021 19:06,7,NA,NA,NA,200770.1535,86022.17104,FALSE,NA,NA,NA,NA,NA,NA,TRUE
726,1294167,726,2019_Grotenete,s-9,VR2W-122319,51.19069,4.32954,22/01/2021 21:20,22/01/2021 23:31,71,8030,7708.147308,0.959919,208478.3008,78314.02374,TRUE,86022.17104,73,23/01/2021 00:51,7708.147308,12636,0.610014823,TRUE
727,1294167,727,2019_Grotenete,s-10a,VR2W-127716,51.235423,4.396673,23/01/2021 00:51,23/01/2021 01:02,9,4801,7708.147308,1.60553,216186.4481,86022.17104,FALSE,100575.5524,78,25/01/2021 16:32,14553.38139,229265,0.063478426,TRUE
728,1294167,728,2019_Grotenete,ak-41,VR2W-126195,51.239128,4.397469,23/01/2021 08:11,23/01/2021 08:37,17,25706,141.417705,0.005501,216327.8658,86163.58875,FALSE,NA,NA,NA,NA,NA,NA,TRUE
729,1294167,729,2019_Grotenete,s-10a,VR2W-127716,51.235423,4.396673,23/01/2021 12:44,23/01/2021 12:51,3,14832,141.417705,0.009535,216469.2835,86022.17104,FALSE,100575.5524,78,25/01/2021 16:32,14553.38139,186476,0.07804426,TRUE
730,1294167,730,2019_Grotenete,s-10a,VR2W-127716,51.235423,4.396673,23/01/2021 21:34,23/01/2021 22:03,11,NA,NA,NA,216469.2835,86022.17104,FALSE,100575.5524,78,25/01/2021 16:32,14553.38139,154691,0.094080337,TRUE
731,1294167,731,2019_Grotenete,s-10a,VR2W-127716,51.235423,4.396673,24/01/2021 01:25,24/01/2021 01:42,9,NA,NA,NA,216469.2835,86022.17104,TRUE,100575.5524,78,25/01/2021 16:32,14553.38139,140782,0.103375299,TRUE
732,1294167,732,2019_Grotenete,s-12,VR2W-127732,51.30305,4.28731,25/01/2021 16:32,25/01/2021 16:32,1,139763,14553.38139,0.104129,231022.6649,100575.5524,TRUE,125923.9588,86,28/01/2021 05:53,25348.40633,220861,0.114770857,TRUE
733,1294167,733,2019_Grotenete,s-STD3,VR2W-134898,51.330504,4.270161,25/01/2021 17:25,25/01/2021 18:04,13,3177,3855.62017,1.213604,234878.2851,104431.1726,FALSE,NA,NA,NA,NA,NA,NA,TRUE
734,1294167,734,2019_Grotenete,s-12,VR2W-127732,51.30305,4.28731,25/01/2021 21:48,25/01/2021 21:53,5,13412,3855.62017,0.287475,238733.9052,100575.5524,FALSE,125923.9588,86,28/01/2021 05:53,25348.40633,201905,0.125546204,TRUE
735,1294167,735,2019_Grotenete,s-12,VR2W-127732,51.30305,4.28731,26/01/2021 16:20,26/01/2021 16:25,4,NA,NA,NA,238733.9052,100575.5524,TRUE,125923.9588,86,28/01/2021 05:53,25348.40633,135148,0.187560351,TRUE
736,1294167,736,2019_Grotenete,s-STD3,VR2W-134898,51.330504,4.270161,26/01/2021 17:38,26/01/2021 17:55,6,4388,3855.62017,0.878674,242589.5254,104431.1726,FALSE,125923.9588,86,28/01/2021 05:53,21492.78616,130463,0.164742388,TRUE
737,1294167,737,2019_Grotenete,s-STD3,VR2W-134898,51.330504,4.270161,26/01/2021 22:34,26/01/2021 22:35,2,NA,NA,NA,242589.5254,104431.1726,FALSE,NA,NA,NA,NA,NA,NA,TRUE
738,1294167,738,2019_Grotenete,s-12,VR2W-127732,51.30305,4.28731,27/01/2021 04:23,27/01/2021 04:32,5,20894,3855.62017,0.184532,246445.1456,100575.5524,TRUE,125923.9588,86,28/01/2021 05:53,25348.40633,91786,0.276168548,TRUE
739,1294167,739,2019_Grotenete,s-STD3,VR2W-134898,51.330504,4.270161,27/01/2021 05:17,27/01/2021 05:31,4,2709,3855.62017,1.423263,250300.7657,104431.1726,TRUE,125923.9588,86,28/01/2021 05:53,21492.78616,88549,0.242721952,TRUE
740,1294167,740,2019_Grotenete,ws-42A,VR2W-127735,51.42251303,4.032860596,28/01/2021 05:53,28/01/2021 05:56,3,87696,21492.78616,0.245083,271793.5519,125923.9588,TRUE,149520.9065,87,29/01/2021 03:11,23596.94775,76709,0.307616417,TRUE
741,1294167,741,2019_Grotenete,ws-2C,VR2W-122329,51.4169613,3.7188079,29/01/2021 03:11,29/01/2021 03:25,4,76512,25088.22343,0.327899,296881.7753,149520.9065,TRUE,166815.3962,88,29/01/2021 16:33,17294.48973,48135,0.359291362,TRUE
742,1294167,742,2019_Grotenete,ws-DL12,VR2Tx-480720,51.466175,3.502181,29/01/2021 16:33,29/01/2021 16:38,5,47304,17294.48973,0.365603,314176.2651,166815.3962,NA,NA,NA,NA,NA,NA,NA,TRUE
743,1294168,743,2019_Grotenete,rel_grotenete1,none,51.144779,5.003906,09/10/2020 10:15,09/10/2020 10:15,1,NA,NA,NA,0,0,NA,NA,NA,NA,NA,NA,NA,FALSE
744,1294169,744,2019_Grotenete,rel_grotenete1,none,51.144779,5.003906,16/12/2020 12:30,16/12/2020 12:30,1,NA,NA,NA,0,0,TRUE,7635.421578,4,16/12/2020 19:25,7635.421578,24946,0.306077992,TRUE
745,1294169,745,2019_Grotenete,gn-14,VR2W-122358,51.138267,4.996319,16/12/2020 16:32,16/12/2020 16:35,3,14572,1048.509145,0.071954,1048.509145,1048.509145,TRUE,7635.421578,4,16/12/2020 19:25,6586.912433,10374,0.634944326,TRUE
746,1294169,746,2019_Grotenete,gn-13,VR2W-124066,51.119771,4.990306,16/12/2020 17:31,16/12/2020 17:33,2,3352,2389.94432,0.712991,3438.453465,3438.453465,TRUE,7635.421578,4,16/12/2020 19:25,4196.968113,6836,0.613950865,TRUE
747,1294169,747,2019_Grotenete,gn-11,VR2W-127720,51.09592,4.957142,16/12/2020 19:25,16/12/2020 19:27,2,6743,4338.377744,0.64339,7776.831209,7635.421578,TRUE,16419.08729,7,16/12/2020 22:10,8783.66571,9857,0.891109436,TRUE
748,1294169,748,2019_Grotenete,gn-10,VR2W-122324,51.091558,4.945793,16/12/2020 19:48,16/12/2020 19:49,2,1253,1107.062052,0.883529,8883.893261,8742.48363,TRUE,16419.08729,7,16/12/2020 22:10,7676.603658,8508,0.902280637,TRUE
749,1294169,749,2019_Grotenete,gn-9,VR2W-127109,51.081153,4.913762,16/12/2020 20:38,16/12/2020 20:41,4,2914,2855.524863,0.979933,11739.41812,11598.00849,TRUE,16419.08729,7,16/12/2020 22:10,4821.078795,5500,0.876559781,TRUE
750,1294169,750,2019_Grotenete,gn-8,VR2W-122348,51.070653,4.851284,16/12/2020 22:10,16/12/2020 22:11,2,5291,4879.655927,0.922256,16619.07405,16419.08729,TRUE,21357.31227,8,16/12/2020 23:34,4938.224984,5056,0.976705891,TRUE
751,1294169,751,2019_Grotenete,gn-7,VR2W-122340,51.061848,4.787587,16/12/2020 23:34,16/12/2020 23:38,4,4983,4938.224983,0.991014,21557.29903,21357.31227,TRUE,31338.23349,12,23/12/2020 19:32,9980.921215,590274,0.016908963,TRUE
752,1294169,752,2019_Grotenete,gn-6,VR2W-122333,51.078636,4.757592,17/12/2020 01:18,17/12/2020 01:19,2,5964,3296.955011,0.552809,24854.25405,24654.26728,FALSE,31338.23349,12,23/12/2020 19:32,6683.966204,584033,0.011444501,TRUE
753,1294169,753,2019_Grotenete,gn-6,VR2W-122333,51.078636,4.757592,18/12/2020 16:34,18/12/2020 16:35,2,NA,NA,NA,24854.25405,24654.26728,FALSE,31338.23349,12,23/12/2020 19:32,6683.966204,442677,0.015098969,TRUE
754,1294169,754,2019_Grotenete,gn-6,VR2W-122333,51.078636,4.757592,23/12/2020 17:02,23/12/2020 17:04,2,NA,NA,NA,24854.25405,24654.26728,TRUE,31338.23349,12,23/12/2020 19:32,6683.966204,8960,0.745978371,TRUE
755,1294169,755,2019_Grotenete,gn-5,VR2W-122332,51.125942,4.718199,23/12/2020 19:32,23/12/2020 19:32,1,8888,6683.966204,0.752021,31538.22025,31338.23349,TRUE,35783.62643,13,23/12/2020 21:06,4445.392939,5669,0.784158218,TRUE
756,1294169,756,2019_Grotenete,gn-4,VR2W-122353,51.135075,4.664932,23/12/2020 21:06,23/12/2020 21:10,4,5669,4503.97007,0.794491,36042.19032,35783.62643,TRUE,39887.6149,14,24/12/2020 00:40,4103.98847,12811,0.320348799,TRUE
757,1294169,757,2019_Grotenete,gn-3,VR2W-122365,51.130352,4.617316,24/12/2020 00:40,24/12/2020 00:46,6,12555,4186.83712,0.33348,40229.02744,39887.6149,TRUE,46288.62457,16,24/12/2020 02:41,6401.009672,7304,0.876370437,TRUE
758,1294169,758,2019_Grotenete,gn-2,VR2W-127721,51.135829,4.5937,24/12/2020 01:33,24/12/2020 01:52,13,2832,2138.410314,0.755088,42367.43775,42026.02521,TRUE,46288.62457,16,24/12/2020 02:41,4262.599357,4078,1.04526713,TRUE
759,1294169,759,2019_Grotenete,bn-2,VR2W-124078,51.117416,4.549158,24/12/2020 02:41,24/12/2020 02:44,3,2971,4262.599357,1.434736,46630.03711,46288.62457,TRUE,50582.61415,17,24/12/2020 03:45,4293.989585,3789,1.1332778,TRUE
760,1294169,760,2019_Grotenete,bn-1,VR2W-122351,51.093001,4.506837,24/12/2020 03:45,24/12/2020 03:55,8,3608,4293.989585,1.19013,50924.0267,50582.61415,TRUE,55176.55966,18,24/12/2020 04:53,4593.945504,4132,1.111797073,TRUE
761,1294169,761,2019_Grotenete,bn-Walem,VR2W-122339,51.07183,4.45474,24/12/2020 04:53,24/12/2020 05:02,7,3481,4593.945504,1.31972,55517.9722,55176.55966,TRUE,62601.73428,19,24/12/2020 15:37,7425.174625,38599,0.192367021,TRUE
762,1294169,762,2019_Grotenete,ru-1,VR2W-122328,51.082273,4.366215,24/12/2020 15:37,24/12/2020 15:56,14,38112,7425.174625,0.194825,62943.14682,62601.73428,TRUE,72606.86242,20,25/12/2020 00:42,10005.12814,32709,0.305883033,TRUE
763,1294169,763,2019_Grotenete,s-8a,VR2W-127719,51.14222,4.32646,25/12/2020 00:42,25/12/2020 00:53,9,31571,10005.12814,0.316909,72948.27496,72606.86242,TRUE,78314.02374,21,25/12/2020 02:06,5707.161319,5024,1.135979562,TRUE
764,1294169,764,2019_Grotenete,s-9,VR2W-122319,51.19069,4.32954,25/12/2020 02:06,25/12/2020 02:09,3,4366,5707.161319,1.307183,78655.43628,78314.02374,TRUE,86022.17104,22,25/12/2020 03:30,7708.147308,5045,1.527878555,TRUE
765,1294169,765,2019_Grotenete,s-10a,VR2W-127716,51.235423,4.396673,25/12/2020 03:30,25/12/2020 03:42,10,4860,7708.147308,1.586039,86363.58359,86022.17104,TRUE,100575.5524,23,25/12/2020 15:03,14553.38139,41623,0.349647584,TRUE
766,1294169,766,2019_Grotenete,s-12,VR2W-127732,51.30305,4.28731,25/12/2020 15:03,25/12/2020 15:09,3,40886,14553.38139,0.35595,100916.965,100575.5524,TRUE,125923.9588,25,26/12/2020 03:17,25348.40633,44030,0.575707616,TRUE
767,1294169,767,2019_Grotenete,s-STD3,VR2W-134898,51.330504,4.270161,25/12/2020 15:53,25/12/2020 16:22,3,2644,3855.62017,1.458253,104772.5851,104431.1726,TRUE,125923.9588,25,26/12/2020 03:17,21492.78616,41064,0.523397286,TRUE
768,1294169,768,2019_Grotenete,ws-42A,VR2W-127735,51.42251303,4.032860596,26/12/2020 03:17,26/12/2020 03:21,3,39339,21492.78616,0.546348,126265.3713,125923.9588,TRUE,149520.9065,26,26/12/2020 16:47,23596.94775,48577,0.485763793,TRUE
769,1294169,769,2019_Grotenete,ws-2C,VR2W-122329,51.4169613,3.7188079,26/12/2020 16:47,26/12/2020 16:47,1,48358,25088.22343,0.518802,151353.5947,149520.9065,NA,NA,NA,NA,NA,NA,NA,TRUE
770,1294170,770,2019_Grotenete,rel_grotenete1,none,51.144779,5.003906,16/12/2020 12:30,16/12/2020 12:30,1,NA,NA,NA,0,0,TRUE,7635.421578,4,24/12/2020 00:35,7635.421578,648311,0.011777406,TRUE
771,1294170,771,2019_Grotenete,gn-14,VR2W-122358,51.138267,4.996319,17/12/2020 06:17,17/12/2020 06:21,3,64028,1048.509145,0.016376,1048.509145,1048.509145,TRUE,7635.421578,4,24/12/2020 00:35,6586.912433,584283,0.011273497,TRUE
772,1294170,772,2019_Grotenete,gn-13,VR2W-124066,51.119771,4.990306,17/12/2020 07:24,17/12/2020 07:27,3,3782,2389.94432,0.631926,3438.453465,3438.453465,FALSE,7635.421578,4,24/12/2020 00:35,4196.968113,580252,0.007233009,TRUE
773,1294170,773,2019_Grotenete,gn-11,VR2W-127720,51.09592,4.957142,24/12/2020 00:35,24/12/2020 00:36,2,580079,4338.377744,0.007479,7776.831209,7635.421578,TRUE,16419.08729,7,24/12/2020 03:36,8783.66571,10892,0.806432768,TRUE
774,1294170,774,2019_Grotenete,gn-10,VR2W-122324,51.091558,4.945793,24/12/2020 00:59,24/12/2020 01:01,2,1382,1107.062052,0.801058,8883.893261,8742.48363,TRUE,16419.08729,7,24/12/2020 03:36,7676.603658,9421,0.814839577,TRUE
775,1294170,775,2019_Grotenete,gn-9,VR2W-127109,51.081153,4.913762,24/12/2020 01:50,24/12/2020 01:53,3,2956,2855.524863,0.96601,11739.41812,11598.00849,TRUE,16419.08729,7,24/12/2020 03:36,4821.078795,6361,0.757912089,TRUE
776,1294170,776,2019_Grotenete,gn-8,VR2W-122348,51.070653,4.851284,24/12/2020 03:36,24/12/2020 03:36,1,6183,4879.655927,0.789205,16619.07405,16419.08729,TRUE,21357.31227,8,24/12/2020 05:02,4938.224984,5174,0.954430805,TRUE
777,1294170,777,2019_Grotenete,gn-7,VR2W-122340,51.061848,4.787587,24/12/2020 05:02,24/12/2020 05:07,4,5174,4938.224983,0.954431,21557.29903,21357.31227,TRUE,31338.23349,10,24/12/2020 17:31,9980.921215,44903,0.22227738,TRUE
778,1294170,778,2019_Grotenete,gn-6,VR2W-122333,51.078636,4.757592,24/12/2020 06:12,24/12/2020 06:17,6,3891,3296.955011,0.847328,24854.25405,24654.26728,TRUE,31338.23349,10,24/12/2020 17:31,6683.966204,40739,0.164067999,TRUE
779,1294170,779,2019_Grotenete,gn-5,VR2W-122332,51.125942,4.718199,24/12/2020 17:31,24/12/2020 17:32,2,40459,6683.966204,0.165203,31538.22025,31338.23349,TRUE,35783.62643,11,24/12/2020 19:15,4445.392939,6269,0.709107184,TRUE
780,1294170,780,2019_Grotenete,gn-4,VR2W-122353,51.135075,4.664932,24/12/2020 19:15,24/12/2020 19:19,3,6195,4503.97007,0.727033,36042.19032,35783.62643,TRUE,39887.6149,12,24/12/2020 20:45,4103.98847,5404,0.75943532,TRUE
781,1294170,781,2019_Grotenete,gn-3,VR2W-122365,51.130352,4.617316,24/12/2020 20:45,24/12/2020 20:49,4,5198,4186.83712,0.805471,40229.02744,39887.6149,TRUE,46288.62457,14,25/12/2020 02:24,6401.009672,20293,0.315429442,TRUE
782,1294170,782,2019_Grotenete,gn-2,VR2W-127721,51.135829,4.5937,24/12/2020 22:38,25/12/2020 00:45,78,6529,2138.410314,0.327525,42367.43775,42026.02521,TRUE,46288.62457,14,25/12/2020 02:24,4262.599357,13540,0.314815314,TRUE
783,1294170,783,2019_Grotenete,bn-2,VR2W-124078,51.117416,4.549158,25/12/2020 02:24,25/12/2020 02:29,6,5902,4262.599357,0.72223,46630.03711,46288.62457,TRUE,50582.61415,15,25/12/2020 03:32,4293.989585,4118,1.042736665,TRUE
784,1294170,784,2019_Grotenete,bn-1,VR2W-122351,51.093001,4.506837,25/12/2020 03:32,25/12/2020 03:47,9,3797,4293.989585,1.13089,50924.0267,50582.61415,TRUE,55176.55966,16,25/12/2020 04:48,4593.945504,4560,1.007444189,TRUE
785,1294170,785,2019_Grotenete,bn-Walem,VR2W-122339,51.07183,4.45474,25/12/2020 04:48,25/12/2020 04:57,8,3680,4593.945504,1.248355,55517.9722,55176.55966,TRUE,62601.73428,17,25/12/2020 15:37,7425.174625,38897,0.190893247,TRUE
786,1294170,786,2019_Grotenete,ru-1,VR2W-122328,51.082273,4.366215,25/12/2020 15:37,25/12/2020 15:49,11,38373,7425.174625,0.1935,62943.14682,62601.73428,TRUE,72606.86242,18,26/12/2020 01:52,10005.12814,36942,0.270833418,TRUE
787,1294170,787,2019_Grotenete,s-8a,VR2W-127719,51.14222,4.32646,26/12/2020 01:52,26/12/2020 01:58,6,36171,10005.12814,0.276606,72948.27496,72606.86242,TRUE,78314.02374,19,26/12/2020 03:20,5707.161319,5283,1.080287965,TRUE
788,1294170,788,2019_Grotenete,s-9,VR2W-122319,51.19069,4.32954,26/12/2020 03:20,26/12/2020 03:29,7,4926,5707.161319,1.158579,78655.43628,78314.02374,TRUE,86022.17104,20,26/12/2020 04:59,7708.147308,5937,1.298323616,TRUE
789,1294170,789,2019_Grotenete,s-10a,VR2W-127716,51.235423,4.396673,26/12/2020 04:59,26/12/2020 05:13,8,5442,7708.147308,1.416418,86363.58359,86022.17104,TRUE,100575.5524,21,26/12/2020 16:18,14553.38139,40732,0.357296018,TRUE
790,1294170,790,2019_Grotenete,s-12,VR2W-127732,51.30305,4.28731,26/12/2020 16:18,26/12/2020 16:24,3,39893,14553.38139,0.36481,100916.965,100575.5524,FALSE,126233.9488,30,28/12/2020 14:33,25658.39634,166519,0.154086899,TRUE
791,1294170,791,2019_Grotenete,s-12,VR2W-127732,51.30305,4.28731,27/12/2020 00:39,27/12/2020 02:10,6,NA,NA,NA,100916.965,100575.5524,TRUE,126233.9488,30,28/12/2020 14:33,25658.39634,136488,0.187990126,TRUE
792,1294170,792,2019_Grotenete,s-STD3,VR2W-134898,51.330504,4.270161,27/12/2020 02:58,27/12/2020 02:58,1,2867,3855.62017,1.344827,104772.5851,104431.1726,FALSE,NA,NA,NA,NA,NA,NA,TRUE
793,1294170,793,2019_Grotenete,s-12,VR2W-127732,51.30305,4.28731,27/12/2020 10:36,27/12/2020 10:36,1,27513,3855.62017,0.140138,108628.2053,100575.5524,FALSE,NA,NA,NA,NA,NA,NA,TRUE
794,1294170,794,2019_Grotenete,s-10a,VR2W-127716,51.235423,4.396673,27/12/2020 14:00,27/12/2020 14:56,35,12217,14553.38139,1.19124,123181.5867,86022.17104,TRUE,100575.5524,26,27/12/2020 19:48,14553.38139,20862,0.697602406,TRUE
795,1294170,795,2019_Grotenete,s-12,VR2W-127732,51.30305,4.28731,27/12/2020 19:48,27/12/2020 19:54,4,17490,14553.38139,0.832097,137734.9681,100575.5524,FALSE,126233.9488,30,28/12/2020 14:33,25658.39634,67546,0.379865519,TRUE
796,1294170,796,2019_Grotenete,s-12,VR2W-127732,51.30305,4.28731,28/12/2020 00:57,28/12/2020 01:15,10,NA,NA,NA,137734.9681,100575.5524,FALSE,126233.9488,30,28/12/2020 14:33,25658.39634,48965,0.524015038,TRUE
797,1294170,797,2019_Grotenete,s-12,VR2W-127732,51.30305,4.28731,28/12/2020 02:49,28/12/2020 02:56,6,NA,NA,NA,137734.9681,100575.5524,TRUE,126233.9488,30,28/12/2020 14:33,25658.39634,42286,0.6067823,TRUE
798,1294170,798,2019_Grotenete,s-STD3,VR2W-134898,51.330504,4.270161,28/12/2020 03:32,28/12/2020 03:35,3,2159,3855.62017,1.785836,141590.5883,104431.1726,TRUE,126233.9488,30,28/12/2020 14:33,21802.77617,39660,0.549742213,TRUE
799,1294170,799,2019_Grotenete,ws-F53,VR2W-127722,51.41672,4.02487,28/12/2020 14:33,28/12/2020 14:44,5,39491,21802.77617,0.552095,163393.3644,126233.9488,TRUE,143052.7512,31,28/12/2020 18:47,16818.80242,15221,1.104973551,TRUE
800,1294170,800,2019_Grotenete,ws-18,VR2W-115447,51.3482621,3.8147323,28/12/2020 18:47,28/12/2020 18:47,1,14576,17730.13756,1.216393,181123.502,143052.7512,TRUE,149520.9065,53,29/12/2020 02:21,6468.155315,27248,0.23738092,TRUE
801,1294170,801,2019_Grotenete,ws-25B,VR2W-122349,51.3465544,3.800172,28/12/2020 18:57,28/12/2020 19:06,4,581,1082.782459,1.863653,182206.2845,144135.5337,FALSE,149520.9065,53,29/12/2020 02:21,5385.372856,26667,0.201948958,TRUE
802,1294170,802,2019_Grotenete,ws-16,VR2W-122346,51.3544901,3.795027,28/12/2020 19:07,28/12/2020 19:28,13,95,1065.678101,11.217664,183271.9626,144162.6883,FALSE,149520.9065,53,29/12/2020 02:21,5358.218252,26043,0.205745047,TRUE
803,1294170,803,2019_Grotenete,ws-14,VR2W-115443,51.3601518,3.7798113,28/12/2020 19:29,28/12/2020 19:29,1,58,1348.473138,23.249537,184620.4357,145014.0695,FALSE,NA,NA,NA,NA,NA,NA,TRUE
804,1294170,804,2019_Grotenete,ws-16,VR2W-122346,51.3544901,3.795027,28/12/2020 19:29,28/12/2020 19:29,1,16,1348.473138,84.279571,185968.9088,144162.6883,FALSE,149520.9065,53,29/12/2020 02:21,5358.218252,24713,0.216817798,TRUE
805,1294170,805,2019_Grotenete,ws-14,VR2W-115443,51.3601518,3.7798113,28/12/2020 19:30,28/12/2020 19:45,12,43,1348.473138,31.35984,187317.382,145014.0695,FALSE,149520.9065,53,29/12/2020 02:21,4506.837007,24670,0.182684921,TRUE
806,1294170,806,2019_Grotenete,ws-12A,VR2W-124071,51.3648799,3.765539,28/12/2020 19:47,28/12/2020 19:47,1,93,1207.055433,12.979091,188524.4374,145806.8817,FALSE,NA,NA,NA,NA,NA,NA,TRUE
807,1294170,807,2019_Grotenete,ws-14,VR2W-115443,51.3601518,3.7798113,28/12/2020 19:47,28/12/2020 19:49,2,12,1207.055433,100.587953,189731.4928,145014.0695,FALSE,149520.9065,53,29/12/2020 02:21,4506.837007,23665,0.190443144,TRUE
808,1294170,808,2019_Grotenete,ws-12A,VR2W-124071,51.3648799,3.765539,28/12/2020 19:50,28/12/2020 19:50,1,91,1207.055433,13.264345,190938.5483,145806.8817,FALSE,NA,NA,NA,NA,NA,NA,TRUE
809,1294170,809,2019_Grotenete,ws-14,VR2W-115443,51.3601518,3.7798113,28/12/2020 19:50,28/12/2020 19:50,1,12,1207.055433,100.587953,192145.6037,145014.0695,FALSE,149520.9065,53,29/12/2020 02:21,4506.837007,23458,0.192123668,TRUE
810,1294170,810,2019_Grotenete,ws-12A,VR2W-124071,51.3648799,3.765539,28/12/2020 19:53,28/12/2020 19:58,5,185,1207.055433,6.524624,193352.6591,145806.8817,FALSE,NA,NA,NA,NA,NA,NA,TRUE
811,1294170,811,2019_Grotenete,ws-14,VR2W-115443,51.3601518,3.7798113,28/12/2020 19:58,28/12/2020 19:58,1,12,1207.055433,100.587953,194559.7146,145014.0695,FALSE,149520.9065,53,29/12/2020 02:21,4506.837007,22964,0.196256619,TRUE
812,1294170,812,2019_Grotenete,ws-12A,VR2W-124071,51.3648799,3.765539,28/12/2020 19:59,28/12/2020 20:30,15,51,1207.055433,23.667754,195766.77,145806.8817,FALSE,167731.0966,54,29/12/2020 06:19,21924.21488,37198,0.589392303,TRUE
813,1294170,813,2019_Grotenete,ws-12,VR2W-127736,51.37033,3.7511,28/12/2020 20:36,28/12/2020 20:36,1,322,1248.479757,3.877266,197015.2498,146558.2696,FALSE,NA,NA,NA,NA,NA,NA,TRUE
814,1294170,814,2019_Grotenete,ws-12A,VR2W-124071,51.3648799,3.765539,28/12/2020 20:37,28/12/2020 20:37,1,46,1248.479757,27.140864,198263.7295,145806.8817,FALSE,167731.0966,54,29/12/2020 06:19,21924.21488,34962,0.627086977,TRUE
815,1294170,815,2019_Grotenete,ws-12,VR2W-127736,51.37033,3.7511,28/12/2020 20:39,28/12/2020 20:40,2,142,1248.479757,8.792111,199512.2093,146558.2696,FALSE,NA,NA,NA,NA,NA,NA,TRUE
816,1294170,816,2019_Grotenete,ws-12A,VR2W-124071,51.3648799,3.765539,28/12/2020 20:41,28/12/2020 20:41,1,48,1248.479757,26.009995,200760.689,145806.8817,FALSE,167731.0966,54,29/12/2020 06:19,21924.21488,34695,0.631912808,TRUE
817,1294170,817,2019_Grotenete,ws-12,VR2W-127736,51.37033,3.7511,28/12/2020 20:42,28/12/2020 20:42,1,50,1248.479757,24.969595,202009.1688,146558.2696,FALSE,NA,NA,NA,NA,NA,NA,TRUE
818,1294170,818,2019_Grotenete,ws-12A,VR2W-124071,51.3648799,3.765539,28/12/2020 20:42,28/12/2020 20:42,1,29,1248.479757,43.051026,203257.6485,145806.8817,FALSE,167731.0966,54,29/12/2020 06:19,21924.21488,34616,0.633354948,TRUE
819,1294170,819,2019_Grotenete,ws-12,VR2W-127736,51.37033,3.7511,28/12/2020 20:43,28/12/2020 21:11,20,63,1248.479757,19.817139,204506.1283,146558.2696,FALSE,NA,NA,NA,NA,NA,NA,TRUE
820,1294170,820,2019_Grotenete,ws-12A,VR2W-124071,51.3648799,3.765539,28/12/2020 21:12,28/12/2020 21:12,1,52,1248.479757,24.009226,205754.6081,145806.8817,FALSE,167731.0966,54,29/12/2020 06:19,21924.21488,32832,0.667769703,TRUE
821,1294170,821,2019_Grotenete,ws-12,VR2W-127736,51.37033,3.7511,28/12/2020 21:13,28/12/2020 22:08,35,48,1248.479757,26.009995,207003.0878,146558.2696,TRUE,167731.0966,54,29/12/2020 06:19,21172.82701,32784,0.645828057,TRUE
822,1294170,822,2019_Grotenete,ws-2C,VR2W-122329,51.4169613,3.7188079,29/12/2020 02:21,29/12/2020 02:21,1,15210,6152.649445,0.404513,213155.7373,149520.9065,TRUE,167731.0966,54,29/12/2020 06:19,18210.19006,14285,1.274777043,TRUE
823,1294170,823,2019_Grotenete,ws-TRAWL,VR2W-131002,51.437785,3.470347,29/12/2020 06:19,29/12/2020 06:34,10,14285,18210.19006,1.274777,231365.9273,167731.0966,NA,NA,NA,NA,NA,NA,NA,TRUE
824,1294171,824,2019_Grotenete,rel_grotenete2,none,51.139997,4.997392,14/10/2020 10:30,14/10/2020 10:30,1,NA,NA,NA,0,807.089983,FALSE,7635.421578,6,29/10/2020 00:16,6828.331595,1259165,0.005422905,FALSE
825,1294171,825,2019_Grotenete,gn-14,VR2W-122358,51.138267,4.996319,25/10/2020 00:18,25/10/2020 01:41,42,913698,241.419161,0.000264,241.419161,1048.509145,TRUE,7635.421578,6,29/10/2020 00:16,6586.912433,345467,0.019066691,TRUE
826,1294171,826,2019_Grotenete,gn-13,VR2W-124066,51.119771,4.990306,28/10/2020 03:27,28/10/2020 04:37,23,265578,2389.94432,0.008999,2631.363481,3438.453465,FALSE,7635.421578,6,29/10/2020 00:16,4196.968113,74911,0.056026059,TRUE
827,1294171,827,2019_Grotenete,gn-13,VR2W-124066,51.119771,4.990306,28/10/2020 06:33,28/10/2020 18:16,360,NA,NA,NA,2631.363481,3438.453465,FALSE,7635.421578,6,29/10/2020 00:16,4196.968113,63761,0.065823436,TRUE
828,1294171,828,2019_Grotenete,gn-13,VR2W-124066,51.119771,4.990306,28/10/2020 20:15,28/10/2020 20:16,2,NA,NA,NA,2631.363481,3438.453465,TRUE,7635.421578,6,29/10/2020 00:16,4196.968113,14439,0.290668891,TRUE
829,1294171,829,2019_Grotenete,gn-11,VR2W-127720,51.09592,4.957142,29/10/2020 00:16,29/10/2020 00:20,5,14367,4338.377744,0.301968,6969.741225,7635.421578,TRUE,16419.08729,9,29/10/2020 03:24,8783.66571,11282,0.778555727,TRUE
830,1294171,830,2019_Grotenete,gn-10,VR2W-122324,51.091558,4.945793,29/10/2020 00:43,29/10/2020 00:46,3,1405,1107.062052,0.787945,8076.803277,8742.48363,TRUE,16419.08729,9,29/10/2020 03:24,7676.603658,9623,0.797734974,TRUE
831,1294171,831,2019_Grotenete,gn-9,VR2W-127109,51.081153,4.913762,29/10/2020 01:44,29/10/2020 01:45,2,3456,2855.524863,0.826251,10932.32814,11598.00849,TRUE,16419.08729,9,29/10/2020 03:24,4821.078795,5976,0.806740093,TRUE
832,1294171,832,2019_Grotenete,gn-8,VR2W-122348,51.070653,4.851284,29/10/2020 03:24,29/10/2020 03:25,2,5911,4879.655927,0.825521,15811.98407,16419.08729,TRUE,21357.31227,10,30/10/2020 02:34,4938.224984,83420,0.059197135,TRUE
833,1294171,833,2019_Grotenete,gn-7,VR2W-122340,51.061848,4.787587,30/10/2020 02:34,30/10/2020 02:44,9,83328,4938.224983,0.059262,20750.20905,21357.31227,FALSE,31338.23349,16,16/11/2020 01:56,9980.921215,1466519,0.006805859,TRUE
834,1294171,834,2019_Grotenete,gn-7,VR2W-122340,51.061848,4.787587,31/10/2020 01:13,31/10/2020 01:29,3,NA,NA,NA,20750.20905,21357.31227,FALSE,31338.23349,16,16/11/2020 01:56,9980.921215,1384948,0.007206712,TRUE
835,1294171,835,2019_Grotenete,gn-6,VR2W-122333,51.078636,4.757592,03/11/2020 03:18,03/11/2020 06:44,16,265734,3296.955011,0.012407,24047.16406,24654.26728,FALSE,31338.23349,16,16/11/2020 01:56,6683.966204,1118261,0.005977107,TRUE
836,1294171,836,2019_Grotenete,gn-6,VR2W-122333,51.078636,4.757592,03/11/2020 20:27,03/11/2020 20:27,1,NA,NA,NA,24047.16406,24654.26728,FALSE,31338.23349,16,16/11/2020 01:56,6683.966204,1056557,0.006326177,TRUE
837,1294171,837,2019_Grotenete,gn-6,VR2W-122333,51.078636,4.757592,12/11/2020 19:11,12/11/2020 19:32,2,NA,NA,NA,24047.16406,24654.26728,FALSE,31338.23349,16,16/11/2020 01:56,6683.966204,283520,0.023574937,TRUE
838,1294171,838,2019_Grotenete,gn-6,VR2W-122333,51.078636,4.757592,15/11/2020 22:25,15/11/2020 22:26,2,NA,NA,NA,24047.16406,24654.26728,TRUE,31338.23349,16,16/11/2020 01:56,6683.966204,12649,0.528418547,TRUE
839,1294171,839,2019_Grotenete,gn-5,VR2W-122332,51.125942,4.718199,16/11/2020 01:56,16/11/2020 01:59,3,12588,6683.966204,0.530979,30731.13027,31338.23349,TRUE,35783.62643,17,16/11/2020 21:03,4445.392939,68834,0.064581354,TRUE
840,1294171,840,2019_Grotenete,gn-4,VR2W-122353,51.135075,4.664932,16/11/2020 21:03,16/11/2020 21:10,7,68659,4503.97007,0.065599,35235.10034,35783.62643,TRUE,39887.6149,18,16/11/2020 22:50,4103.98847,6434,0.637859569,TRUE
841,1294171,841,2019_Grotenete,gn-3,VR2W-122365,51.130352,4.617316,16/11/2020 22:50,16/11/2020 22:54,4,6009,4186.83712,0.696761,39421.93746,39887.6149,TRUE,46288.62457,20,17/11/2020 01:25,6401.009672,9277,0.689987029,TRUE
842,1294171,842,2019_Grotenete,gn-2,VR2W-127721,51.135829,4.5937,16/11/2020 23:49,17/11/2020 00:10,14,3318,2138.410314,0.644488,41560.34777,42026.02521,TRUE,46288.62457,20,17/11/2020 01:25,4262.599357,5740,0.742613128,TRUE
843,1294171,843,2019_Grotenete,bn-2,VR2W-124078,51.117416,4.549158,17/11/2020 01:25,17/11/2020 01:34,9,4506,4262.599357,0.945983,45822.94713,46288.62457,TRUE,50582.61415,21,17/11/2020 08:03,4293.989585,23887,0.179762615,TRUE
844,1294171,844,2019_Grotenete,bn-1,VR2W-122351,51.093001,4.506837,17/11/2020 08:03,17/11/2020 08:16,11,23357,4293.989585,0.183842,50116.93671,50582.61415,TRUE,55176.55966,22,17/11/2020 09:43,4593.945504,6017,0.76349435,TRUE
845,1294171,845,2019_Grotenete,bn-Walem,VR2W-122339,51.07183,4.45474,17/11/2020 09:43,17/11/2020 09:49,5,5236,4593.945504,0.877377,54710.88222,55176.55966,TRUE,62601.73428,23,17/11/2020 12:00,7425.174625,8217,0.90363571,TRUE
846,1294171,846,2019_Grotenete,ru-1,VR2W-122328,51.082273,4.366215,17/11/2020 12:00,17/11/2020 12:00,1,7867,7425.174625,0.943838,62136.05684,62601.73428,FALSE,72606.86242,26,17/11/2020 22:05,10005.12814,36304,0.275592996,TRUE
847,1294171,847,2019_Grotenete,ru-1,VR2W-122328,51.082273,4.366215,17/11/2020 18:53,17/11/2020 19:05,9,NA,NA,NA,62136.05684,62601.73428,TRUE,72606.86242,26,17/11/2020 22:05,10005.12814,11527,0.867973292,TRUE
848,1294171,848,2019_Grotenete,me-7-2b,VR2W-113524,51.1008,4.330483,17/11/2020 20:09,17/11/2020 20:14,4,3798,3445.459128,0.907177,65581.51597,66047.19341,TRUE,72606.86242,26,17/11/2020 22:05,6559.669007,7000,0.937095572,TRUE
849,1294171,849,2019_Grotenete,s-8a,VR2W-127719,51.14222,4.32646,17/11/2020 22:05,17/11/2020 22:09,3,6703,6559.669007,0.978617,72141.18498,72606.86242,TRUE,78314.02374,27,17/11/2020 23:45,5707.161319,5955,0.958381414,TRUE
850,1294171,850,2019_Grotenete,s-9,VR2W-122319,51.19069,4.32954,17/11/2020 23:45,18/11/2020 00:13,11,5740,5707.161319,0.994279,77848.34629,78314.02374,FALSE,86022.17104,29,18/11/2020 08:02,7708.147308,29815,0.258532528,TRUE
851,1294171,851,2019_Grotenete,s-9,VR2W-122319,51.19069,4.32954,18/11/2020 04:58,18/11/2020 05:57,37,NA,NA,NA,77848.34629,78314.02374,TRUE,86022.17104,29,18/11/2020 08:02,7708.147308,11021,0.699405436,TRUE
852,1294171,852,2019_Grotenete,s-10a,VR2W-127716,51.235423,4.396673,18/11/2020 08:02,18/11/2020 08:08,5,7472,7708.147308,1.031604,85556.4936,86022.17104,TRUE,100575.5524,30,18/11/2020 11:35,14553.38139,12821,1.135120614,TRUE
853,1294171,853,2019_Grotenete,s-12,VR2W-127732,51.30305,4.28731,18/11/2020 11:35,18/11/2020 11:43,4,12423,14553.38139,1.171487,100109.875,100575.5524,FALSE,144162.6883,33,20/11/2020 09:11,43587.13583,164137,0.265553384,TRUE
854,1294171,854,2019_Grotenete,s-12,VR2W-127732,51.30305,4.28731,18/11/2020 18:11,18/11/2020 18:13,2,NA,NA,NA,100109.875,100575.5524,TRUE,144162.6883,33,20/11/2020 09:11,43587.13583,140395,0.310460742,TRUE
855,1294171,855,2019_Grotenete,s-STD3,VR2W-134898,51.330504,4.270161,19/11/2020 06:36,19/11/2020 06:37,2,44598,3855.62017,0.086453,103965.4952,104431.1726,TRUE,144162.6883,33,20/11/2020 09:11,39731.51566,95703,0.415154338,TRUE
856,1294171,856,2019_Grotenete,ws-16,VR2W-122346,51.3544901,3.795027,20/11/2020 09:11,20/11/2020 09:11,1,95635,39731.51566,0.41545,143697.0108,144162.6883,TRUE,148402.4498,35,20/11/2020 10:18,4239.761492,4034,1.051006815,TRUE
857,1294171,857,2019_Grotenete,ws-A5,VR2W-120884,51.3584544,3.7454284,20/11/2020 09:39,20/11/2020 09:39,1,1671,3565.472253,2.133736,147262.4831,147396.7659,TRUE,167731.0966,38,20/11/2020 21:07,20334.33065,41270,0.492714578,TRUE
858,1294171,858,2019_Grotenete,ws-15A,VR2W-120886,51.3805457,3.717259,20/11/2020 10:18,20/11/2020 10:25,6,2363,3228.359933,1.366212,150490.843,148402.4498,TRUE,167731.0966,38,20/11/2020 21:07,19328.64682,38907,0.496790984,TRUE
859,1294171,859,2019_Grotenete,ws-PVTSS,VR2W-120873,51.4018055,3.7089134,20/11/2020 11:00,20/11/2020 11:00,1,2117,2648.532438,1.251078,153139.3754,149416.6533,FALSE,167731.0966,38,20/11/2020 21:07,18314.44329,36385,0.503351471,TRUE
860,1294171,860,2019_Grotenete,ws-13,VR2W-120876,51.4071859,3.7080883,20/11/2020 17:08,20/11/2020 17:43,20,22064,641.424985,0.029071,153780.8004,149765.1926,TRUE,167731.0966,38,20/11/2020 21:07,17965.90396,14321,1.254514626,TRUE
861,1294171,861,2019_Grotenete,ws-TRAWL,VR2W-131002,51.437785,3.470347,20/11/2020 21:07,20/11/2020 21:07,2,12199,17965.90396,1.472736,171746.7044,167731.0966,NA,NA,NA,NA,NA,NA,NA,TRUE
862,1294172,862,2019_Grotenete,rel_grotenete2,none,51.139997,4.997392,14/10/2020 10:30,15/10/2020 02:50,742,NA,NA,NA,0,807.089983,FALSE,NA,NA,NA,NA,NA,NA,FALSE
863,1294172,863,2019_Grotenete,gn-14,VR2W-122358,51.138267,4.996319,15/10/2020 16:50,15/10/2020 17:00,7,50405,241.419161,0.00479,241.419161,1048.509145,FALSE,NA,NA,NA,NA,NA,NA,FALSE
864,1294172,864,2019_Grotenete,gn-14,VR2W-122358,51.138267,4.996319,16/10/2020 23:17,21/10/2020 14:40,4748,NA,NA,NA,241.419161,1048.509145,FALSE,NA,NA,NA,NA,NA,NA,FALSE
865,1294172,865,2019_Grotenete,gn-14,VR2W-122358,51.138267,4.996319,21/10/2020 18:04,21/10/2020 18:07,3,NA,NA,NA,241.419161,1048.509145,FALSE,NA,NA,NA,NA,NA,NA,FALSE
866,1294172,866,2019_Grotenete,gn-14,VR2W-122358,51.138267,4.996319,28/10/2020 21:50,28/10/2020 21:56,6,NA,NA,NA,241.419161,1048.509145,FALSE,NA,NA,NA,NA,NA,NA,FALSE
867,1294172,867,2019_Grotenete,gn-14,VR2W-122358,51.138267,4.996319,29/10/2020 18:50,29/10/2020 18:54,4,NA,NA,NA,241.419161,1048.509145,NA,NA,NA,NA,NA,NA,NA,FALSE
868,1294189,868,2019_Grotenete,rel_grotenete1,none,51.144779,5.003906,16/12/2020 12:30,16/12/2020 12:30,1,NA,NA,NA,0,0,TRUE,7635.421578,4,23/12/2020 23:15,7635.421578,643521,0.01186507,TRUE
869,1294189,869,2019_Grotenete,gn-14,VR2W-122358,51.138267,4.996319,23/12/2020 19:54,23/12/2020 19:54,1,631493,1048.509145,0.00166,1048.509145,1048.509145,TRUE,7635.421578,4,23/12/2020 23:15,6586.912433,12028,0.547631562,TRUE
870,1294189,870,2019_Grotenete,gn-13,VR2W-124066,51.119771,4.990306,23/12/2020 21:02,23/12/2020 21:05,3,4052,2389.94432,0.589818,3438.453465,3438.453465,TRUE,7635.421578,4,23/12/2020 23:15,4196.968113,7976,0.526199613,TRUE
871,1294189,871,2019_Grotenete,gn-11,VR2W-127720,51.09592,4.957142,23/12/2020 23:15,23/12/2020 23:17,3,7820,4338.377744,0.55478,7776.831209,7635.421578,TRUE,16419.08729,7,24/12/2020 02:47,8783.66571,12714,0.690865637,TRUE
872,1294189,872,2019_Grotenete,gn-10,VR2W-122324,51.091558,4.945793,23/12/2020 23:45,23/12/2020 23:47,3,1663,1107.062052,0.665702,8883.893261,8742.48363,TRUE,16419.08729,7,24/12/2020 02:47,7676.603658,10927,0.70253534,TRUE
873,1294189,873,2019_Grotenete,gn-9,VR2W-127109,51.081153,4.913762,24/12/2020 00:45,24/12/2020 00:47,3,3470,2855.524863,0.822918,11739.41812,11598.00849,TRUE,16419.08729,7,24/12/2020 02:47,4821.078795,7321,0.658527359,TRUE
874,1294189,874,2019_Grotenete,gn-8,VR2W-122348,51.070653,4.851284,24/12/2020 02:47,24/12/2020 02:50,3,7187,4879.655927,0.678956,16619.07405,16419.08729,FALSE,21357.31227,8,08/01/2021 19:48,4938.224984,1357269,0.003638354,TRUE
875,1294189,875,2019_Grotenete,gn-7,VR2W-122340,51.061848,4.787587,08/01/2021 19:48,08/01/2021 19:52,4,1357098,4938.224983,0.003639,21557.29903,21357.31227,TRUE,31338.23349,11,12/01/2021 21:01,9980.921215,350012,0.02851594,TRUE
876,1294189,876,2019_Grotenete,gn-6,VR2W-122333,51.078636,4.757592,09/01/2021 19:23,09/01/2021 19:38,2,84691,3296.955011,0.038929,24854.25405,24654.26728,FALSE,31338.23349,11,12/01/2021 21:01,6683.966204,265082,0.025214712,TRUE
877,1294189,877,2019_Grotenete,gn-6,VR2W-122333,51.078636,4.757592,09/01/2021 21:51,10/01/2021 19:56,971,NA,NA,NA,24854.25405,24654.26728,TRUE,31338.23349,11,12/01/2021 21:01,6683.966204,256224,0.026086417,TRUE
878,1294189,878,2019_Grotenete,gn-5,VR2W-122332,51.125942,4.718199,12/01/2021 21:01,12/01/2021 21:07,5,176753,6683.966204,0.037815,31538.22025,31338.23349,TRUE,35783.62643,12,12/01/2021 23:25,4445.392939,8620,0.515706837,TRUE
879,1294189,879,2019_Grotenete,gn-4,VR2W-122353,51.135075,4.664932,12/01/2021 23:25,12/01/2021 23:33,7,8281,4503.97007,0.543892,36042.19032,35783.62643,TRUE,39887.6149,13,13/01/2021 01:44,4103.98847,8318,0.493386447,TRUE
880,1294189,880,2019_Grotenete,gn-3,VR2W-122365,51.130352,4.617316,13/01/2021 01:44,13/01/2021 01:54,9,7816,4186.83712,0.535675,40229.02744,39887.6149,FALSE,46288.62457,17,13/01/2021 21:15,6401.009672,70267,0.091095531,TRUE
881,1294189,881,2019_Grotenete,gn-3,VR2W-122365,51.130352,4.617316,13/01/2021 16:36,13/01/2021 16:43,7,NA,NA,NA,40229.02744,39887.6149,FALSE,46288.62457,17,13/01/2021 21:15,6401.009672,16737,0.382446655,TRUE
882,1294189,882,2019_Grotenete,gn-3,VR2W-122365,51.130352,4.617316,13/01/2021 18:39,13/01/2021 18:47,7,NA,NA,NA,40229.02744,39887.6149,TRUE,46288.62457,17,13/01/2021 21:15,6401.009672,9343,0.685112884,TRUE
883,1294189,883,2019_Grotenete,gn-2,VR2W-127721,51.135829,4.5937,13/01/2021 19:51,13/01/2021 20:15,15,3827,2138.410314,0.558769,42367.43775,42026.02521,TRUE,46288.62457,17,13/01/2021 21:15,4262.599357,5015,0.849969962,TRUE
884,1294189,884,2019_Grotenete,bn-2,VR2W-124078,51.117416,4.549158,13/01/2021 21:15,13/01/2021 21:19,4,3571,4262.599357,1.193671,46630.03711,46288.62457,TRUE,50582.61415,18,13/01/2021 22:32,4293.989585,4651,0.923240074,TRUE
885,1294189,885,2019_Grotenete,bn-1,VR2W-122351,51.093001,4.506837,13/01/2021 22:32,13/01/2021 22:40,8,4416,4293.989585,0.972371,50924.0267,50582.61415,FALSE,55176.55966,23,14/01/2021 22:02,4593.945504,84593,0.05430645,TRUE
886,1294189,886,2019_Grotenete,bn-1,VR2W-122351,51.093001,4.506837,14/01/2021 02:11,14/01/2021 02:50,25,NA,NA,NA,50924.0267,50582.61415,FALSE,NA,NA,NA,NA,NA,NA,TRUE
887,1294189,887,2019_Grotenete,bn-2,VR2W-124078,51.117416,4.549158,14/01/2021 04:17,14/01/2021 04:21,3,5248,4293.989585,0.818214,55218.01628,46288.62457,FALSE,50582.61415,22,14/01/2021 19:37,4293.989585,55166,0.07783761,TRUE
888,1294189,888,2019_Grotenete,bn-2,VR2W-124078,51.117416,4.549158,14/01/2021 07:40,14/01/2021 18:03,472,NA,NA,NA,55218.01628,46288.62457,TRUE,50582.61415,22,14/01/2021 19:37,4293.989585,42977,0.099913665,TRUE
889,1294189,889,2019_Grotenete,bn-1,VR2W-122351,51.093001,4.506837,14/01/2021 19:37,14/01/2021 20:18,20,5621,4293.989585,0.763919,59512.00587,50582.61415,TRUE,55176.55966,23,14/01/2021 22:02,4593.945504,8744,0.525382606,TRUE
890,1294189,890,2019_Grotenete,bn-Walem,VR2W-122339,51.07183,4.45474,14/01/2021 22:02,14/01/2021 22:17,12,6260,4593.945504,0.733857,64105.95137,55176.55966,TRUE,62601.73428,24,15/01/2021 21:07,7425.174625,83068,0.089386703,TRUE
891,1294189,891,2019_Grotenete,ru-1,VR2W-122328,51.082273,4.366215,15/01/2021 21:07,15/01/2021 21:38,16,82210,7425.174625,0.09032,71531.12599,62601.73428,TRUE,72606.86242,25,24/01/2021 01:56,10005.12814,708531,0.014120946,TRUE
892,1294189,892,2019_Grotenete,s-8a,VR2W-127719,51.14222,4.32646,24/01/2021 01:56,24/01/2021 02:14,11,706645,10005.12814,0.014159,81536.25413,72606.86242,TRUE,78314.02374,26,25/01/2021 02:58,5707.161319,90138,0.063315819,TRUE
893,1294189,893,2019_Grotenete,s-9,VR2W-122319,51.19069,4.32954,25/01/2021 02:58,25/01/2021 03:09,6,89054,5707.161319,0.064087,87243.41545,78314.02374,TRUE,86022.17104,27,26/01/2021 04:22,7708.147308,91460,0.08427889,TRUE
894,1294189,894,2019_Grotenete,s-10a,VR2W-127716,51.235423,4.396673,26/01/2021 04:22,26/01/2021 04:33,12,90791,7708.147308,0.0849,94951.56276,86022.17104,TRUE,104431.1726,28,06/02/2021 12:48,18409.00156,980742,0.018770484,TRUE
895,1294189,895,2019_Grotenete,s-STD3,VR2W-134898,51.330504,4.270161,06/02/2021 12:48,06/02/2021 13:26,26,980110,18409.00156,0.018783,113360.5643,104431.1726,TRUE,125923.9588,29,13/02/2021 09:11,21492.78616,591811,0.036316976,TRUE
896,1294189,896,2019_Grotenete,ws-42A,VR2W-127735,51.42251303,4.032860596,13/02/2021 09:11,13/02/2021 09:40,20,589532,21492.78616,0.036457,134853.3505,125923.9588,TRUE,149520.9065,31,25/02/2021 17:09,23596.94775,1065472,0.022146943,TRUE
897,1294189,897,2019_Grotenete,ws-HW6,VR2W-127725,51.43484,4.02702,13/02/2021 09:41,13/02/2021 10:08,22,12,1507.100174,125.591681,136360.4506,126962.4419,TRUE,149520.9065,31,25/02/2021 17:09,22558.46463,1063721,0.021207125,TRUE
898,1294189,898,2019_Grotenete,ws-2C,VR2W-122329,51.4169613,3.7188079,25/02/2021 17:09,25/02/2021 17:15,6,1062084,25126.77274,0.023658,161487.2234,149520.9065,FALSE,NA,NA,NA,NA,NA,NA,TRUE
899,1294189,899,2019_Grotenete,ws-11,VR2W-120874,51.41163,3.70746,26/02/2021 00:13,26/02/2021 00:28,4,25084,1048.492995,0.041799,162535.7164,150072.3076,FALSE,NA,NA,NA,NA,NA,NA,TRUE
900,1294189,900,2019_Grotenete,ws-PVTSS,VR2W-120873,51.4018055,3.7089134,26/02/2021 03:01,26/02/2021 03:23,12,9172,1182.848514,0.128963,163718.5649,149416.6533,NA,NA,NA,NA,NA,NA,NA,FALSE
901,1294190,901,2019_Grotenete,rel_grotenete1,none,51.144779,5.003906,16/12/2020 12:30,16/12/2020 12:30,1,NA,NA,NA,0,0,FALSE,7635.421578,4,12/01/2021 19:03,7635.421578,2356419,0.003240265,FALSE
902,1294190,902,2019_Grotenete,gn-14,VR2W-122358,51.138267,4.996319,18/12/2020 21:54,18/12/2020 21:57,3,206644,1048.509145,0.005074,1048.509145,1048.509145,FALSE,7635.421578,4,12/01/2021 19:03,6586.912433,2149775,0.003064001,FALSE
903,1294190,903,2019_Grotenete,gn-13,VR2W-124066,51.119771,4.990306,18/12/2020 23:12,18/12/2020 23:17,5,4509,2389.94432,0.530039,3438.453465,3438.453465,FALSE,7635.421578,4,12/01/2021 19:03,4196.968113,2145060,0.001956574,FALSE
904,1294190,904,2019_Grotenete,gn-11,VR2W-127720,51.09592,4.957142,12/01/2021 19:03,12/01/2021 19:06,3,2144778,4338.377744,0.002023,7776.831209,7635.421578,TRUE,16419.08729,7,20/01/2021 17:06,8783.66571,684176,0.012838313,TRUE
905,1294190,905,2019_Grotenete,gn-10,VR2W-122324,51.091558,4.945793,12/01/2021 19:42,12/01/2021 19:44,2,2197,1107.062052,0.503897,8883.893261,8742.48363,TRUE,16419.08729,7,20/01/2021 17:06,7676.603658,681835,0.011258741,TRUE
906,1294190,906,2019_Grotenete,gn-9,VR2W-127109,51.081153,4.913762,12/01/2021 21:06,12/01/2021 21:07,2,4919,2855.524863,0.580509,11739.41812,11598.00849,FALSE,16419.08729,7,20/01/2021 17:06,4821.078795,676818,0.007123154,TRUE
907,1294190,907,2019_Grotenete,gn-8,VR2W-122348,51.070653,4.851284,20/01/2021 17:06,20/01/2021 17:07,2,676719,4879.655927,0.007211,16619.07405,16419.08729,TRUE,21357.31227,8,20/01/2021 20:55,4938.224984,13728,0.359719186,TRUE
908,1294190,908,2019_Grotenete,gn-7,VR2W-122340,51.061848,4.787587,20/01/2021 20:55,20/01/2021 20:56,2,13664,4938.224983,0.361404,21557.29903,21357.31227,TRUE,31338.23349,10,22/01/2021 02:10,9980.921215,105319,0.094768477,TRUE
909,1294190,909,2019_Grotenete,gn-6,VR2W-122333,51.078636,4.757592,21/01/2021 01:04,21/01/2021 01:08,4,14856,3296.955011,0.221928,24854.25405,24654.26728,TRUE,31338.23349,10,22/01/2021 02:10,6683.966204,90373,0.073959769,TRUE
910,1294190,910,2019_Grotenete,gn-5,VR2W-122332,51.125942,4.718199,22/01/2021 02:10,22/01/2021 02:13,3,90132,6683.966204,0.074158,31538.22025,31338.23349,TRUE,35783.62643,11,22/01/2021 04:56,4445.392939,9956,0.446503911,TRUE
911,1294190,911,2019_Grotenete,gn-4,VR2W-122353,51.135075,4.664932,22/01/2021 04:56,22/01/2021 05:01,5,9782,4503.97007,0.460434,36042.19032,35783.62643,TRUE,39887.6149,12,22/01/2021 18:06,4103.98847,47367,0.086642356,TRUE
912,1294190,912,2019_Grotenete,gn-3,VR2W-122365,51.130352,4.617316,22/01/2021 18:06,22/01/2021 18:11,5,47065,4186.83712,0.088959,40229.02744,39887.6149,TRUE,46288.62457,14,23/01/2021 01:34,6401.009672,26886,0.238079658,TRUE
913,1294190,913,2019_Grotenete,gn-2,VR2W-127721,51.135829,4.5937,22/01/2021 19:39,23/01/2021 00:15,169,5264,2138.410314,0.406233,42367.43775,42026.02521,TRUE,46288.62457,14,23/01/2021 01:34,4262.599357,21286,0.200253658,TRUE
914,1294190,914,2019_Grotenete,bn-2,VR2W-124078,51.117416,4.549158,23/01/2021 01:34,23/01/2021 01:53,17,4704,4262.599357,0.906165,46630.03711,46288.62457,TRUE,50582.61415,15,23/01/2021 03:26,4293.989585,6765,0.634736081,TRUE
915,1294190,915,2019_Grotenete,bn-1,VR2W-122351,51.093001,4.506837,23/01/2021 03:26,23/01/2021 03:44,14,5594,4293.989585,0.767606,50924.0267,50582.61415,TRUE,55176.55966,16,23/01/2021 17:53,4593.945504,51975,0.0883876,TRUE
916,1294190,916,2019_Grotenete,bn-Walem,VR2W-122339,51.07183,4.45474,23/01/2021 17:53,23/01/2021 18:03,8,50951,4593.945504,0.090164,55517.9722,55176.55966,FALSE,62601.73428,18,24/01/2021 03:42,7425.174625,35329,0.210172227,TRUE
917,1294190,917,2019_Grotenete,bn-Walem,VR2W-122339,51.07183,4.45474,23/01/2021 23:43,24/01/2021 00:40,27,NA,NA,NA,55517.9722,55176.55966,TRUE,62601.73428,18,24/01/2021 03:42,7425.174625,14307,0.51898893,TRUE
918,1294190,918,2019_Grotenete,ru-1,VR2W-122328,51.082273,4.366215,24/01/2021 03:42,24/01/2021 04:16,23,10894,7425.174625,0.681584,62943.14682,62601.73428,TRUE,78314.02374,19,24/01/2021 16:29,15712.28945,46076,0.341008105,TRUE
919,1294190,919,2019_Grotenete,s-9,VR2W-122319,51.19069,4.32954,24/01/2021 16:29,24/01/2021 17:00,12,43990,15712.28945,0.357179,78655.43628,78314.02374,TRUE,86022.17104,20,25/01/2021 03:40,7708.147308,40247,0.19152104,TRUE
920,1294190,920,2019_Grotenete,s-10a,VR2W-127716,51.235423,4.396673,25/01/2021 03:40,25/01/2021 04:15,9,38443,7708.147308,0.200508,86363.58359,86022.17104,TRUE,104431.1726,21,26/01/2021 05:36,18409.00156,93340,0.197225215,TRUE
921,1294190,921,2019_Grotenete,s-STD3,VR2W-134898,51.330504,4.270161,26/01/2021 05:36,26/01/2021 05:52,5,91236,18409.00156,0.201773,104772.5851,104431.1726,TRUE,168963.8164,22,30/01/2021 04:10,64532.64383,340421,0.189567165,TRUE
922,1294190,922,2019_Grotenete,ws-DL7,VR2W-136469,51.471342,3.475013,30/01/2021 04:10,30/01/2021 04:11,4,339427,64532.64383,0.190122,169305.229,168963.8164,NA,NA,NA,NA,NA,NA,NA,TRUE
923,1294191,923,2019_Grotenete,rel_grotenete1,none,51.144779,5.003906,18/12/2020 10:35,18/12/2020 10:35,1,NA,NA,NA,0,0,TRUE,7635.421578,4,23/12/2020 20:09,7635.421578,466486,0.016367954,TRUE
924,1294191,924,2019_Grotenete,gn-14,VR2W-122358,51.138267,4.996319,23/12/2020 17:05,23/12/2020 17:09,4,455437,1048.509145,0.002302,1048.509145,1048.509145,TRUE,7635.421578,4,23/12/2020 20:09,6586.912433,11049,0.596154623,TRUE
925,1294191,925,2019_Grotenete,gn-13,VR2W-124066,51.119771,4.990306,23/12/2020 18:06,23/12/2020 18:08,2,3439,2389.94432,0.694953,3438.453465,3438.453465,TRUE,7635.421578,4,23/12/2020 20:09,4196.968113,7369,0.56954378,TRUE
926,1294191,926,2019_Grotenete,gn-11,VR2W-127720,51.09592,4.957142,23/12/2020 20:09,23/12/2020 20:12,3,7306,4338.377744,0.59381,7776.831209,7635.421578,TRUE,16419.08729,7,23/12/2020 23:32,8783.66571,12152,0.722816467,TRUE
927,1294191,927,2019_Grotenete,gn-10,VR2W-122324,51.091558,4.945793,23/12/2020 20:38,23/12/2020 20:41,3,1582,1107.062052,0.699786,8883.893261,8742.48363,TRUE,16419.08729,7,23/12/2020 23:32,7676.603658,10420,0.736718201,TRUE
928,1294191,928,2019_Grotenete,gn-9,VR2W-127109,51.081153,4.913762,23/12/2020 21:39,23/12/2020 21:40,2,3478,2855.524863,0.821025,11739.41812,11598.00849,TRUE,16419.08729,7,23/12/2020 23:32,4821.078795,6775,0.711598346,TRUE
929,1294191,929,2019_Grotenete,gn-8,VR2W-122348,51.070653,4.851284,23/12/2020 23:32,23/12/2020 23:33,2,6702,4879.655927,0.72809,16619.07405,16419.08729,TRUE,21357.31227,8,24/12/2020 01:25,4938.224984,6793,0.726957895,TRUE
930,1294191,930,2019_Grotenete,gn-7,VR2W-122340,51.061848,4.787587,24/12/2020 01:25,24/12/2020 01:39,11,6733,4938.224983,0.733436,21557.29903,21357.31227,FALSE,31338.23349,10,12/01/2021 23:57,9980.921215,1722706,0.005793746,TRUE
931,1294191,931,2019_Grotenete,gn-6,VR2W-122333,51.078636,4.757592,12/01/2021 20:34,12/01/2021 20:38,4,1709658,3296.955011,0.001928,24854.25405,24654.26728,TRUE,31338.23349,10,12/01/2021 23:57,6683.966204,12187,0.548450497,TRUE
932,1294191,932,2019_Grotenete,gn-5,VR2W-122332,51.125942,4.718199,12/01/2021 23:57,12/01/2021 23:59,3,11915,6683.966204,0.560971,31538.22025,31338.23349,TRUE,35783.62643,11,13/01/2021 01:59,4445.392939,7356,0.604322042,TRUE
933,1294191,933,2019_Grotenete,gn-4,VR2W-122353,51.135075,4.664932,13/01/2021 01:59,13/01/2021 02:06,6,7197,4503.97007,0.625812,36042.19032,35783.62643,TRUE,39887.6149,12,13/01/2021 19:49,4103.98847,64160,0.063964908,TRUE
934,1294191,934,2019_Grotenete,gn-3,VR2W-122365,51.130352,4.617316,13/01/2021 19:49,13/01/2021 19:55,7,63778,4186.83712,0.065647,40229.02744,39887.6149,TRUE,46288.62457,14,13/01/2021 22:07,6401.009672,8302,0.771020197,TRUE
935,1294191,935,2019_Grotenete,gn-2,VR2W-127721,51.135829,4.5937,13/01/2021 20:49,13/01/2021 21:09,12,3238,2138.410314,0.660411,42367.43775,42026.02521,TRUE,46288.62457,14,13/01/2021 22:07,4262.599357,4692,0.908482386,TRUE
936,1294191,936,2019_Grotenete,bn-2,VR2W-124078,51.117416,4.549158,13/01/2021 22:07,13/01/2021 22:11,4,3502,4262.599357,1.21719,46630.03711,46288.62457,TRUE,50582.61415,15,13/01/2021 23:16,4293.989585,4154,1.033699948,TRUE
937,1294191,937,2019_Grotenete,bn-1,VR2W-122351,51.093001,4.506837,13/01/2021 23:16,13/01/2021 23:24,6,3900,4293.989585,1.101023,50924.0267,50582.61415,FALSE,55176.55966,18,14/01/2021 06:44,4593.945504,26866,0.17099477,TRUE
938,1294191,938,2019_Grotenete,bn-1,VR2W-122351,51.093001,4.506837,14/01/2021 01:07,14/01/2021 01:30,5,NA,NA,NA,50924.0267,50582.61415,FALSE,55176.55966,18,14/01/2021 06:44,4593.945504,20208,0.227333012,TRUE
939,1294191,939,2019_Grotenete,bn-1,VR2W-122351,51.093001,4.506837,14/01/2021 05:02,14/01/2021 05:35,8,NA,NA,NA,50924.0267,50582.61415,TRUE,55176.55966,18,14/01/2021 06:44,4593.945504,6112,0.751627209,TRUE
940,1294191,940,2019_Grotenete,bn-Walem,VR2W-122339,51.07183,4.45474,14/01/2021 06:44,14/01/2021 06:54,9,4125,4593.945504,1.113684,55517.9722,55176.55966,TRUE,62601.73428,19,14/01/2021 08:40,7425.174625,6978,1.064083495,TRUE
941,1294191,941,2019_Grotenete,ru-1,VR2W-122328,51.082273,4.366215,14/01/2021 08:40,14/01/2021 08:46,5,6389,7425.174625,1.162181,62943.14682,62601.73428,TRUE,72606.86242,20,14/01/2021 16:05,10005.12814,26652,0.375398774,TRUE
942,1294191,942,2019_Grotenete,s-8a,VR2W-127719,51.14222,4.32646,14/01/2021 16:05,14/01/2021 16:06,2,26305,10005.12814,0.380351,72948.27496,72606.86242,FALSE,78314.02374,22,14/01/2021 18:31,5707.161319,8812,0.647657889,TRUE
943,1294191,943,2019_Grotenete,s-8a,VR2W-127719,51.14222,4.32646,14/01/2021 17:12,14/01/2021 17:14,2,NA,NA,NA,72948.27496,72606.86242,TRUE,78314.02374,22,14/01/2021 18:31,5707.161319,4761,1.198731636,TRUE
944,1294191,944,2019_Grotenete,s-9,VR2W-122319,51.19069,4.32954,14/01/2021 18:31,14/01/2021 18:33,2,4658,5707.161319,1.225239,78655.43628,78314.02374,TRUE,100575.5524,23,16/01/2021 19:02,22261.5287,174603,0.127497974,TRUE
945,1294191,945,2019_Grotenete,s-12,VR2W-127732,51.30305,4.28731,16/01/2021 19:02,16/01/2021 19:07,3,174531,22261.5287,0.127551,100916.965,100575.5524,TRUE,125923.9588,24,17/01/2021 08:49,25348.40633,49645,0.510593339,TRUE
946,1294191,946,2019_Grotenete,ws-42A,VR2W-127735,51.42251303,4.032860596,17/01/2021 08:49,17/01/2021 08:53,4,49315,25348.40633,0.51401,126265.3713,125923.9588,TRUE,144162.6883,25,17/01/2021 20:08,18238.7295,40765,0.447411493,TRUE
947,1294191,947,2019_Grotenete,ws-16,VR2W-122346,51.3544901,3.795027,17/01/2021 20:08,17/01/2021 20:10,2,40507,19730.00518,0.487076,145995.3765,144162.6883,NA,NA,NA,NA,NA,NA,NA,TRUE
948,1294191,948,2019_Grotenete,ws-12A,VR2W-124071,51.3648799,3.765539,17/01/2021 20:22,17/01/2021 20:22,1,718,2555.528571,3.559232,148550.9051,145806.8817,FALSE,NA,NA,NA,NA,NA,NA,TRUE
949,1294191,949,2019_Grotenete,ws-12,VR2W-127736,51.37033,3.7511,17/01/2021 20:33,17/01/2021 20:34,2,647,1248.479757,1.929644,149799.3848,146558.2696,NA,NA,NA,NA,NA,NA,NA,TRUE
950,1305784,950,2019_Grotenete,rel_grotenete1,none,51.144779,5.003906,10/10/2019 11:30,10/10/2019 11:30,1,NA,NA,NA,0,0,FALSE,7635.421578,4,28/11/2019 03:56,7635.421578,4206409,0.001815188,FALSE
951,1305784,951,2019_Grotenete,gn-14,VR2W-122358,51.138267,4.996319,28/11/2019 00:41,28/11/2019 00:43,3,4194704,1048.509145,0.00025,1048.509145,1048.509145,TRUE,7635.421578,4,28/11/2019 03:56,6586.912433,11705,0.56274348,TRUE
952,1305784,952,2019_Grotenete,gn-13,VR2W-124066,51.119771,4.990306,28/11/2019 01:45,28/11/2019 01:48,4,3695,2389.94432,0.646805,3438.453465,3438.453465,TRUE,7635.421578,4,28/11/2019 03:56,4196.968113,7902,0.531127324,TRUE
953,1305784,953,2019_Grotenete,gn-11,VR2W-127720,51.09592,4.957142,28/11/2019 03:56,28/11/2019 03:59,3,7691,4338.377744,0.564085,7776.831209,7635.421578,TRUE,21357.31227,7,29/11/2019 01:42,13721.89069,78363,0.175106756,TRUE
954,1305784,954,2019_Grotenete,gn-10,VR2W-122324,51.091558,4.945793,28/11/2019 04:21,28/11/2019 04:24,3,1331,1107.062052,0.831752,8883.893261,8742.48363,TRUE,21357.31227,7,29/11/2019 01:42,12614.82864,76886,0.164071855,TRUE
955,1305784,955,2019_Grotenete,gn-9,VR2W-127109,51.081153,4.913762,28/11/2019 22:34,28/11/2019 22:37,3,65430,2855.524863,0.043642,11739.41812,11598.00849,TRUE,21357.31227,7,29/11/2019 01:42,9759.303779,11299,0.863731638,TRUE
956,1305784,956,2019_Grotenete,gn-7,VR2W-122340,51.061848,4.787587,29/11/2019 01:42,29/11/2019 01:46,5,11150,9817.88091,0.880527,21557.29903,21357.31227,TRUE,31338.23349,9,29/11/2019 05:39,9980.921215,14191,0.703327547,TRUE
957,1305784,957,2019_Grotenete,gn-6,VR2W-122333,51.078636,4.757592,29/11/2019 02:59,29/11/2019 03:00,2,4377,3296.955011,0.753245,24854.25405,24654.26728,TRUE,31338.23349,9,29/11/2019 05:39,6683.966204,9571,0.698356097,TRUE
958,1305784,958,2019_Grotenete,gn-5,VR2W-122332,51.125942,4.718199,29/11/2019 05:39,29/11/2019 05:44,6,9510,6683.966204,0.702836,31538.22025,31338.23349,FALSE,35783.62643,11,29/11/2019 21:46,4445.392939,58024,0.076613004,TRUE
959,1305784,959,2019_Grotenete,gn-5,VR2W-122332,51.125942,4.718199,29/11/2019 19:38,29/11/2019 19:45,7,NA,NA,NA,31538.22025,31338.23349,TRUE,35783.62643,11,29/11/2019 21:46,4445.392939,7704,0.577024006,TRUE
960,1305784,960,2019_Grotenete,gn-4,VR2W-122353,51.135075,4.664932,29/11/2019 21:46,29/11/2019 21:51,6,7248,4503.97007,0.621409,36042.19032,35783.62643,TRUE,39887.6149,12,29/11/2019 23:19,4103.98847,5590,0.734166095,TRUE
961,1305784,961,2019_Grotenete,gn-3,VR2W-122365,51.130352,4.617316,29/11/2019 23:19,29/11/2019 23:24,6,5297,4186.83712,0.790417,40229.02744,39887.6149,TRUE,44215.90202,14,30/11/2019 00:53,4328.287125,5627,0.769199773,TRUE
962,1305784,962,2019_Grotenete,gn-2,VR2W-127721,51.135829,4.5937,30/11/2019 00:15,30/11/2019 00:33,14,3080,2138.410314,0.694289,42367.43775,42026.02521,TRUE,46288.62457,15,30/11/2019 01:27,4262.599357,4305,0.990150838,TRUE
963,1305784,963,2019_Grotenete,bn-3,VR2W-124063,51.126391,4.571903,30/11/2019 00:53,30/11/2019 00:57,4,1209,2189.87681,1.811312,44557.31456,44215.90202,TRUE,50582.61415,19,01/12/2019 01:11,6366.712132,87473,0.072784884,TRUE
964,1305784,964,2019_Grotenete,bn-2,VR2W-124078,51.117416,4.549158,30/11/2019 01:27,30/11/2019 01:32,5,1810,2072.722547,1.145151,46630.03711,46288.62457,FALSE,50582.61415,19,01/12/2019 01:11,4293.989585,85435,0.05026031,TRUE
965,1305784,965,2019_Grotenete,bn-2,VR2W-124078,51.117416,4.549158,30/11/2019 04:23,30/11/2019 04:32,9,NA,NA,NA,46630.03711,46288.62457,FALSE,NA,NA,NA,NA,NA,NA,TRUE
966,1305784,966,2019_Grotenete,bn-3,VR2W-124063,51.126391,4.571903,30/11/2019 23:31,30/11/2019 23:36,5,68304,2072.722547,0.030346,48702.75966,44215.90202,TRUE,50582.61415,19,01/12/2019 01:11,6366.712132,5998,1.061472513,TRUE
967,1305784,967,2019_Grotenete,bn-2,VR2W-124078,51.117416,4.549158,01/12/2019 00:05,01/12/2019 00:10,6,1767,2072.722547,1.173018,50775.4822,46288.62457,TRUE,50582.61415,19,01/12/2019 01:11,4293.989585,3946,1.088187933,TRUE
968,1305784,968,2019_Grotenete,bn-1,VR2W-122351,51.093001,4.506837,01/12/2019 01:11,01/12/2019 01:25,12,3625,4293.989585,1.184549,55069.47179,50582.61415,FALSE,55176.55966,21,01/12/2019 08:15,4593.945504,25466,0.180395253,TRUE
969,1305784,969,2019_Grotenete,bn-1,VR2W-122351,51.093001,4.506837,01/12/2019 03:37,01/12/2019 06:02,83,NA,NA,NA,55069.47179,50582.61415,TRUE,55176.55966,21,01/12/2019 08:15,4593.945504,16720,0.274757506,TRUE
970,1305784,970,2019_Grotenete,bn-Walem,VR2W-122339,51.07183,4.45474,01/12/2019 08:15,01/12/2019 08:26,13,7983,4593.945504,0.575466,59663.41729,55176.55966,TRUE,62601.73428,22,01/12/2019 10:32,7425.174625,8183,0.907390276,TRUE
971,1305784,971,2019_Grotenete,ru-1,VR2W-122328,51.082273,4.366215,01/12/2019 10:32,01/12/2019 10:49,17,7510,7425.174625,0.988705,67088.59192,62601.73428,TRUE,72906.86678,24,01/12/2019 19:52,10305.1325,33608,0.306627366,TRUE
972,1305784,972,2019_Grotenete,me-7-2b,VR2W-113524,51.1008,4.330483,01/12/2019 11:29,01/12/2019 11:51,13,2412,3445.459128,1.428466,70534.05105,66047.19341,TRUE,72906.86678,24,01/12/2019 19:52,6859.673374,30152,0.227503097,TRUE
973,1305784,973,2019_Grotenete,s-8,VR2W-112295,51.14319,4.33078,01/12/2019 19:52,01/12/2019 19:52,1,28871,6859.673374,0.237597,77393.72442,72906.86678,TRUE,78555.4429,25,01/12/2019 20:58,5648.576113,3988,1.416393208,TRUE
974,1305784,974,2019_Grotenete,s-9a,VR2W-127738,51.19068,4.33602,01/12/2019 20:58,01/12/2019 21:11,17,3988,5648.576113,1.416393,83042.30053,78555.4429,TRUE,86022.17104,26,01/12/2019 22:36,7466.728147,5872,1.271581769,TRUE
975,1305784,975,2019_Grotenete,s-10a,VR2W-127716,51.235423,4.396673,01/12/2019 22:36,01/12/2019 22:42,9,5110,7466.728147,1.461199,90509.02868,86022.17104,TRUE,100575.5524,27,02/12/2019 08:54,14553.38139,37062,0.392676634,TRUE
976,1305784,976,2019_Grotenete,s-12,VR2W-127732,51.30305,4.28731,02/12/2019 08:54,02/12/2019 08:57,3,36693,14553.38139,0.396626,105062.4101,100575.5524,TRUE,125171.1861,28,02/12/2019 22:53,24595.63363,50337,0.488619378,TRUE
977,1305784,977,2019_Grotenete,ws-55,VR2W-127734,51.40221,4.02998,02/12/2019 22:53,02/12/2019 22:59,5,50116,24595.63363,0.490774,129658.0437,125171.1861,FALSE,143052.7512,32,03/12/2019 12:17,17881.56513,48261,0.370517916,TRUE
978,1305784,978,2019_Grotenete,ws-53A,VR2W-127731,51.411167,4.029233,02/12/2019 23:02,02/12/2019 23:11,11,168,1041.430808,6.198993,130699.4745,125685.4227,FALSE,143052.7512,32,03/12/2019 12:17,17367.32851,47733,0.363843222,TRUE
979,1305784,979,2019_Grotenete,ws-42A,VR2W-127735,51.42251303,4.032860596,02/12/2019 23:12,02/12/2019 23:34,15,79,1424.267675,18.028705,132123.7422,125923.9588,TRUE,143052.7512,32,03/12/2019 12:17,17128.79243,47078,0.363838575,TRUE
980,1305784,980,2019_Grotenete,ws-HW6,VR2W-127725,51.43484,4.02702,02/12/2019 23:35,02/12/2019 23:46,5,104,1507.100174,14.491348,133630.8424,126962.4419,TRUE,143052.7512,32,03/12/2019 12:17,16090.30931,45707,0.352031621,TRUE
981,1305784,981,2019_Grotenete,ws-18,VR2W-115447,51.3482621,3.8147323,03/12/2019 12:17,03/12/2019 12:48,20,45041,18658.61743,0.414259,152289.4598,143052.7512,TRUE,147396.7659,37,03/12/2019 20:26,4344.014721,29337,0.148072902,TRUE
982,1305784,982,2019_Grotenete,ws-16,VR2W-122346,51.3544901,3.795027,03/12/2019 13:02,03/12/2019 13:03,2,868,1689.877606,1.946864,153979.3374,144162.6883,FALSE,148375.2951,39,03/12/2019 20:59,4212.606888,28618,0.147201303,TRUE
983,1305784,983,2019_Grotenete,ws-16,VR2W-122346,51.3544901,3.795027,03/12/2019 18:43,03/12/2019 19:28,11,NA,NA,NA,153979.3374,144162.6883,TRUE,148375.2951,39,03/12/2019 20:59,4212.606888,8160,0.516250844,TRUE
984,1305784,984,2019_Grotenete,ws-25A,VR2W-129566,51.352186,3.781008,03/12/2019 19:34,03/12/2019 19:59,24,384,1124.206784,2.927622,155103.5442,145286.895,TRUE,167731.0966,41,04/12/2019 21:18,22444.20153,92663,0.242213198,TRUE
985,1305784,985,2019_Grotenete,ws-23,VR2W-115434,51.3552573,3.7609896,03/12/2019 20:04,03/12/2019 20:16,7,286,1524.180308,5.329302,156627.7245,146562.5294,FALSE,167731.0966,41,04/12/2019 21:18,21168.56716,90850,0.233005693,TRUE
986,1305784,986,2019_Grotenete,ws-A5,VR2W-120884,51.3584544,3.7454284,03/12/2019 20:26,03/12/2019 20:36,2,600,1165.631108,1.942719,157793.3556,147396.7659,FALSE,167731.0966,41,04/12/2019 21:18,20334.33065,89537,0.227105338,TRUE
987,1305784,987,2019_Grotenete,ws-A3,VR2W-129710,51.3655375,3.734487,03/12/2019 20:43,03/12/2019 20:49,7,419,1131.341644,2.700099,158924.6972,147865.3184,FALSE,167731.0966,41,04/12/2019 21:18,19865.7782,88524,0.224411213,TRUE
988,1305784,988,2019_Grotenete,ws-A1,VR2W-122343,51.3724995,3.7229828,03/12/2019 20:59,03/12/2019 21:05,6,588,1089.917319,1.853601,160014.6146,148375.2951,FALSE,167731.0966,41,04/12/2019 21:18,19355.80142,87547,0.221090402,TRUE
989,1305784,989,2019_Grotenete,ws-15A,VR2W-120886,51.3805457,3.717259,03/12/2019 21:09,03/12/2019 21:32,13,235,1065.678101,4.5348,161080.2927,148402.4498,TRUE,167731.0966,41,04/12/2019 21:18,19328.64682,86966,0.222255213,TRUE
990,1305784,990,2019_Grotenete,ws-TRAWL,VR2W-131002,51.437785,3.470347,04/12/2019 21:18,04/12/2019 21:33,12,85582,19908.58736,0.232626,180988.88,167731.0966,NA,NA,NA,NA,NA,NA,NA,TRUE
991,1305785,991,2019_Grotenete,rel_grotenete1,none,51.144779,5.003906,08/10/2019 09:00,08/10/2019 09:00,1,NA,NA,NA,0,0,TRUE,7635.421578,4,09/10/2019 03:48,7635.421578,67713,0.112761531,TRUE
992,1305785,992,2019_Grotenete,gn-14,VR2W-122358,51.138267,4.996319,08/10/2019 18:43,08/10/2019 18:44,2,35010,1048.509145,0.029949,1048.509145,1048.509145,TRUE,7635.421578,4,09/10/2019 03:48,6586.912433,32703,0.201416152,TRUE
993,1305785,993,2019_Grotenete,gn-13,VR2W-124066,51.119771,4.990306,08/10/2019 19:35,08/10/2019 19:39,4,3015,2389.94432,0.792685,3438.453465,3438.453465,TRUE,7635.421578,4,09/10/2019 03:48,4196.968113,29607,0.14175594,TRUE
994,1305785,994,2019_Grotenete,gn-11,VR2W-127720,51.09592,4.957142,09/10/2019 03:48,09/10/2019 03:52,5,29369,4338.377744,0.14772,7776.831209,7635.421578,TRUE,21357.31227,7,13/10/2019 01:19,13721.89069,336648,0.040760351,TRUE
995,1305785,995,2019_Grotenete,gn-10,VR2W-122324,51.091558,4.945793,09/10/2019 04:14,09/10/2019 04:19,5,1331,1107.062052,0.831752,8883.893261,8742.48363,TRUE,21357.31227,7,13/10/2019 01:19,12614.82864,335098,0.037645192,TRUE
996,1305785,996,2019_Grotenete,gn-9,VR2W-127109,51.081153,4.913762,12/10/2019 21:17,12/10/2019 21:21,4,320322,2855.524863,0.008915,11739.41812,11598.00849,TRUE,21357.31227,7,13/10/2019 01:19,9759.303779,14487,0.673659404,TRUE
997,1305785,997,2019_Grotenete,gn-7,VR2W-122340,51.061848,4.787587,13/10/2019 01:19,13/10/2019 01:24,6,14269,9817.88091,0.688057,21557.29903,21357.31227,TRUE,31338.23349,11,17/10/2019 02:58,9980.921215,351546,0.028391508,TRUE
998,1305785,998,2019_Grotenete,gn-6,VR2W-122333,51.078636,4.757592,13/10/2019 02:57,13/10/2019 03:11,8,5578,3296.955011,0.591064,24854.25405,24654.26728,FALSE,31338.23349,11,17/10/2019 02:58,6683.966204,345667,0.019336431,TRUE
999,1305785,999,2019_Grotenete,gn-6,VR2W-122333,51.078636,4.757592,13/10/2019 18:45,13/10/2019 18:45,1,NA,NA,NA,24854.25405,24654.26728,FALSE,31338.23349,11,17/10/2019 02:58,6683.966204,288755,0.023147534,TRUE
1000,1305785,1000,2019_Grotenete,gn-6,VR2W-122333,51.078636,4.757592,16/10/2019 23:40,16/10/2019 23:41,3,NA,NA,NA,24854.25405,24654.26728,TRUE,31338.23349,11,17/10/2019 02:58,6683.966204,11899,0.561725036,TRUE
1001,1305785,1001,2019_Grotenete,gn-5,VR2W-122332,51.125942,4.718199,17/10/2019 02:58,17/10/2019 03:02,5,11811,6683.966204,0.56591,31538.22025,31338.23349,TRUE,35783.62643,12,17/10/2019 18:35,4445.392939,56201,0.079098111,TRUE
1002,1305785,1002,2019_Grotenete,gn-4,VR2W-122353,51.135075,4.664932,17/10/2019 18:35,17/10/2019 19:00,24,55988,4503.97007,0.080445,36042.19032,35783.62643,TRUE,39887.6149,13,17/10/2019 21:18,4103.98847,9778,0.419716555,TRUE
1003,1305785,1003,2019_Grotenete,gn-3,VR2W-122365,51.130352,4.617316,17/10/2019 21:18,17/10/2019 21:23,5,8250,4186.83712,0.507495,40229.02744,39887.6149,TRUE,44215.90202,15,17/10/2019 22:53,4328.287125,5700,0.759348618,TRUE
1004,1305785,1004,2019_Grotenete,gn-2,VR2W-127721,51.135829,4.5937,17/10/2019 22:13,17/10/2019 22:31,16,3026,2138.410314,0.706679,42367.43775,42026.02521,TRUE,46288.62457,16,17/10/2019 23:31,4262.599357,4689,0.909063629,TRUE
1005,1305785,1005,2019_Grotenete,bn-3,VR2W-124063,51.126391,4.571903,17/10/2019 22:53,17/10/2019 22:59,7,1278,2189.87681,1.713519,44557.31456,44215.90202,TRUE,50582.61415,17,18/10/2019 00:49,6366.712132,6964,0.91423207,TRUE
1006,1305785,1006,2019_Grotenete,bn-2,VR2W-124078,51.117416,4.549158,17/10/2019 23:31,17/10/2019 23:37,6,1933,2072.722547,1.072283,46630.03711,46288.62457,TRUE,50582.61415,17,18/10/2019 00:49,4293.989585,4649,0.923637252,TRUE
1007,1305785,1007,2019_Grotenete,bn-1,VR2W-122351,51.093001,4.506837,18/10/2019 00:49,18/10/2019 01:06,14,4328,4293.989585,0.992142,50924.0267,50582.61415,TRUE,55176.55966,18,18/10/2019 07:39,4593.945504,24590,0.186821696,TRUE
1008,1305785,1008,2019_Grotenete,bn-Walem,VR2W-122339,51.07183,4.45474,18/10/2019 07:39,18/10/2019 07:51,11,23538,4593.945504,0.195171,55517.9722,55176.55966,TRUE,62601.73428,19,18/10/2019 09:58,7425.174625,8365,0.887647893,TRUE
1009,1305785,1009,2019_Grotenete,ru-1,VR2W-122328,51.082273,4.366215,18/10/2019 09:58,18/10/2019 10:22,17,7645,7425.174625,0.971246,62943.14682,62601.73428,TRUE,72906.86678,21,18/10/2019 19:31,10305.1325,34394,0.299620065,TRUE
1010,1305785,1010,2019_Grotenete,me-7-2b,VR2W-113524,51.1008,4.330483,18/10/2019 10:56,18/10/2019 11:20,18,2068,3445.459128,1.666083,66388.60595,66047.19341,TRUE,72906.86678,21,18/10/2019 19:31,6859.673374,30889,0.222074958,TRUE
1011,1305785,1011,2019_Grotenete,s-8,VR2W-112295,51.14319,4.33078,18/10/2019 19:31,18/10/2019 19:31,1,29459,6859.673374,0.232855,73248.27933,72906.86678,TRUE,78555.4429,22,18/10/2019 20:32,5648.576113,3636,1.553513782,TRUE
1012,1305785,1012,2019_Grotenete,s-9a,VR2W-127738,51.19068,4.33602,18/10/2019 20:32,18/10/2019 20:40,7,3636,5648.576113,1.553514,78896.85544,78555.4429,TRUE,86022.17104,23,18/10/2019 21:57,7466.728147,5107,1.462057597,TRUE
1013,1305785,1013,2019_Grotenete,s-10a,VR2W-127716,51.235423,4.396673,18/10/2019 21:57,18/10/2019 22:05,10,4596,7466.728147,1.624614,86363.58359,86022.17104,TRUE,100575.5524,24,19/10/2019 08:08,14553.38139,36644,0.397155916,TRUE
1014,1305785,1014,2019_Grotenete,s-12,VR2W-127732,51.30305,4.28731,19/10/2019 08:08,19/10/2019 08:15,5,36174,14553.38139,0.402316,100916.965,100575.5524,TRUE,125923.9588,26,19/10/2019 23:01,25348.40633,53578,0.473112216,TRUE
1015,1305785,1015,2019_Grotenete,s-STD3,VR2W-134898,51.330504,4.270161,19/10/2019 08:57,19/10/2019 09:02,6,2526,3855.62017,1.526374,104772.5851,104431.1726,TRUE,125923.9588,26,19/10/2019 23:01,21492.78616,50596,0.4247922,TRUE
1016,1305785,1016,2019_Grotenete,ws-42A,VR2W-127735,51.42251303,4.032860596,19/10/2019 23:01,19/10/2019 23:18,21,50300,21492.78616,0.427292,126265.3713,125923.9588,TRUE,150072.3076,29,20/10/2019 20:53,24148.34885,78752,0.306637912,TRUE
1017,1305785,1017,2019_Grotenete,ws-HW6,VR2W-127725,51.43484,4.02702,19/10/2019 23:41,20/10/2019 00:09,16,1373,1507.100174,1.097669,127772.4715,126962.4419,FALSE,150072.3076,29,20/10/2019 20:53,23109.86573,76340,0.302722894,TRUE
1018,1305785,1018,2019_Grotenete,ws-HW6,VR2W-127725,51.43484,4.02702,20/10/2019 04:43,20/10/2019 06:06,51,NA,NA,NA,127772.4715,126962.4419,TRUE,150072.3076,29,20/10/2019 20:53,23109.86573,58188,0.397158619,TRUE
1019,1305785,1019,2019_Grotenete,ws-11,VR2W-120874,51.41163,3.70746,20/10/2019 20:53,20/10/2019 20:57,4,53198,25678.17384,0.482691,153450.6453,150072.3076,TRUE,165932.6005,30,21/10/2019 07:22,15860.29293,37719,0.42048551,TRUE
1020,1305785,1020,2019_Grotenete,ws-OGDL,VR2W-123831,51.46395,3.51263,21/10/2019 07:22,21/10/2019 07:28,7,37493,15860.29293,0.42302,169310.9383,165932.6005,FALSE,NA,NA,NA,NA,NA,NA,TRUE
1021,1305785,1021,2019_Grotenete,ws-OG10,VR2W-123832,51.474675,3.510681,21/10/2019 07:35,21/10/2019 07:48,15,415,1282.849969,3.091205,170593.7882,166688.2563,NA,NA,NA,NA,NA,NA,NA,TRUE
1022,1305786,1022,2019_Grotenete,rel_grotenete1,none,51.144779,5.003906,03/10/2019 12:00,03/10/2019 12:00,1,NA,NA,NA,0,0,TRUE,7635.421578,4,08/10/2019 19:32,7635.421578,459138,0.016629906,TRUE
1023,1305786,1023,2019_Grotenete,gn-14,VR2W-122358,51.138267,4.996319,03/10/2019 22:44,03/10/2019 22:44,1,38698,1048.509145,0.027095,1048.509145,1048.509145,TRUE,7635.421578,4,08/10/2019 19:32,6586.912433,420440,0.015666712,TRUE
1024,1305786,1024,2019_Grotenete,gn-13,VR2W-124066,51.119771,4.990306,06/10/2019 18:28,06/10/2019 18:36,10,243830,2389.94432,0.009802,3438.453465,3438.453465,TRUE,7635.421578,4,08/10/2019 19:32,4196.968113,176610,0.023764046,TRUE
1025,1305786,1025,2019_Grotenete,gn-11,VR2W-127720,51.09592,4.957142,08/10/2019 19:32,08/10/2019 19:34,3,176140,4338.377744,0.02463,7776.831209,7635.421578,TRUE,21357.31227,7,16/10/2019 20:30,13721.89069,694664,0.019753277,TRUE
1026,1305786,1026,2019_Grotenete,gn-10,VR2W-122324,51.091558,4.945793,08/10/2019 19:58,08/10/2019 20:01,4,1401,1107.062052,0.790194,8883.893261,8742.48363,TRUE,21357.31227,7,16/10/2019 20:30,12614.82864,693121,0.018200038,TRUE
1027,1305786,1027,2019_Grotenete,gn-9,VR2W-127109,51.081153,4.913762,08/10/2019 20:53,08/10/2019 20:56,3,3118,2855.524863,0.915819,11739.41812,11598.00849,TRUE,21357.31227,7,16/10/2019 20:30,9759.303779,689778,0.014148471,TRUE
1028,1305786,1028,2019_Grotenete,gn-7,VR2W-122340,51.061848,4.787587,16/10/2019 20:30,16/10/2019 20:57,24,689635,9817.88091,0.014236,21557.29903,21357.31227,TRUE,31338.23349,9,18/10/2019 01:47,9980.921215,105461,0.094640874,TRUE
1029,1305786,1029,2019_Grotenete,gn-6,VR2W-122333,51.078636,4.757592,16/10/2019 22:43,16/10/2019 22:44,2,6313,3296.955011,0.522249,24854.25405,24654.26728,TRUE,31338.23349,9,18/10/2019 01:47,6683.966204,97478,0.068568972,TRUE
1030,1305786,1030,2019_Grotenete,gn-5,VR2W-122332,51.125942,4.718199,18/10/2019 01:47,18/10/2019 02:00,8,97402,6683.966204,0.068622,31538.22025,31338.23349,TRUE,35783.62643,10,18/10/2019 21:00,4445.392939,69184,0.064254639,TRUE
1031,1305786,1031,2019_Grotenete,gn-4,VR2W-122353,51.135075,4.664932,18/10/2019 21:00,18/10/2019 21:07,7,68431,4503.97007,0.065818,36042.19032,35783.62643,TRUE,39887.6149,11,18/10/2019 22:58,4103.98847,7090,0.578841815,TRUE
1032,1305786,1032,2019_Grotenete,gn-3,VR2W-122365,51.130352,4.617316,18/10/2019 22:58,18/10/2019 23:05,7,6711,4186.83712,0.623877,40229.02744,39887.6149,TRUE,44215.90202,16,19/10/2019 21:25,4328.287125,80799,0.053568573,TRUE
1033,1305786,1033,2019_Grotenete,gn-2,VR2W-127721,51.135829,4.5937,19/10/2019 01:30,19/10/2019 01:59,2,8688,2138.410314,0.246134,42367.43775,42026.02521,FALSE,46288.62457,17,19/10/2019 23:36,4262.599357,79562,0.05357582,TRUE
1034,1305786,1034,2019_Grotenete,gn-2,VR2W-127721,51.135829,4.5937,19/10/2019 03:57,19/10/2019 03:57,1,NA,NA,NA,42367.43775,42026.02521,FALSE,46288.62457,17,19/10/2019 23:36,4262.599357,70722,0.060272608,TRUE
1035,1305786,1035,2019_Grotenete,gn-2,VR2W-127721,51.135829,4.5937,19/10/2019 11:39,19/10/2019 18:16,309,NA,NA,NA,42367.43775,42026.02521,FALSE,46288.62457,17,19/10/2019 23:36,4262.599357,43009,0.099109474,TRUE
1036,1305786,1036,2019_Grotenete,gn-1,VR2W-112285,51.133464,4.588822,19/10/2019 20:22,19/10/2019 20:58,28,7571,424.253116,0.056037,42791.69087,42450.27833,TRUE,50582.61415,21,23/10/2019 02:02,8132.335826,279630,0.029082487,TRUE
1037,1305786,1037,2019_Grotenete,bn-3,VR2W-124063,51.126391,4.571903,19/10/2019 21:25,19/10/2019 21:42,12,1603,1765.623694,1.10145,44557.31456,44215.90202,TRUE,50582.61415,21,23/10/2019 02:02,6366.712132,275826,0.023082349,TRUE
1038,1305786,1038,2019_Grotenete,bn-2,VR2W-124078,51.117416,4.549158,19/10/2019 23:36,20/10/2019 02:36,26,6848,2072.722547,0.302676,46630.03711,46288.62457,FALSE,50582.61415,21,23/10/2019 02:02,4293.989585,267991,0.016022887,TRUE
1039,1305786,1039,2019_Grotenete,bn-2,VR2W-124078,51.117416,4.549158,20/10/2019 03:49,20/10/2019 10:23,211,NA,NA,NA,46630.03711,46288.62457,FALSE,50582.61415,21,23/10/2019 02:02,4293.989585,252790,0.01698639,TRUE
1040,1305786,1040,2019_Grotenete,bn-2,VR2W-124078,51.117416,4.549158,20/10/2019 11:30,20/10/2019 14:56,52,NA,NA,NA,46630.03711,46288.62457,FALSE,50582.61415,21,23/10/2019 02:02,4293.989585,225133,0.019073124,TRUE
1041,1305786,1041,2019_Grotenete,bn-2,VR2W-124078,51.117416,4.549158,20/10/2019 16:08,21/10/2019 00:51,318,NA,NA,NA,46630.03711,46288.62457,TRUE,50582.61415,21,23/10/2019 02:02,4293.989585,208451,0.020599515,TRUE
1042,1305786,1042,2019_Grotenete,bn-1,VR2W-122351,51.093001,4.506837,23/10/2019 02:02,23/10/2019 03:19,70,177077,4293.989585,0.024249,50924.0267,50582.61415,TRUE,55176.55966,22,23/10/2019 12:57,4593.945504,39307,0.11687347,TRUE
1043,1305786,1043,2019_Grotenete,bn-Walem,VR2W-122339,51.07183,4.45474,23/10/2019 12:57,23/10/2019 13:12,15,34710,4593.945504,0.132352,55517.9722,55176.55966,TRUE,62601.73428,23,24/10/2019 15:56,7425.174625,97132,0.076444165,TRUE
1044,1305786,1044,2019_Grotenete,ru-1,VR2W-122328,51.082273,4.366215,24/10/2019 15:56,24/10/2019 16:03,3,96240,7425.174625,0.077153,62943.14682,62601.73428,FALSE,72906.86678,28,26/10/2019 04:15,10305.1325,130726,0.078830015,TRUE
1045,1305786,1045,2019_Grotenete,ru-1,VR2W-122328,51.082273,4.366215,24/10/2019 17:04,24/10/2019 23:11,318,NA,NA,NA,62943.14682,62601.73428,FALSE,72906.86678,28,26/10/2019 04:15,10305.1325,126660,0.081360591,TRUE
1046,1305786,1046,2019_Grotenete,ru-1,VR2W-122328,51.082273,4.366215,25/10/2019 01:38,25/10/2019 03:08,28,NA,NA,NA,62943.14682,62601.73428,TRUE,72906.86678,28,26/10/2019 04:15,10305.1325,95832,0.107533314,TRUE
1047,1305786,1047,2019_Grotenete,me-7-2b,VR2W-113524,51.1008,4.330483,25/10/2019 20:37,25/10/2019 20:48,2,62954,3445.459128,0.05473,66388.60595,66047.19341,FALSE,72906.86678,28,26/10/2019 04:15,6859.673374,27460,0.249806022,TRUE
1048,1305786,1048,2019_Grotenete,me-7-2b,VR2W-113524,51.1008,4.330483,26/10/2019 01:53,26/10/2019 02:45,43,NA,NA,NA,66388.60595,66047.19341,TRUE,72906.86678,28,26/10/2019 04:15,6859.673374,8504,0.806640801,TRUE
1049,1305786,1049,2019_Grotenete,s-8,VR2W-112295,51.14319,4.33078,26/10/2019 04:15,26/10/2019 04:17,2,5384,6859.673374,1.274085,73248.27933,72906.86678,TRUE,78555.4429,29,26/10/2019 16:38,5648.576113,44554,0.126780449,TRUE
1050,1305786,1050,2019_Grotenete,s-9a,VR2W-127738,51.19068,4.33602,26/10/2019 16:38,26/10/2019 16:40,3,44425,5648.576113,0.127149,78896.85544,78555.4429,TRUE,86022.17104,30,26/10/2019 18:07,7466.728147,5358,1.393566284,TRUE
1051,1305786,1051,2019_Grotenete,s-10a,VR2W-127716,51.235423,4.396673,26/10/2019 18:07,26/10/2019 19:11,16,5239,7466.728147,1.42522,86363.58359,86022.17104,FALSE,100575.5524,35,30/10/2019 18:16,14553.38139,346143,0.042044419,TRUE
1052,1305786,1052,2019_Grotenete,s-10a,VR2W-127716,51.235423,4.396673,27/10/2019 14:46,27/10/2019 15:16,16,NA,NA,NA,86363.58359,86022.17104,FALSE,100575.5524,35,30/10/2019 18:16,14553.38139,271763,0.05355174,TRUE
1053,1305786,1053,2019_Grotenete,s-10a,VR2W-127716,51.235423,4.396673,27/10/2019 20:17,27/10/2019 21:31,28,NA,NA,NA,86363.58359,86022.17104,FALSE,100575.5524,35,30/10/2019 18:16,14553.38139,251911,0.057771917,TRUE
1054,1305786,1054,2019_Grotenete,s-10a,VR2W-127716,51.235423,4.396673,27/10/2019 22:42,27/10/2019 23:16,39,NA,NA,NA,86363.58359,86022.17104,FALSE,100575.5524,35,30/10/2019 18:16,14553.38139,243218,0.059836778,TRUE
1055,1305786,1055,2019_Grotenete,s-10a,VR2W-127716,51.235423,4.396673,28/10/2019 03:12,28/10/2019 04:22,11,NA,NA,NA,86363.58359,86022.17104,TRUE,100575.5524,35,30/10/2019 18:16,14553.38139,227053,0.064096847,TRUE
1056,1305786,1056,2019_Grotenete,s-12,VR2W-127732,51.30305,4.28731,30/10/2019 18:16,30/10/2019 18:17,2,222824,14553.38139,0.065313,100916.965,100575.5524,TRUE,125685.4227,37,31/10/2019 09:18,25109.87025,54113,0.464026579,TRUE
1057,1305786,1057,2019_Grotenete,s-STD3,VR2W-134898,51.330504,4.270161,30/10/2019 19:00,30/10/2019 19:00,1,2599,3855.62017,1.483501,104772.5851,104431.1726,TRUE,125685.4227,37,31/10/2019 09:18,21254.25008,51440,0.413185266,TRUE
1058,1305786,1058,2019_Grotenete,ws-53A,VR2W-127731,51.411167,4.029233,31/10/2019 09:18,31/10/2019 09:18,1,51440,21254.25008,0.413185,126026.8352,125685.4227,FALSE,145806.8817,40,31/10/2019 20:48,20121.45901,41421,0.48577917,TRUE
1059,1305786,1059,2019_Grotenete,ws-42A,VR2W-127735,51.42251303,4.032860596,31/10/2019 09:27,31/10/2019 09:35,8,560,1424.267675,2.543335,127451.1029,125923.9588,TRUE,145806.8817,40,31/10/2019 20:48,19882.92293,40861,0.486599029,TRUE
1060,1305786,1060,2019_Grotenete,ws-HW6,VR2W-127725,51.43484,4.02702,31/10/2019 09:55,31/10/2019 09:55,1,1232,1507.100174,1.223296,128958.2031,126962.4419,TRUE,145806.8817,40,31/10/2019 20:48,18844.43981,39164,0.481167394,TRUE
1061,1305786,1061,2019_Grotenete,ws-12A,VR2W-124071,51.3648799,3.765539,31/10/2019 20:48,31/10/2019 20:48,1,39164,21412.74792,0.546746,150370.951,145806.8817,TRUE,150072.3076,43,31/10/2019 22:10,4265.425921,4933,0.864671786,TRUE
1062,1305786,1062,2019_Grotenete,ws-6,VR2W-120883,51.3913098,3.7161726,31/10/2019 21:38,31/10/2019 21:40,4,2967,4601.080364,1.550752,154972.0314,148419.5945,FALSE,NA,NA,NA,NA,NA,NA,TRUE
1063,1305786,1063,2019_Grotenete,ws-PVTSS,VR2W-120873,51.4018055,3.7089134,31/10/2019 21:41,31/10/2019 22:00,14,47,1407.098718,29.938271,156379.1301,149416.6533,FALSE,NA,NA,NA,NA,NA,NA,TRUE
1064,1305786,1064,2019_Grotenete,ws-11,VR2W-120874,51.41163,3.70746,31/10/2019 22:10,31/10/2019 23:03,42,608,1182.848514,1.945475,157561.9786,150072.3076,FALSE,NA,NA,NA,NA,NA,NA,TRUE
1065,1305786,1065,2019_Grotenete,ws-11,VR2W-120874,51.41163,3.70746,01/11/2019 00:54,01/11/2019 00:54,1,NA,NA,NA,157561.9786,150072.3076,FALSE,NA,NA,NA,NA,NA,NA,FALSE
1066,1305786,1066,2019_Grotenete,ws-11,VR2W-120874,51.41163,3.70746,01/11/2019 03:57,01/11/2019 04:41,8,NA,NA,NA,157561.9786,150072.3076,FALSE,NA,NA,NA,NA,NA,NA,FALSE
1067,1305786,1067,2019_Grotenete,ws-11,VR2W-120874,51.41163,3.70746,01/11/2019 09:24,01/11/2019 09:24,1,NA,NA,NA,157561.9786,150072.3076,FALSE,NA,NA,NA,NA,NA,NA,FALSE
1068,1305786,1068,2019_Grotenete,ws-6,VR2W-120883,51.3913098,3.7161726,03/11/2019 11:19,03/11/2019 11:34,21,179740,2589.947232,0.014409,160151.9258,148419.5945,FALSE,NA,NA,NA,NA,NA,NA,FALSE
1069,1305786,1069,2019_Grotenete,ws-PVTSS,VR2W-120873,51.4018055,3.7089134,03/11/2019 11:34,03/11/2019 12:02,33,2,1407.098718,703.549359,161559.0245,149416.6533,FALSE,NA,NA,NA,NA,NA,NA,FALSE
1070,1305786,1070,2019_Grotenete,ws-11,VR2W-120874,51.41163,3.70746,03/11/2019 12:16,03/11/2019 13:24,45,827,1182.848514,1.430288,162741.8731,150072.3076,FALSE,NA,NA,NA,NA,NA,NA,FALSE
1071,1305786,1071,2019_Grotenete,ws-2C,VR2W-122329,51.4169613,3.7188079,03/11/2019 13:24,03/11/2019 13:24,1,34,1048.492995,30.838029,163790.3661,149520.9065,FALSE,NA,NA,NA,NA,NA,NA,FALSE
1072,1305786,1072,2019_Grotenete,ws-11,VR2W-120874,51.41163,3.70746,03/11/2019 13:25,03/11/2019 13:25,1,39,1048.492995,26.884436,164838.8591,150072.3076,FALSE,NA,NA,NA,NA,NA,NA,FALSE
1073,1305786,1073,2019_Grotenete,ws-2C,VR2W-122329,51.4169613,3.7188079,03/11/2019 13:25,03/11/2019 13:25,1,34,1048.492995,30.838029,165887.352,149520.9065,FALSE,NA,NA,NA,NA,NA,NA,FALSE
1074,1305786,1074,2019_Grotenete,ws-11,VR2W-120874,51.41163,3.70746,03/11/2019 13:26,03/11/2019 13:34,4,29,1048.492995,36.154931,166935.845,150072.3076,FALSE,NA,NA,NA,NA,NA,NA,FALSE
1075,1305786,1075,2019_Grotenete,ws-2C,VR2W-122329,51.4169613,3.7188079,03/11/2019 13:35,03/11/2019 13:35,1,33,1048.492995,31.772515,167984.338,149520.9065,FALSE,NA,NA,NA,NA,NA,NA,FALSE
1076,1305786,1076,2019_Grotenete,ws-11,VR2W-120874,51.41163,3.70746,03/11/2019 13:35,03/11/2019 13:42,5,26,1048.492995,40.326654,169032.831,150072.3076,FALSE,NA,NA,NA,NA,NA,NA,FALSE
1077,1305786,1077,2019_Grotenete,ws-2C,VR2W-122329,51.4169613,3.7188079,03/11/2019 13:43,03/11/2019 13:43,2,33,1048.492995,31.772515,170081.324,149520.9065,FALSE,NA,NA,NA,NA,NA,NA,FALSE
1078,1305786,1078,2019_Grotenete,ws-11,VR2W-120874,51.41163,3.70746,03/11/2019 13:44,03/11/2019 13:45,2,12,1048.492995,87.374416,171129.817,150072.3076,FALSE,NA,NA,NA,NA,NA,NA,FALSE
1079,1305786,1079,2019_Grotenete,ws-2C,VR2W-122329,51.4169613,3.7188079,03/11/2019 13:59,03/11/2019 14:18,3,830,1048.492995,1.263245,172178.31,149520.9065,FALSE,NA,NA,NA,NA,NA,NA,FALSE
1080,1305786,1080,2019_Grotenete,ws-11,VR2W-120874,51.41163,3.70746,03/11/2019 14:20,03/11/2019 14:20,1,100,1048.492995,10.48493,173226.803,150072.3076,FALSE,NA,NA,NA,NA,NA,NA,FALSE
1081,1305786,1081,2019_Grotenete,ws-2C,VR2W-122329,51.4169613,3.7188079,03/11/2019 14:22,03/11/2019 14:42,11,113,1048.492995,9.278699,174275.296,149520.9065,FALSE,NA,NA,NA,NA,NA,NA,FALSE
1082,1305786,1082,2019_Grotenete,ws-11,VR2W-120874,51.41163,3.70746,03/11/2019 14:48,03/11/2019 14:48,1,378,1048.492995,2.773791,175323.789,150072.3076,FALSE,NA,NA,NA,NA,NA,NA,FALSE
1083,1305786,1083,2019_Grotenete,ws-2C,VR2W-122329,51.4169613,3.7188079,03/11/2019 14:51,03/11/2019 15:19,14,185,1048.492995,5.66753,176372.282,149520.9065,FALSE,NA,NA,NA,NA,NA,NA,FALSE
1084,1305786,1084,2019_Grotenete,ws-2C,VR2W-122329,51.4169613,3.7188079,03/11/2019 19:21,03/11/2019 19:22,2,NA,NA,NA,176372.282,149520.9065,FALSE,NA,NA,NA,NA,NA,NA,FALSE
1085,1305786,1085,2019_Grotenete,ws-11,VR2W-120874,51.41163,3.70746,03/11/2019 19:24,03/11/2019 19:30,6,111,1048.492995,9.445883,177420.775,150072.3076,NA,NA,NA,NA,NA,NA,NA,FALSE
1086,1305787,1086,2019_Grotenete,rel_grotenete1,none,51.144779,5.003906,02/10/2019 13:00,02/10/2019 13:00,1,NA,NA,NA,0,0,FALSE,7635.421578,4,04/11/2019 03:03,7635.421578,2815434,0.002711987,FALSE
1087,1305787,1087,2019_Grotenete,gn-14,VR2W-122358,51.138267,4.996319,09/10/2019 04:44,09/10/2019 04:44,1,575052,1048.509145,0.001823,1048.509145,1048.509145,FALSE,7635.421578,4,04/11/2019 03:03,6586.912433,2240382,0.002940085,FALSE
1088,1305787,1088,2019_Grotenete,gn-13,VR2W-124066,51.119771,4.990306,09/10/2019 20:13,09/10/2019 20:18,5,55752,2389.94432,0.042867,3438.453465,3438.453465,FALSE,7635.421578,4,04/11/2019 03:03,4196.968113,2184630,0.001921135,FALSE
1089,1305787,1089,2019_Grotenete,gn-11,VR2W-127720,51.09592,4.957142,04/11/2019 03:03,04/11/2019 03:06,4,2184341,4338.377744,0.001986,7776.831209,7635.421578,TRUE,21357.31227,7,05/11/2019 02:02,13721.89069,82711,0.165901642,TRUE
1090,1305787,1090,2019_Grotenete,gn-10,VR2W-122324,51.091558,4.945793,04/11/2019 03:31,04/11/2019 03:35,6,1451,1107.062052,0.762965,8883.893261,8742.48363,TRUE,21357.31227,7,05/11/2019 02:02,12614.82864,81078,0.155588799,TRUE
1091,1305787,1091,2019_Grotenete,gn-9,VR2W-127109,51.081153,4.913762,04/11/2019 04:32,04/11/2019 04:35,4,3406,2855.524863,0.838381,11739.41812,11598.00849,TRUE,21357.31227,7,05/11/2019 02:02,9759.303779,77396,0.126095713,TRUE
1092,1305787,1092,2019_Grotenete,gn-7,VR2W-122340,51.061848,4.787587,05/11/2019 02:02,27/11/2019 18:47,30961,77228,9817.88091,0.127129,21557.29903,21357.31227,FALSE,31338.23349,11,29/11/2019 04:21,9980.921215,2081934,0.004794062,TRUE
1093,1305787,1093,2019_Grotenete,gn-7,VR2W-122340,51.061848,4.787587,28/11/2019 02:01,28/11/2019 09:57,139,NA,NA,NA,21557.29903,21357.31227,FALSE,31338.23349,11,29/11/2019 04:21,9980.921215,94780,0.105306196,TRUE
1094,1305787,1094,2019_Grotenete,gn-7,VR2W-122340,51.061848,4.787587,28/11/2019 13:36,29/11/2019 00:12,255,NA,NA,NA,21557.29903,21357.31227,TRUE,31338.23349,11,29/11/2019 04:21,9980.921215,53109,0.187932765,TRUE
1095,1305787,1095,2019_Grotenete,gn-6,VR2W-122333,51.078636,4.757592,29/11/2019 01:38,29/11/2019 01:39,3,5161,3296.955011,0.638821,24854.25405,24654.26728,TRUE,31338.23349,11,29/11/2019 04:21,6683.966204,9795,0.682385524,TRUE
1096,1305787,1096,2019_Grotenete,gn-5,VR2W-122332,51.125942,4.718199,29/11/2019 04:21,29/11/2019 04:23,4,9691,6683.966204,0.689709,31538.22025,31338.23349,TRUE,35783.62643,12,29/11/2019 19:34,4445.392939,54771,0.08116326,TRUE
1097,1305787,1097,2019_Grotenete,gn-4,VR2W-122353,51.135075,4.664932,29/11/2019 19:34,29/11/2019 19:44,9,54621,4503.97007,0.082459,36042.19032,35783.62643,TRUE,39887.6149,13,29/11/2019 21:22,4103.98847,6487,0.632648138,TRUE
1098,1305787,1098,2019_Grotenete,gn-3,VR2W-122365,51.130352,4.617316,29/11/2019 21:22,29/11/2019 21:27,6,5893,4186.83712,0.710476,40229.02744,39887.6149,TRUE,44215.90202,15,29/11/2019 22:54,4328.287125,5534,0.782126333,TRUE
1099,1305787,1099,2019_Grotenete,gn-2,VR2W-127721,51.135829,4.5937,29/11/2019 22:19,29/11/2019 22:36,13,3103,2138.410314,0.689143,42367.43775,42026.02521,TRUE,46288.62457,16,29/11/2019 23:31,4262.599357,4312,0.98854345,TRUE
1100,1305787,1100,2019_Grotenete,bn-3,VR2W-124063,51.126391,4.571903,29/11/2019 22:54,29/11/2019 23:00,5,1093,2189.87681,2.003547,44557.31456,44215.90202,TRUE,50582.61415,17,30/11/2019 00:40,6366.712132,6348,1.002947721,TRUE
1101,1305787,1101,2019_Grotenete,bn-2,VR2W-124078,51.117416,4.549158,29/11/2019 23:31,29/11/2019 23:36,5,1826,2072.722547,1.135116,46630.03711,46288.62457,TRUE,50582.61415,17,30/11/2019 00:40,4293.989585,4151,1.034447021,TRUE
1102,1305787,1102,2019_Grotenete,bn-1,VR2W-122351,51.093001,4.506837,30/11/2019 00:40,30/11/2019 00:51,13,3839,4293.989585,1.118518,50924.0267,50582.61415,FALSE,55176.55966,19,30/11/2019 07:01,4593.945504,22880,0.200784331,TRUE
1103,1305787,1103,2019_Grotenete,bn-1,VR2W-122351,51.093001,4.506837,30/11/2019 03:06,30/11/2019 03:12,6,NA,NA,NA,50924.0267,50582.61415,TRUE,55176.55966,19,30/11/2019 07:01,4593.945504,14105,0.325696243,TRUE
1104,1305787,1104,2019_Grotenete,bn-Walem,VR2W-122339,51.07183,4.45474,30/11/2019 07:01,30/11/2019 07:16,13,13720,4593.945504,0.334836,55517.9722,55176.55966,TRUE,62601.73428,20,30/11/2019 09:22,7425.174625,8466,0.877058189,TRUE
1105,1305787,1105,2019_Grotenete,ru-1,VR2W-122328,51.082273,4.366215,30/11/2019 09:22,30/11/2019 09:52,17,7593,7425.174625,0.977897,62943.14682,62601.73428,TRUE,72606.86242,22,30/11/2019 12:32,10005.12814,11383,0.878953539,TRUE
1106,1305787,1106,2019_Grotenete,me-7-2b,VR2W-113524,51.1008,4.330483,30/11/2019 10:31,30/11/2019 10:39,9,2319,3445.459128,1.485752,66388.60595,66047.19341,TRUE,72606.86242,22,30/11/2019 12:32,6559.669007,7288,0.900064353,TRUE
1107,1305787,1107,2019_Grotenete,s-8a,VR2W-127719,51.14222,4.32646,30/11/2019 12:32,30/11/2019 16:04,53,6770,6559.669007,0.968932,72948.27496,72606.86242,FALSE,78555.4429,25,30/11/2019 20:04,5948.58048,27149,0.21910864,TRUE
1108,1305787,1108,2019_Grotenete,s-8a,VR2W-127719,51.14222,4.32646,30/11/2019 17:29,30/11/2019 17:44,13,NA,NA,NA,72948.27496,72606.86242,FALSE,78555.4429,25,30/11/2019 20:04,5948.58048,9353,0.636007749,TRUE
1109,1305787,1109,2019_Grotenete,s-8,VR2W-112295,51.14319,4.33078,30/11/2019 18:51,30/11/2019 18:55,4,4017,300.004368,0.074684,73248.27933,72906.86678,TRUE,78555.4429,25,30/11/2019 20:04,5648.576113,4436,1.273348989,TRUE
1110,1305787,1110,2019_Grotenete,s-9a,VR2W-127738,51.19068,4.33602,30/11/2019 20:04,30/11/2019 20:08,7,4168,5648.576113,1.355225,78896.85544,78555.4429,TRUE,86022.17104,26,30/11/2019 21:37,7466.728147,5568,1.34100721,TRUE
1111,1305787,1111,2019_Grotenete,s-10a,VR2W-127716,51.235423,4.396673,30/11/2019 21:37,30/11/2019 21:44,7,5329,7466.728147,1.40115,86363.58359,86022.17104,TRUE,100616.9768,27,01/12/2019 23:07,14594.80572,91786,0.159009061,TRUE
1112,1305787,1112,2019_Grotenete,s-11,VR2W-127728,51.29646,4.2857,01/12/2019 23:07,01/12/2019 23:22,4,91360,14594.80572,0.159751,100958.3893,100616.9768,TRUE,125171.1861,29,02/12/2019 21:23,24554.2093,80148,0.306360849,TRUE
1113,1305787,1113,2019_Grotenete,s-STD3,VR2W-134898,51.330504,4.270161,02/12/2019 02:46,02/12/2019 04:45,46,12216,4097.047406,0.335384,105055.4367,104431.1726,TRUE,125171.1861,29,02/12/2019 21:23,20740.01346,67032,0.309404664,TRUE
1114,1305787,1114,2019_Grotenete,ws-55,VR2W-127734,51.40221,4.02998,02/12/2019 21:23,02/12/2019 21:25,3,59860,20740.01346,0.346475,125795.4502,125171.1861,FALSE,145806.8817,31,03/12/2019 19:00,20635.69563,77818,0.265178951,TRUE
1115,1305787,1115,2019_Grotenete,ws-53A,VR2W-127731,51.411167,4.029233,02/12/2019 21:34,02/12/2019 21:40,6,561,1041.430808,1.856383,126836.881,125685.4227,TRUE,145806.8817,31,03/12/2019 19:00,20121.45901,77120,0.260911035,TRUE
1116,1305787,1116,2019_Grotenete,ws-12A,VR2W-124071,51.3648799,3.765539,03/12/2019 19:00,03/12/2019 19:10,10,76763,20535.70225,0.267521,147372.5832,145806.8817,TRUE,167775.3959,34,04/12/2019 08:37,21968.51421,49059,0.44779784,TRUE
1117,1305787,1117,2019_Grotenete,ws-6,VR2W-120883,51.3913098,3.7161726,03/12/2019 20:32,03/12/2019 20:35,2,4950,4601.080364,0.929511,151973.6636,148419.5945,FALSE,167775.3959,34,04/12/2019 08:37,19355.80142,43503,0.444930267,TRUE
1118,1305787,1118,2019_Grotenete,ws-PVTSS,VR2W-120873,51.4018055,3.7089134,03/12/2019 20:36,03/12/2019 20:54,14,39,1407.098718,36.079454,153380.7623,149416.6533,TRUE,167775.3959,34,04/12/2019 08:37,18358.74262,43309,0.423901328,TRUE
1119,1305787,1119,2019_Grotenete,ws-WN2,VR2Tx-480061,51.428174,3.462181,04/12/2019 08:37,04/12/2019 08:47,12,42216,18358.74262,0.434876,171739.5049,167775.3959,NA,NA,NA,NA,NA,NA,NA,TRUE
1120,1305788,1120,2019_Grotenete,rel_grotenete1,none,51.144779,5.003906,02/10/2019 13:00,02/10/2019 13:00,1,NA,NA,NA,0,0,TRUE,7635.421578,4,09/10/2019 21:33,7635.421578,635627,0.012012425,TRUE
1121,1305788,1121,2019_Grotenete,gn-14,VR2W-122358,51.138267,4.996319,09/10/2019 18:15,09/10/2019 18:15,1,623709,1048.509145,0.001681,1048.509145,1048.509145,TRUE,7635.421578,4,09/10/2019 21:33,6586.912433,11918,0.552686057,TRUE
1122,1305788,1122,2019_Grotenete,gn-13,VR2W-124066,51.119771,4.990306,09/10/2019 19:21,09/10/2019 19:24,5,3956,2389.94432,0.604132,3438.453465,3438.453465,TRUE,7635.421578,4,09/10/2019 21:33,4196.968113,7962,0.527124857,TRUE
1123,1305788,1123,2019_Grotenete,gn-11,VR2W-127720,51.09592,4.957142,09/10/2019 21:33,09/10/2019 21:36,3,7742,4338.377744,0.560369,7776.831209,7635.421578,TRUE,21357.31227,7,17/10/2019 22:20,13721.89069,693982,0.01977269,TRUE
1124,1305788,1124,2019_Grotenete,gn-10,VR2W-122324,51.091558,4.945793,17/10/2019 17:38,17/10/2019 17:43,5,676950,1107.062052,0.001635,8883.893261,8742.48363,TRUE,21357.31227,7,17/10/2019 22:20,12614.82864,16896,0.746616279,TRUE
1125,1305788,1125,2019_Grotenete,gn-9,VR2W-127109,51.081153,4.913762,17/10/2019 18:34,17/10/2019 18:36,3,3047,2855.524863,0.937159,11739.41812,11598.00849,TRUE,21357.31227,7,17/10/2019 22:20,9759.303779,13540,0.720775759,TRUE
1126,1305788,1126,2019_Grotenete,gn-7,VR2W-122340,51.061848,4.787587,17/10/2019 22:20,18/10/2019 01:12,153,13424,9817.88091,0.731368,21557.29903,21357.31227,TRUE,31338.23349,13,28/10/2019 02:13,9980.921215,877991,0.011367908,TRUE
1127,1305788,1127,2019_Grotenete,gn-6,VR2W-122333,51.078636,4.757592,24/10/2019 23:04,25/10/2019 00:08,4,597143,3296.955011,0.005521,24854.25405,24654.26728,FALSE,31338.23349,13,28/10/2019 02:13,6683.966204,270501,0.02470958,TRUE
1128,1305788,1128,2019_Grotenete,gn-6,VR2W-122333,51.078636,4.757592,25/10/2019 01:27,25/10/2019 01:27,1,NA,NA,NA,24854.25405,24654.26728,FALSE,31338.23349,13,28/10/2019 02:13,6683.966204,261958,0.025515412,TRUE
1129,1305788,1129,2019_Grotenete,gn-6,VR2W-122333,51.078636,4.757592,25/10/2019 03:13,25/10/2019 03:41,14,NA,NA,NA,24854.25405,24654.26728,FALSE,31338.23349,13,28/10/2019 02:13,6683.966204,255606,0.026149489,TRUE
1130,1305788,1130,2019_Grotenete,gn-6,VR2W-122333,51.078636,4.757592,26/10/2019 01:54,26/10/2019 02:15,12,NA,NA,NA,24854.25405,24654.26728,FALSE,31338.23349,13,28/10/2019 02:13,6683.966204,173926,0.038429943,TRUE
1131,1305788,1131,2019_Grotenete,gn-6,VR2W-122333,51.078636,4.757592,26/10/2019 03:19,26/10/2019 03:30,12,NA,NA,NA,24854.25405,24654.26728,TRUE,31338.23349,13,28/10/2019 02:13,6683.966204,168802,0.039596487,TRUE
1132,1305788,1132,2019_Grotenete,gn-5,VR2W-122332,51.125942,4.718199,28/10/2019 02:13,28/10/2019 02:17,4,168161,6683.966204,0.039747,31538.22025,31338.23349,TRUE,35783.62643,14,29/10/2019 03:30,4445.392939,91031,0.048833836,TRUE
1133,1305788,1133,2019_Grotenete,gn-4,VR2W-122353,51.135075,4.664932,29/10/2019 03:30,29/10/2019 18:50,752,90782,4503.97007,0.049613,36042.19032,35783.62643,TRUE,39887.6149,15,29/10/2019 21:15,4103.98847,63927,0.064198046,TRUE
1134,1305788,1134,2019_Grotenete,gn-3,VR2W-122365,51.130352,4.617316,29/10/2019 21:15,29/10/2019 21:22,6,8716,4186.83712,0.480362,40229.02744,39887.6149,TRUE,44215.90202,17,30/10/2019 19:52,4328.287125,81364,0.053196587,TRUE
1135,1305788,1135,2019_Grotenete,gn-2,VR2W-127721,51.135829,4.5937,29/10/2019 22:34,30/10/2019 19:19,1091,4326,2138.410314,0.494316,42367.43775,42026.02521,TRUE,46288.62457,18,30/10/2019 20:37,4262.599357,79389,0.053692569,TRUE
1136,1305788,1136,2019_Grotenete,bn-3,VR2W-124063,51.126391,4.571903,30/10/2019 19:52,30/10/2019 19:58,7,1947,2189.87681,1.124744,44557.31456,44215.90202,TRUE,50582.61415,19,30/10/2019 22:20,6366.712132,8925,0.713357102,TRUE
1137,1305788,1137,2019_Grotenete,bn-2,VR2W-124078,51.117416,4.549158,30/10/2019 20:37,30/10/2019 20:43,6,2343,2072.722547,0.884645,46630.03711,46288.62457,TRUE,50582.61415,19,30/10/2019 22:20,4293.989585,6199,0.69269069,TRUE
1138,1305788,1138,2019_Grotenete,bn-1,VR2W-122351,51.093001,4.506837,30/10/2019 22:20,30/10/2019 23:11,32,5865,4293.989585,0.732138,50924.0267,50582.61415,TRUE,55176.55966,20,31/10/2019 19:36,4593.945504,76526,0.060031172,TRUE
1139,1305788,1139,2019_Grotenete,bn-Walem,VR2W-122339,51.07183,4.45474,31/10/2019 19:36,31/10/2019 19:47,11,73480,4593.945504,0.06252,55517.9722,55176.55966,TRUE,62601.73428,21,31/10/2019 22:01,7425.174625,8704,0.853076129,TRUE
1140,1305788,1140,2019_Grotenete,ru-1,VR2W-122328,51.082273,4.366215,31/10/2019 22:01,31/10/2019 22:18,13,8020,7425.174625,0.925832,62943.14682,62601.73428,TRUE,72606.86242,29,02/11/2019 21:46,10005.12814,171916,0.058197772,TRUE
1141,1305788,1141,2019_Grotenete,me-7-2b,VR2W-113524,51.1008,4.330483,01/11/2019 13:18,01/11/2019 13:31,12,54013,3445.459128,0.063789,66388.60595,66047.19341,FALSE,72606.86242,29,02/11/2019 21:46,6559.669007,116871,0.056127431,TRUE
1142,1305788,1142,2019_Grotenete,me-7-2b,VR2W-113524,51.1008,4.330483,01/11/2019 18:11,01/11/2019 19:43,55,NA,NA,NA,66388.60595,66047.19341,FALSE,72606.86242,29,02/11/2019 21:46,6559.669007,99302,0.066057773,TRUE
1143,1305788,1143,2019_Grotenete,me-7-2b,VR2W-113524,51.1008,4.330483,02/11/2019 01:30,02/11/2019 01:44,4,NA,NA,NA,66388.60595,66047.19341,FALSE,72606.86242,29,02/11/2019 21:46,6559.669007,72947,0.089923767,TRUE
1144,1305788,1144,2019_Grotenete,me-7-2b,VR2W-113524,51.1008,4.330483,02/11/2019 03:03,02/11/2019 04:38,12,NA,NA,NA,66388.60595,66047.19341,FALSE,72606.86242,29,02/11/2019 21:46,6559.669007,67365,0.097375032,TRUE
1145,1305788,1145,2019_Grotenete,me-7-2b,VR2W-113524,51.1008,4.330483,02/11/2019 06:03,02/11/2019 07:42,72,NA,NA,NA,66388.60595,66047.19341,FALSE,72606.86242,29,02/11/2019 21:46,6559.669007,56607,0.115880881,TRUE
1146,1305788,1146,2019_Grotenete,me-7-2b,VR2W-113524,51.1008,4.330483,02/11/2019 13:54,02/11/2019 14:28,14,NA,NA,NA,66388.60595,66047.19341,FALSE,72606.86242,29,02/11/2019 21:46,6559.669007,28308,0.231724919,TRUE
1147,1305788,1147,2019_Grotenete,me-7-2b,VR2W-113524,51.1008,4.330483,02/11/2019 18:28,02/11/2019 20:15,31,NA,NA,NA,66388.60595,66047.19341,TRUE,72606.86242,29,02/11/2019 21:46,6559.669007,11872,0.552532767,TRUE
1148,1305788,1148,2019_Grotenete,s-8a,VR2W-127719,51.14222,4.32646,02/11/2019 21:46,02/11/2019 21:49,3,5439,6559.669007,1.206043,72948.27496,72606.86242,FALSE,78314.02374,30,11/11/2019 16:53,5707.161319,759999,0.007509433,TRUE
1149,1305788,1149,2019_Grotenete,s-9,VR2W-122319,51.19069,4.32954,11/11/2019 16:53,11/11/2019 17:00,6,759811,5707.161319,0.007511,78655.43628,78314.02374,TRUE,86022.17104,31,11/11/2019 18:33,7708.147308,6041,1.275972075,TRUE
1150,1305788,1150,2019_Grotenete,s-10a,VR2W-127716,51.235423,4.396673,11/11/2019 18:33,11/11/2019 18:38,5,5587,7708.147308,1.379658,86363.58359,86022.17104,TRUE,100575.5524,32,12/11/2019 18:09,14553.38139,84953,0.171310977,TRUE
1151,1305788,1151,2019_Grotenete,s-12,VR2W-127732,51.30305,4.28731,12/11/2019 18:09,12/11/2019 18:10,2,84690,14553.38139,0.171843,100916.965,100575.5524,TRUE,125171.1861,34,13/11/2019 19:58,24595.63363,92904,0.264742461,TRUE
1152,1305788,1152,2019_Grotenete,s-STD3,VR2W-134898,51.330504,4.270161,12/11/2019 19:06,12/11/2019 19:08,2,3350,3855.62017,1.150931,104772.5851,104431.1726,TRUE,125171.1861,34,13/11/2019 19:58,20740.01346,89484,0.231773428,TRUE
1153,1305788,1153,2019_Grotenete,ws-55,VR2W-127734,51.40221,4.02998,13/11/2019 19:58,13/11/2019 20:00,3,89405,20740.01346,0.231978,125512.5986,125171.1861,FALSE,149520.9065,41,14/11/2019 19:40,24349.72045,85333,0.285349401,TRUE
1154,1305788,1154,2019_Grotenete,ws-53A,VR2W-127731,51.411167,4.029233,13/11/2019 20:07,13/11/2019 20:15,9,444,1041.430808,2.345565,126554.0294,125685.4227,FALSE,149520.9065,41,14/11/2019 19:40,23835.48382,84770,0.281178292,TRUE
1155,1305788,1155,2019_Grotenete,ws-42A,VR2W-127735,51.42251303,4.032860596,13/11/2019 20:19,13/11/2019 20:31,3,292,1424.267675,4.877629,127978.2971,125923.9588,TRUE,149520.9065,41,14/11/2019 19:40,23596.94775,84028,0.280822437,TRUE
1156,1305788,1156,2019_Grotenete,ws-HW6,VR2W-127725,51.43484,4.02702,13/11/2019 20:46,13/11/2019 20:51,3,936,1507.100174,1.61015,129485.3973,126962.4419,FALSE,149520.9065,41,14/11/2019 19:40,22558.46463,82415,0.273717947,TRUE
1157,1305788,1157,2019_Grotenete,ws-HW6,VR2W-127725,51.43484,4.02702,13/11/2019 23:50,13/11/2019 23:50,1,NA,NA,NA,129485.3973,126962.4419,FALSE,NA,NA,NA,NA,NA,NA,TRUE
1158,1305788,1158,2019_Grotenete,ws-42A,VR2W-127735,51.42251303,4.032860596,14/11/2019 01:10,14/11/2019 01:11,2,4781,1507.100174,0.315227,130992.4974,125923.9588,FALSE,149520.9065,41,14/11/2019 19:40,23596.94775,66623,0.354186208,TRUE
1159,1305788,1159,2019_Grotenete,ws-42A,VR2W-127735,51.42251303,4.032860596,14/11/2019 04:40,14/11/2019 04:44,4,NA,NA,NA,130992.4974,125923.9588,TRUE,149520.9065,41,14/11/2019 19:40,23596.94775,53989,0.437069547,TRUE
1160,1305788,1160,2019_Grotenete,ws-2C,VR2W-122329,51.4169613,3.7188079,14/11/2019 19:40,14/11/2019 19:41,2,53769,25088.22343,0.466593,156080.7209,149520.9065,TRUE,167731.0966,42,15/11/2019 06:52,18210.19006,40339,0.451428892,TRUE
1161,1305788,1161,2019_Grotenete,ws-TRAWL,VR2W-131002,51.437785,3.470347,15/11/2019 06:52,15/11/2019 06:58,5,40266,18210.19006,0.452247,174290.9109,167731.0966,NA,NA,NA,NA,NA,NA,NA,TRUE
1162,1305789,1162,2019_Grotenete,rel_grotenete1,none,51.144779,5.003906,02/10/2019 13:00,02/10/2019 13:00,1,NA,NA,NA,0,0,FALSE,7635.421578,3,16/10/2019 21:15,7635.421578,1239340,0.006160877,FALSE
1163,1305789,1163,2019_Grotenete,gn-13,VR2W-124066,51.119771,4.990306,03/10/2019 18:26,03/10/2019 18:44,18,105961,3438.453465,0.03245,3438.453465,3438.453465,FALSE,7635.421578,3,16/10/2019 21:15,4196.968113,1133379,0.003703058,FALSE
1164,1305789,1164,2019_Grotenete,gn-11,VR2W-127720,51.09592,4.957142,16/10/2019 21:15,16/10/2019 21:18,3,1132282,4338.377744,0.003832,7776.831209,7635.421578,FALSE,21357.31227,12,02/11/2019 21:30,13721.89069,1469685,0.00933662,FALSE
1165,1305789,1165,2019_Grotenete,gn-10,VR2W-122324,51.091558,4.945793,16/10/2019 21:40,16/10/2019 21:44,5,1333,1107.062052,0.830504,8883.893261,8742.48363,FALSE,21357.31227,12,02/11/2019 21:30,12614.82864,1468209,0.008591984,FALSE
1166,1305789,1166,2019_Grotenete,gn-9,VR2W-127109,51.081153,4.913762,16/10/2019 22:51,21/10/2019 07:56,4147,4003,2855.524863,0.713346,11739.41812,11598.00849,FALSE,21357.31227,12,02/11/2019 21:30,9759.303779,1463926,0.006666528,FALSE
1167,1305789,1167,2019_Grotenete,gn-9,VR2W-127109,51.081153,4.913762,21/10/2019 08:59,21/10/2019 11:55,16,NA,NA,NA,11739.41812,11598.00849,FALSE,21357.31227,12,02/11/2019 21:30,9759.303779,1081841,0.009021015,FALSE
1168,1305789,1168,2019_Grotenete,gn-9,VR2W-127109,51.081153,4.913762,21/10/2019 12:58,23/10/2019 08:15,1602,NA,NA,NA,11739.41812,11598.00849,FALSE,21357.31227,12,02/11/2019 21:30,9759.303779,1067518,0.009142051,FALSE
1169,1305789,1169,2019_Grotenete,gn-9,VR2W-127109,51.081153,4.913762,23/10/2019 09:34,23/10/2019 11:23,11,NA,NA,NA,11739.41812,11598.00849,FALSE,21357.31227,12,02/11/2019 21:30,9759.303779,906926,0.01076086,FALSE
1170,1305789,1170,2019_Grotenete,gn-9,VR2W-127109,51.081153,4.913762,23/10/2019 12:45,25/10/2019 00:14,1611,NA,NA,NA,11739.41812,11598.00849,FALSE,21357.31227,12,02/11/2019 21:30,9759.303779,895512,0.010898016,FALSE
1171,1305789,1171,2019_Grotenete,gn-9,VR2W-127109,51.081153,4.913762,25/10/2019 01:57,25/10/2019 02:18,2,NA,NA,NA,11739.41812,11598.00849,FALSE,21357.31227,12,02/11/2019 21:30,9759.303779,761584,0.012814481,FALSE
1172,1305789,1172,2019_Grotenete,gn-9,VR2W-127109,51.081153,4.913762,25/10/2019 05:13,27/10/2019 16:43,2210,NA,NA,NA,11739.41812,11598.00849,TRUE,21357.31227,12,02/11/2019 21:30,9759.303779,749844,0.013015112,TRUE
1173,1305789,1173,2019_Grotenete,gn-7,VR2W-122340,51.061848,4.787587,02/11/2019 21:30,02/11/2019 21:56,24,535610,9817.88091,0.01833,21557.29903,21357.31227,TRUE,31338.23349,14,03/11/2019 02:52,9980.921215,19306,0.516985456,TRUE
1174,1305789,1174,2019_Grotenete,gn-6,VR2W-122333,51.078636,4.757592,02/11/2019 23:23,02/11/2019 23:28,6,5242,3296.955011,0.62895,24854.25405,24654.26728,TRUE,31338.23349,14,03/11/2019 02:52,6683.966204,12518,0.533948411,TRUE
1175,1305789,1175,2019_Grotenete,gn-5,VR2W-122332,51.125942,4.718199,03/11/2019 02:52,03/11/2019 02:55,4,12198,6683.966204,0.547956,31538.22025,31338.23349,TRUE,35783.62643,15,03/11/2019 18:04,4445.392939,54745,0.081201807,TRUE
1176,1305789,1176,2019_Grotenete,gn-4,VR2W-122353,51.135075,4.664932,03/11/2019 18:04,03/11/2019 18:11,8,54545,4503.97007,0.082573,36042.19032,35783.62643,FALSE,39887.6149,18,05/11/2019 00:06,4103.98847,108126,0.037955612,TRUE
1177,1305789,1177,2019_Grotenete,gn-4,VR2W-122353,51.135075,4.664932,03/11/2019 20:33,03/11/2019 20:43,10,NA,NA,NA,36042.19032,35783.62643,FALSE,39887.6149,18,05/11/2019 00:06,4103.98847,99182,0.04137836,TRUE
1178,1305789,1178,2019_Grotenete,gn-4,VR2W-122353,51.135075,4.664932,03/11/2019 23:06,03/11/2019 23:18,12,NA,NA,NA,36042.19032,35783.62643,TRUE,39887.6149,18,05/11/2019 00:06,4103.98847,89996,0.045601899,TRUE
1179,1305789,1179,2019_Grotenete,gn-3,VR2W-122365,51.130352,4.617316,05/11/2019 00:06,05/11/2019 00:14,7,89320,4186.83712,0.046875,40229.02744,39887.6149,TRUE,44215.90202,20,05/11/2019 02:58,4328.287125,10306,0.419977404,TRUE
1180,1305789,1180,2019_Grotenete,gn-2,VR2W-127721,51.135829,4.5937,05/11/2019 01:38,05/11/2019 02:06,22,5052,2138.410314,0.42328,42367.43775,42026.02521,TRUE,46288.62457,21,05/11/2019 17:38,4262.599357,57586,0.074021452,TRUE
1181,1305789,1181,2019_Grotenete,bn-3,VR2W-124063,51.126391,4.571903,05/11/2019 02:58,05/11/2019 04:32,89,3090,2189.87681,0.708698,44557.31456,44215.90202,TRUE,50582.61415,22,06/11/2019 01:11,6366.712132,79961,0.079622718,TRUE
1182,1305789,1182,2019_Grotenete,bn-2,VR2W-124078,51.117416,4.549158,05/11/2019 17:38,05/11/2019 17:46,8,47160,2072.722547,0.043951,46630.03711,46288.62457,TRUE,50582.61415,22,06/11/2019 01:11,4293.989585,27168,0.158053209,TRUE
1183,1305789,1183,2019_Grotenete,bn-1,VR2W-122351,51.093001,4.506837,06/11/2019 01:11,06/11/2019 01:41,28,26690,4293.989585,0.160884,50924.0267,50582.61415,TRUE,55176.55966,23,06/11/2019 03:30,4593.945504,8364,0.549252212,TRUE
1184,1305789,1184,2019_Grotenete,bn-Walem,VR2W-122339,51.07183,4.45474,06/11/2019 03:30,06/11/2019 03:56,19,6526,4593.945504,0.703945,55517.9722,55176.55966,FALSE,62601.73428,25,08/11/2019 14:36,7425.174625,212743,0.034902087,TRUE
1185,1305789,1185,2019_Grotenete,bn-Walem,VR2W-122339,51.07183,4.45474,07/11/2019 00:03,07/11/2019 00:35,5,NA,NA,NA,55517.9722,55176.55966,TRUE,62601.73428,25,08/11/2019 14:36,7425.174625,138744,0.053517086,TRUE
1186,1305789,1186,2019_Grotenete,ru-1,VR2W-122328,51.082273,4.366215,08/11/2019 14:36,08/11/2019 15:19,27,136866,7425.174625,0.054251,62943.14682,62601.73428,TRUE,72906.86678,27,11/11/2019 16:52,10305.1325,267399,0.038538411,TRUE
1187,1305789,1187,2019_Grotenete,me-7-2b,VR2W-113524,51.1008,4.330483,08/11/2019 16:46,08/11/2019 16:57,10,5220,3445.459128,0.66005,66388.60595,66047.19341,TRUE,72906.86678,27,11/11/2019 16:52,6859.673374,259612,0.02642279,TRUE
1188,1305789,1188,2019_Grotenete,s-8,VR2W-112295,51.14319,4.33078,11/11/2019 16:52,11/11/2019 16:52,1,258955,6859.673374,0.02649,73248.27933,72906.86678,TRUE,78555.4429,28,11/11/2019 17:49,5648.576113,3421,1.651147651,TRUE
1189,1305789,1189,2019_Grotenete,s-9a,VR2W-127738,51.19068,4.33602,11/11/2019 17:49,11/11/2019 18:00,9,3421,5648.576113,1.651148,78896.85544,78555.4429,TRUE,86022.17104,29,11/11/2019 19:16,7466.728147,5203,1.435081328,TRUE
1190,1305789,1190,2019_Grotenete,s-10a,VR2W-127716,51.235423,4.396673,11/11/2019 19:16,11/11/2019 19:18,3,4581,7466.728147,1.629934,86363.58359,86022.17104,TRUE,100575.5524,30,12/11/2019 04:26,14553.38139,33001,0.440998194,TRUE
1191,1305789,1191,2019_Grotenete,s-12,VR2W-127732,51.30305,4.28731,12/11/2019 04:26,12/11/2019 04:29,3,32874,14553.38139,0.442702,100916.965,100575.5524,TRUE,125923.9588,31,12/11/2019 16:24,25348.40633,43052,0.588785802,TRUE
1192,1305789,1192,2019_Grotenete,ws-42A,VR2W-127735,51.42251303,4.032860596,12/11/2019 16:24,12/11/2019 16:27,4,42894,25348.40633,0.590955,126265.3713,125923.9588,TRUE,149520.9065,32,13/11/2019 06:25,23596.94775,50489,0.467368095,TRUE
1193,1305789,1193,2019_Grotenete,ws-2C,VR2W-122329,51.4169613,3.7188079,13/11/2019 06:25,13/11/2019 06:28,4,50308,25088.22343,0.498693,151353.5947,149520.9065,TRUE,167775.3959,34,13/11/2019 17:20,18254.48939,39312,0.464349038,TRUE
1194,1305789,1194,2019_Grotenete,ws-borssele,VR2AR-546900,51.43161667,3.704916667,13/11/2019 06:46,13/11/2019 06:57,11,1046,1972.76954,1.886013,153326.3643,151259.3675,TRUE,167775.3959,34,13/11/2019 17:20,16516.02838,38071,0.433821764,TRUE
1195,1305789,1195,2019_Grotenete,ws-WN2,VR2Tx-480061,51.428174,3.462181,13/11/2019 17:20,13/11/2019 17:21,2,37388,17106.00302,0.457527,170432.3673,167775.3959,NA,NA,NA,NA,NA,NA,NA,TRUE
1196,1305790,1196,2019_Grotenete,rel_grotenete1,none,51.144779,5.003906,02/10/2019 13:00,02/10/2019 13:00,1,NA,NA,NA,0,0,FALSE,7635.421578,4,23/12/2019 23:13,7635.421578,7121638,0.001072144,FALSE
1197,1305790,1197,2019_Grotenete,gn-14,VR2W-122358,51.138267,4.996319,23/12/2019 19:45,23/12/2019 19:48,3,7109154,1048.509145,0.000147,1048.509145,1048.509145,TRUE,7635.421578,4,23/12/2019 23:13,6586.912433,12484,0.527628359,TRUE
1198,1305790,1198,2019_Grotenete,gn-13,VR2W-124066,51.119771,4.990306,23/12/2019 20:55,23/12/2019 20:59,4,4015,2389.94432,0.595254,3438.453465,3438.453465,TRUE,7635.421578,4,23/12/2019 23:13,4196.968113,8307,0.505232709,TRUE
1199,1305790,1199,2019_Grotenete,gn-11,VR2W-127720,51.09592,4.957142,23/12/2019 23:13,23/12/2019 23:16,4,8092,4338.377744,0.536132,7776.831209,7635.421578,TRUE,21357.31227,7,24/12/2019 04:41,13721.89069,19648,0.698386131,TRUE
1200,1305790,1200,2019_Grotenete,gn-10,VR2W-122324,51.091558,4.945793,23/12/2019 23:45,23/12/2019 23:47,3,1739,1107.062052,0.636608,8883.893261,8742.48363,TRUE,21357.31227,7,24/12/2019 04:41,12614.82864,17741,0.711055106,TRUE
1201,1305790,1201,2019_Grotenete,gn-9,VR2W-127109,51.081153,4.913762,24/12/2019 00:49,24/12/2019 00:52,4,3700,2855.524863,0.771763,11739.41812,11598.00849,TRUE,21357.31227,7,24/12/2019 04:41,9759.303779,13913,0.701452151,TRUE
1202,1305790,1202,2019_Grotenete,gn-7,VR2W-122340,51.061848,4.787587,24/12/2019 04:41,10/01/2020 16:42,23681,13715,9817.88091,0.71585,21557.29903,21357.31227,FALSE,31338.23349,9,10/01/2020 21:40,9980.921215,1529952,0.006523683,TRUE
1203,1305790,1203,2019_Grotenete,gn-6,VR2W-122333,51.078636,4.757592,10/01/2020 18:07,10/01/2020 18:12,5,5141,3296.955011,0.641306,24854.25405,24654.26728,TRUE,31338.23349,9,10/01/2020 21:40,6683.966204,12776,0.523165796,TRUE
1204,1305790,1204,2019_Grotenete,gn-5,VR2W-122332,51.125942,4.718199,10/01/2020 21:40,10/01/2020 21:42,3,12506,6683.966204,0.534461,31538.22025,31338.23349,TRUE,35783.62643,10,11/01/2020 00:04,4445.392939,8656,0.513562031,TRUE
1205,1305790,1205,2019_Grotenete,gn-4,VR2W-122353,51.135075,4.664932,11/01/2020 00:04,11/01/2020 00:09,5,8542,4503.97007,0.527273,36042.19032,35783.62643,TRUE,39887.6149,11,11/01/2020 17:04,4103.98847,61169,0.06709262,TRUE
1206,1305790,1206,2019_Grotenete,gn-3,VR2W-122365,51.130352,4.617316,11/01/2020 17:04,11/01/2020 17:29,22,60892,4186.83712,0.068758,40229.02744,39887.6149,TRUE,44215.90202,13,11/01/2020 19:47,4328.287125,9810,0.441211735,TRUE
1207,1305790,1207,2019_Grotenete,gn-2,VR2W-127721,51.135829,4.5937,11/01/2020 18:59,11/01/2020 19:25,19,5393,2138.410314,0.396516,42367.43775,42026.02521,TRUE,46288.62457,14,11/01/2020 20:30,4262.599357,5493,0.776005709,TRUE
1208,1305790,1208,2019_Grotenete,bn-3,VR2W-124063,51.126391,4.571903,11/01/2020 19:47,11/01/2020 19:52,5,1363,2189.87681,1.606659,44557.31456,44215.90202,TRUE,50582.61415,15,11/01/2020 22:01,6366.712132,8006,0.795242585,TRUE
1209,1305790,1209,2019_Grotenete,bn-2,VR2W-124078,51.117416,4.549158,11/01/2020 20:30,11/01/2020 20:36,5,2280,2072.722547,0.909089,46630.03711,46288.62457,TRUE,50582.61415,15,11/01/2020 22:01,4293.989585,5440,0.789336321,TRUE
1210,1305790,1210,2019_Grotenete,bn-1,VR2W-122351,51.093001,4.506837,11/01/2020 22:01,11/01/2020 22:14,12,5112,4293.989585,0.839982,50924.0267,50582.61415,TRUE,55176.55966,16,11/01/2020 23:57,4593.945504,6962,0.659860026,TRUE
1211,1305790,1211,2019_Grotenete,bn-Walem,VR2W-122339,51.07183,4.45474,11/01/2020 23:57,12/01/2020 00:01,5,6159,4593.945504,0.745891,55517.9722,55176.55966,FALSE,62601.73428,18,12/01/2020 08:13,7425.174625,29767,0.249443163,TRUE
1212,1305790,1212,2019_Grotenete,bn-Walem,VR2W-122339,51.07183,4.45474,12/01/2020 05:39,12/01/2020 05:59,16,NA,NA,NA,55517.9722,55176.55966,TRUE,62601.73428,18,12/01/2020 08:13,7425.174625,9222,0.805158819,TRUE
1213,1305790,1213,2019_Grotenete,ru-1,VR2W-122328,51.082273,4.366215,12/01/2020 08:13,12/01/2020 08:21,7,8030,7425.174625,0.924679,62943.14682,62601.73428,TRUE,78555.4429,20,12/01/2020 19:13,15953.70862,39618,0.402688389,TRUE
1214,1305790,1214,2019_Grotenete,me-7-2b,VR2W-113524,51.1008,4.330483,12/01/2020 09:23,12/01/2020 09:25,3,3715,3445.459128,0.927445,66388.60595,66047.19341,TRUE,78555.4429,20,12/01/2020 19:13,12508.24949,35410,0.353240596,TRUE
1215,1305790,1215,2019_Grotenete,s-9a,VR2W-127738,51.19068,4.33602,12/01/2020 19:13,12/01/2020 19:14,2,35302,12508.24949,0.354321,78896.85544,78555.4429,TRUE,86022.17104,21,12/01/2020 20:37,7466.728147,5004,1.492151908,TRUE
1216,1305790,1216,2019_Grotenete,s-10a,VR2W-127716,51.235423,4.396673,12/01/2020 20:37,12/01/2020 20:41,2,4959,7466.728147,1.505692,86363.58359,86022.17104,TRUE,104431.1726,22,13/01/2020 21:21,18409.00156,89047,0.20673354,TRUE
1217,1305790,1217,2019_Grotenete,s-STD3,VR2W-134898,51.330504,4.270161,13/01/2020 21:21,13/01/2020 21:22,2,88815,18409.00156,0.207274,104772.5851,104431.1726,TRUE,151259.3675,23,15/01/2020 21:34,46828.19492,173600,0.269747667,TRUE
1218,1305790,1218,2019_Grotenete,ws-borssele,VR2AR-546900,51.43161667,3.704916667,15/01/2020 21:34,15/01/2020 21:34,1,173534,46828.19492,0.26985,151600.7801,151259.3675,NA,NA,NA,NA,NA,NA,NA,TRUE
1219,1305791,1219,2019_Grotenete,rel_grotenete1,none,51.144779,5.003906,02/10/2019 13:00,02/10/2019 13:00,1,NA,NA,NA,0,0,FALSE,7635.421578,4,25/12/2019 06:48,7635.421578,7235314,0.001055299,FALSE
1220,1305791,1220,2019_Grotenete,gn-14,VR2W-122358,51.138267,4.996319,17/10/2019 17:39,17/10/2019 17:41,3,1312762,1048.509145,0.000799,1048.509145,1048.509145,FALSE,7635.421578,4,25/12/2019 06:48,6586.912433,5922552,0.001112175,FALSE
1221,1305791,1221,2019_Grotenete,gn-13,VR2W-124066,51.119771,4.990306,17/10/2019 18:35,17/10/2019 18:38,4,3242,2389.94432,0.737182,3438.453465,3438.453465,FALSE,7635.421578,4,25/12/2019 06:48,4196.968113,5919192,0.000709044,FALSE
1222,1305791,1222,2019_Grotenete,gn-11,VR2W-127720,51.09592,4.957142,25/12/2019 06:48,25/12/2019 07:14,29,5919012,4338.377744,0.000733,7776.831209,7635.421578,NA,NA,NA,NA,NA,NA,NA,FALSE
1223,1305791,1223,2019_Grotenete,gn-10,VR2W-122324,51.091558,4.945793,25/12/2019 12:12,25/12/2019 13:29,67,17898,1107.062052,0.061854,8883.893261,8742.48363,NA,NA,NA,NA,NA,NA,NA,FALSE
1224,1305792,1224,2019_Grotenete,rel_grotenete1,none,51.144779,5.003906,02/10/2019 13:00,02/10/2019 13:00,1,NA,NA,NA,0,0,FALSE,7635.421578,3,16/10/2019 18:13,7635.421578,1228390,0.006215796,FALSE
1225,1305792,1225,2019_Grotenete,gn-13,VR2W-124066,51.119771,4.990306,03/10/2019 04:29,03/10/2019 04:31,3,55755,3438.453465,0.061671,3438.453465,3438.453465,FALSE,7635.421578,3,16/10/2019 18:13,4196.968113,1172635,0.003579092,FALSE
1226,1305792,1226,2019_Grotenete,gn-11,VR2W-127720,51.09592,4.957142,16/10/2019 18:13,16/10/2019 18:15,4,1172513,4338.377744,0.0037,7776.831209,7635.421578,TRUE,21357.31227,7,17/10/2019 22:27,13721.89069,101669,0.134966319,TRUE
1227,1305792,1227,2019_Grotenete,gn-10,VR2W-122324,51.091558,4.945793,16/10/2019 18:43,16/10/2019 19:53,21,1678,1107.062052,0.659751,8883.893261,8742.48363,FALSE,21357.31227,7,17/10/2019 22:27,12614.82864,99822,0.126373231,TRUE
1228,1305792,1228,2019_Grotenete,gn-10,VR2W-122324,51.091558,4.945793,17/10/2019 17:41,17/10/2019 17:44,4,NA,NA,NA,8883.893261,8742.48363,TRUE,21357.31227,7,17/10/2019 22:27,12614.82864,17193,0.733718876,TRUE
1229,1305792,1229,2019_Grotenete,gn-9,VR2W-127109,51.081153,4.913762,17/10/2019 18:42,17/10/2019 18:46,5,3448,2855.524863,0.828168,11739.41812,11598.00849,TRUE,21357.31227,7,17/10/2019 22:27,9759.303779,13539,0.720828996,TRUE
1230,1305792,1230,2019_Grotenete,gn-7,VR2W-122340,51.061848,4.787587,17/10/2019 22:27,18/10/2019 00:28,50,13297,9817.88091,0.738353,21557.29903,21357.31227,FALSE,31338.23349,22,24/10/2019 22:56,9980.921215,606533,0.016455694,TRUE
1231,1305792,1231,2019_Grotenete,gn-7,VR2W-122340,51.061848,4.787587,18/10/2019 01:35,18/10/2019 04:53,47,NA,NA,NA,21557.29903,21357.31227,FALSE,31338.23349,22,24/10/2019 22:56,9980.921215,595287,0.01676657,TRUE
1232,1305792,1232,2019_Grotenete,gn-7,VR2W-122340,51.061848,4.787587,18/10/2019 18:12,18/10/2019 23:29,273,NA,NA,NA,21557.29903,21357.31227,FALSE,31338.23349,22,24/10/2019 22:56,9980.921215,535438,0.018640667,TRUE
1233,1305792,1233,2019_Grotenete,gn-7,VR2W-122340,51.061848,4.787587,19/10/2019 06:17,19/10/2019 07:07,6,NA,NA,NA,21557.29903,21357.31227,FALSE,31338.23349,22,24/10/2019 22:56,9980.921215,491959,0.020288116,TRUE
1234,1305792,1234,2019_Grotenete,gn-7,VR2W-122340,51.061848,4.787587,19/10/2019 11:18,19/10/2019 12:53,14,NA,NA,NA,21557.29903,21357.31227,FALSE,31338.23349,22,24/10/2019 22:56,9980.921215,473905,0.021061017,TRUE
1235,1305792,1235,2019_Grotenete,gn-7,VR2W-122340,51.061848,4.787587,21/10/2019 03:27,21/10/2019 05:30,24,NA,NA,NA,21557.29903,21357.31227,FALSE,31338.23349,22,24/10/2019 22:56,9980.921215,329327,0.030307024,TRUE
1236,1305792,1236,2019_Grotenete,gn-7,VR2W-122340,51.061848,4.787587,21/10/2019 07:00,21/10/2019 08:22,12,NA,NA,NA,21557.29903,21357.31227,FALSE,31338.23349,22,24/10/2019 22:56,9980.921215,316541,0.031531211,TRUE
1237,1305792,1237,2019_Grotenete,gn-7,VR2W-122340,51.061848,4.787587,21/10/2019 09:25,21/10/2019 19:14,159,NA,NA,NA,21557.29903,21357.31227,FALSE,31338.23349,22,24/10/2019 22:56,9980.921215,307873,0.032418956,TRUE
1238,1305792,1238,2019_Grotenete,gn-7,VR2W-122340,51.061848,4.787587,21/10/2019 21:36,21/10/2019 21:37,2,NA,NA,NA,21557.29903,21357.31227,FALSE,31338.23349,22,24/10/2019 22:56,9980.921215,264018,0.037803942,TRUE
1239,1305792,1239,2019_Grotenete,gn-7,VR2W-122340,51.061848,4.787587,21/10/2019 22:46,21/10/2019 22:46,1,NA,NA,NA,21557.29903,21357.31227,FALSE,31338.23349,22,24/10/2019 22:56,9980.921215,259776,0.03842126,TRUE
1240,1305792,1240,2019_Grotenete,gn-7,VR2W-122340,51.061848,4.787587,22/10/2019 01:01,22/10/2019 06:59,101,NA,NA,NA,21557.29903,21357.31227,FALSE,31338.23349,22,24/10/2019 22:56,9980.921215,251688,0.039655928,TRUE
1241,1305792,1241,2019_Grotenete,gn-7,VR2W-122340,51.061848,4.787587,22/10/2019 08:37,23/10/2019 06:00,488,NA,NA,NA,21557.29903,21357.31227,FALSE,31338.23349,22,24/10/2019 22:56,9980.921215,224356,0.044486981,TRUE
1242,1305792,1242,2019_Grotenete,gn-7,VR2W-122340,51.061848,4.787587,23/10/2019 08:49,23/10/2019 11:01,26,NA,NA,NA,21557.29903,21357.31227,FALSE,31338.23349,22,24/10/2019 22:56,9980.921215,137220,0.072736636,TRUE
1243,1305792,1243,2019_Grotenete,gn-7,VR2W-122340,51.061848,4.787587,23/10/2019 13:20,23/10/2019 18:05,179,NA,NA,NA,21557.29903,21357.31227,TRUE,31338.23349,22,24/10/2019 22:56,9980.921215,120963,0.082512183,TRUE
1244,1305792,1244,2019_Grotenete,gn-6,VR2W-122333,51.078636,4.757592,24/10/2019 18:54,24/10/2019 19:11,16,89348,3296.955011,0.0369,24854.25405,24654.26728,TRUE,31338.23349,22,24/10/2019 22:56,6683.966204,14543,0.459600234,TRUE
1245,1305792,1245,2019_Grotenete,gn-5,VR2W-122332,51.125942,4.718199,24/10/2019 22:56,24/10/2019 22:59,4,13500,6683.966204,0.495109,31538.22025,31338.23349,TRUE,35783.62643,23,25/10/2019 18:26,4445.392939,70203,0.06332198,TRUE
1246,1305792,1246,2019_Grotenete,gn-4,VR2W-122353,51.135075,4.664932,25/10/2019 18:26,25/10/2019 18:33,8,70019,4503.97007,0.064325,36042.19032,35783.62643,TRUE,39887.6149,24,25/10/2019 21:06,4103.98847,9578,0.428480734,TRUE
1247,1305792,1247,2019_Grotenete,gn-3,VR2W-122365,51.130352,4.617316,25/10/2019 21:06,25/10/2019 21:12,7,9184,4186.83712,0.455884,40229.02744,39887.6149,TRUE,44215.90202,26,26/10/2019 18:45,4328.287125,77976,0.05550794,TRUE
1248,1305792,1248,2019_Grotenete,gn-2,VR2W-127721,51.135829,4.5937,26/10/2019 18:00,26/10/2019 18:21,19,74901,2138.410314,0.02855,42367.43775,42026.02521,TRUE,46288.62457,27,26/10/2019 19:55,4262.599357,6887,0.618934131,TRUE
1249,1305792,1249,2019_Grotenete,bn-3,VR2W-124063,51.126391,4.571903,26/10/2019 18:45,26/10/2019 18:54,8,1478,2189.87681,1.481649,44557.31456,44215.90202,TRUE,50582.61415,30,27/10/2019 07:55,6366.712132,47376,0.134386865,TRUE
1250,1305792,1250,2019_Grotenete,bn-2,VR2W-124078,51.117416,4.549158,26/10/2019 19:55,26/10/2019 21:23,13,3669,2072.722547,0.564928,46630.03711,46288.62457,FALSE,50582.61415,30,27/10/2019 07:55,4293.989585,43189,0.099423223,TRUE
1251,1305792,1251,2019_Grotenete,bn-2,VR2W-124078,51.117416,4.549158,26/10/2019 22:54,26/10/2019 23:52,12,NA,NA,NA,46630.03711,46288.62457,FALSE,50582.61415,30,27/10/2019 07:55,4293.989585,32481,0.132200043,TRUE
1252,1305792,1252,2019_Grotenete,bn-2,VR2W-124078,51.117416,4.549158,27/10/2019 00:53,27/10/2019 04:31,133,NA,NA,NA,46630.03711,46288.62457,TRUE,50582.61415,30,27/10/2019 07:55,4293.989585,25341,0.169448308,TRUE
1253,1305792,1253,2019_Grotenete,bn-1,VR2W-122351,51.093001,4.506837,27/10/2019 07:55,27/10/2019 08:15,20,12209,4293.989585,0.351707,50924.0267,50582.61415,TRUE,55176.55966,31,27/10/2019 19:01,4593.945504,39952,0.114986622,TRUE
1254,1305792,1254,2019_Grotenete,bn-Walem,VR2W-122339,51.07183,4.45474,27/10/2019 19:01,27/10/2019 19:16,14,38738,4593.945504,0.11859,55517.9722,55176.55966,TRUE,62601.73428,32,27/10/2019 22:28,7425.174625,12436,0.597070973,TRUE
1255,1305792,1255,2019_Grotenete,ru-1,VR2W-122328,51.082273,4.366215,27/10/2019 22:28,27/10/2019 22:29,2,11515,7425.174625,0.644826,62943.14682,62601.73428,FALSE,72606.86242,35,29/10/2019 16:33,10005.12814,151503,0.066039142,TRUE
1256,1305792,1256,2019_Grotenete,ru-1,VR2W-122328,51.082273,4.366215,28/10/2019 09:14,28/10/2019 09:39,15,NA,NA,NA,62943.14682,62601.73428,TRUE,72606.86242,35,29/10/2019 16:33,10005.12814,112723,0.088758533,TRUE
1257,1305792,1257,2019_Grotenete,me-7-2b,VR2W-113524,51.1008,4.330483,28/10/2019 19:30,28/10/2019 19:40,9,35504,3445.459128,0.097044,66388.60595,66047.19341,TRUE,72606.86242,35,29/10/2019 16:33,6559.669007,75769,0.086574575,TRUE
1258,1305792,1258,2019_Grotenete,s-8a,VR2W-127719,51.14222,4.32646,29/10/2019 16:33,29/10/2019 16:56,14,75161,6559.669007,0.087275,72948.27496,72606.86242,TRUE,78314.02374,36,29/10/2019 17:53,5707.161319,4766,1.197474049,TRUE
1259,1305792,1259,2019_Grotenete,s-9,VR2W-122319,51.19069,4.32954,29/10/2019 17:53,29/10/2019 17:58,3,3394,5707.161319,1.681544,78655.43628,78314.02374,TRUE,86163.58875,37,29/10/2019 19:07,7849.565013,4459,1.760386861,TRUE
1260,1305792,1260,2019_Grotenete,ak-41,VR2W-126195,51.239128,4.397469,29/10/2019 19:07,29/10/2019 19:08,2,4142,7849.565013,1.895115,86505.00129,86163.58875,TRUE,100616.9768,38,31/10/2019 07:56,14453.38801,132563,0.109030333,TRUE
1261,1305792,1261,2019_Grotenete,s-11,VR2W-127728,51.29646,4.2857,31/10/2019 07:56,31/10/2019 08:00,4,132503,14453.38801,0.10908,100958.3893,100616.9768,TRUE,125685.4227,40,31/10/2019 21:34,25068.44593,49074,0.510829481,TRUE
1262,1305792,1262,2019_Grotenete,s-STD3,VR2W-134898,51.330504,4.270161,31/10/2019 09:02,31/10/2019 09:04,2,3698,4097.047406,1.107909,105055.4367,104431.1726,TRUE,125685.4227,40,31/10/2019 21:34,21254.25008,45157,0.470674537,TRUE
1263,1305792,1263,2019_Grotenete,ws-53A,VR2W-127731,51.411167,4.029233,31/10/2019 21:34,31/10/2019 21:38,5,45037,21254.25008,0.471929,126309.6868,125685.4227,FALSE,NA,NA,NA,NA,NA,NA,TRUE
1264,1305792,1264,2019_Grotenete,ws-53A,VR2W-127731,51.411167,4.029233,01/11/2019 03:20,01/11/2019 03:22,3,NA,NA,NA,126309.6868,125685.4227,FALSE,NA,NA,NA,NA,NA,NA,FALSE
1265,1305792,1265,2019_Grotenete,ws-55,VR2W-127734,51.40221,4.02998,01/11/2019 03:29,01/11/2019 03:34,4,447,1041.430808,2.329823,127351.1176,125171.1861,FALSE,NA,NA,NA,NA,NA,NA,FALSE
1266,1305792,1266,2019_Grotenete,ws-55,VR2W-127734,51.40221,4.02998,01/11/2019 05:48,01/11/2019 06:36,40,NA,NA,NA,127351.1176,125171.1861,FALSE,NA,NA,NA,NA,NA,NA,FALSE
1267,1305792,1267,2019_Grotenete,ws-53A,VR2W-127731,51.411167,4.029233,01/11/2019 07:00,01/11/2019 07:03,4,1418,1041.430808,0.734436,128392.5484,125685.4227,FALSE,NA,NA,NA,NA,NA,NA,FALSE
1268,1305792,1268,2019_Grotenete,ws-53A,VR2W-127731,51.411167,4.029233,01/11/2019 11:37,01/11/2019 12:13,19,NA,NA,NA,128392.5484,125685.4227,FALSE,NA,NA,NA,NA,NA,NA,FALSE
1269,1305792,1269,2019_Grotenete,ws-55,VR2W-127734,51.40221,4.02998,01/11/2019 12:45,01/11/2019 13:47,24,1878,1041.430808,0.554542,129433.9792,125171.1861,FALSE,NA,NA,NA,NA,NA,NA,FALSE
1270,1305792,1270,2019_Grotenete,ws-53A,VR2W-127731,51.411167,4.029233,01/11/2019 14:05,01/11/2019 16:18,18,1076,1041.430808,0.967872,130475.41,125685.4227,FALSE,NA,NA,NA,NA,NA,NA,FALSE
1271,1305792,1271,2019_Grotenete,ws-55,VR2W-127734,51.40221,4.02998,01/11/2019 16:23,01/11/2019 17:58,38,292,1041.430808,3.566544,131516.8408,125171.1861,FALSE,NA,NA,NA,NA,NA,NA,FALSE
1272,1305792,1272,2019_Grotenete,ws-53A,VR2W-127731,51.411167,4.029233,01/11/2019 17:58,01/11/2019 17:58,1,3,1041.430808,347.143603,132558.2716,125685.4227,FALSE,NA,NA,NA,NA,NA,NA,FALSE
1273,1305792,1273,2019_Grotenete,ws-55,VR2W-127734,51.40221,4.02998,01/11/2019 17:58,01/11/2019 18:00,3,44,1041.430808,23.668882,133599.7024,125171.1861,FALSE,NA,NA,NA,NA,NA,NA,FALSE
1274,1305792,1274,2019_Grotenete,ws-53A,VR2W-127731,51.411167,4.029233,01/11/2019 18:00,01/11/2019 18:00,1,4,1041.430808,260.357702,134641.1333,125685.4227,FALSE,NA,NA,NA,NA,NA,NA,FALSE
1275,1305792,1275,2019_Grotenete,ws-55,VR2W-127734,51.40221,4.02998,01/11/2019 18:02,01/11/2019 18:05,4,73,1041.430808,14.266175,135682.5641,125171.1861,FALSE,NA,NA,NA,NA,NA,NA,FALSE
1276,1305792,1276,2019_Grotenete,ws-53A,VR2W-127731,51.411167,4.029233,01/11/2019 18:05,01/11/2019 18:05,1,3,1041.430808,347.143603,136723.9949,125685.4227,FALSE,NA,NA,NA,NA,NA,NA,FALSE
1277,1305792,1277,2019_Grotenete,ws-55,VR2W-127734,51.40221,4.02998,01/11/2019 18:07,01/11/2019 19:13,44,112,1041.430808,9.298489,137765.4257,125171.1861,FALSE,NA,NA,NA,NA,NA,NA,FALSE
1278,1305792,1278,2019_Grotenete,ws-53A,VR2W-127731,51.411167,4.029233,01/11/2019 19:28,01/11/2019 19:35,4,909,1041.430808,1.145688,138806.8565,125685.4227,FALSE,NA,NA,NA,NA,NA,NA,FALSE
1279,1305792,1279,2019_Grotenete,ws-53A,VR2W-127731,51.411167,4.029233,01/11/2019 22:53,01/11/2019 23:50,16,NA,NA,NA,138806.8565,125685.4227,FALSE,NA,NA,NA,NA,NA,NA,FALSE
1280,1305792,1280,2019_Grotenete,ws-55,VR2W-127734,51.40221,4.02998,01/11/2019 23:51,01/11/2019 23:51,1,49,1041.430808,21.25369,139848.2873,125171.1861,FALSE,NA,NA,NA,NA,NA,NA,FALSE
1281,1305792,1281,2019_Grotenete,ws-53A,VR2W-127731,51.411167,4.029233,01/11/2019 23:51,02/11/2019 00:09,3,2,1041.430808,520.715404,140889.7181,125685.4227,FALSE,NA,NA,NA,NA,NA,NA,FALSE
1282,1305792,1282,2019_Grotenete,ws-55,VR2W-127734,51.40221,4.02998,02/11/2019 04:57,02/11/2019 05:00,2,17285,1041.430808,0.060251,141931.1489,125171.1861,FALSE,NA,NA,NA,NA,NA,NA,FALSE
1283,1305792,1283,2019_Grotenete,ws-53A,VR2W-127731,51.411167,4.029233,02/11/2019 05:09,02/11/2019 05:52,14,566,1041.430808,1.839984,142972.5797,125685.4227,FALSE,NA,NA,NA,NA,NA,NA,FALSE
1284,1305792,1284,2019_Grotenete,ws-55,VR2W-127734,51.40221,4.02998,02/11/2019 06:09,02/11/2019 07:16,59,992,1041.430808,1.049829,144014.0105,125171.1861,FALSE,NA,NA,NA,NA,NA,NA,FALSE
1285,1305792,1285,2019_Grotenete,ws-53A,VR2W-127731,51.411167,4.029233,02/11/2019 07:18,02/11/2019 07:40,13,132,1041.430808,7.889627,145055.4413,125685.4227,FALSE,NA,NA,NA,NA,NA,NA,FALSE
1286,1305792,1286,2019_Grotenete,ws-53A,VR2W-127731,51.411167,4.029233,02/11/2019 16:06,02/11/2019 16:06,1,NA,NA,NA,145055.4413,125685.4227,FALSE,NA,NA,NA,NA,NA,NA,FALSE
1287,1305792,1287,2019_Grotenete,ws-55,VR2W-127734,51.40221,4.02998,02/11/2019 16:48,02/11/2019 17:15,26,2500,1041.430808,0.416572,146096.8721,125171.1861,FALSE,NA,NA,NA,NA,NA,NA,FALSE
1288,1305792,1288,2019_Grotenete,ws-53A,VR2W-127731,51.411167,4.029233,02/11/2019 17:42,02/11/2019 17:42,1,1650,1041.430808,0.63117,147138.303,125685.4227,FALSE,NA,NA,NA,NA,NA,NA,FALSE
1289,1305792,1289,2019_Grotenete,ws-55,VR2W-127734,51.40221,4.02998,02/11/2019 18:00,02/11/2019 20:28,53,1091,1041.430808,0.954565,148179.7338,125171.1861,FALSE,NA,NA,NA,NA,NA,NA,FALSE
1290,1305792,1290,2019_Grotenete,ws-53A,VR2W-127731,51.411167,4.029233,02/11/2019 20:59,02/11/2019 21:19,12,1858,1041.430808,0.560512,149221.1646,125685.4227,FALSE,NA,NA,NA,NA,NA,NA,FALSE
1291,1305792,1291,2019_Grotenete,ws-53A,VR2W-127731,51.411167,4.029233,02/11/2019 22:23,02/11/2019 22:28,6,NA,NA,NA,149221.1646,125685.4227,NA,NA,NA,NA,NA,NA,NA,FALSE
1292,1305793,1292,2019_Grotenete,rel_grotenete1,none,51.144779,5.003906,02/10/2019 13:00,02/10/2019 13:00,1,NA,NA,NA,0,0,FALSE,7635.421578,7,17/10/2019 19:33,7635.421578,1319633,0.005786019,FALSE
1293,1305793,1293,2019_Grotenete,gn-14,VR2W-122358,51.138267,4.996319,17/10/2019 02:16,17/10/2019 02:33,16,1257368,1048.509145,0.000834,1048.509145,1048.509145,TRUE,7635.421578,7,17/10/2019 19:33,6586.912433,62265,0.105788363,TRUE
1294,1305793,1294,2019_Grotenete,gn-13,VR2W-124066,51.119771,4.990306,17/10/2019 03:52,17/10/2019 03:57,6,4708,2389.94432,0.507635,3438.453465,3438.453465,FALSE,7635.421578,7,17/10/2019 19:33,4196.968113,56493,0.074291826,TRUE
1295,1305793,1295,2019_Grotenete,gn-13,VR2W-124066,51.119771,4.990306,17/10/2019 10:57,17/10/2019 11:54,8,NA,NA,NA,3438.453465,3438.453465,FALSE,7635.421578,7,17/10/2019 19:33,4196.968113,30968,0.135525966,TRUE
1296,1305793,1296,2019_Grotenete,gn-13,VR2W-124066,51.119771,4.990306,17/10/2019 13:00,17/10/2019 14:55,80,NA,NA,NA,3438.453465,3438.453465,FALSE,7635.421578,7,17/10/2019 19:33,4196.968113,23610,0.177762309,TRUE
1297,1305793,1297,2019_Grotenete,gn-13,VR2W-124066,51.119771,4.990306,17/10/2019 17:19,17/10/2019 17:20,2,NA,NA,NA,3438.453465,3438.453465,TRUE,7635.421578,7,17/10/2019 19:33,4196.968113,8075,0.519748373,TRUE
1298,1305793,1298,2019_Grotenete,gn-11,VR2W-127720,51.09592,4.957142,17/10/2019 19:33,17/10/2019 19:36,3,8000,4338.377744,0.542297,7776.831209,7635.421578,TRUE,21357.31227,10,18/10/2019 00:37,13721.89069,18199,0.753991466,TRUE
1299,1305793,1299,2019_Grotenete,gn-10,VR2W-122324,51.091558,4.945793,17/10/2019 19:59,17/10/2019 20:05,7,1388,1107.062052,0.797595,8883.893261,8742.48363,TRUE,21357.31227,10,18/10/2019 00:37,12614.82864,16661,0.757147149,TRUE
1300,1305793,1300,2019_Grotenete,gn-9,VR2W-127109,51.081153,4.913762,17/10/2019 21:02,17/10/2019 21:07,4,3405,2855.524863,0.838627,11739.41812,11598.00849,TRUE,21357.31227,10,18/10/2019 00:37,9759.303779,12889,0.757180835,TRUE
1301,1305793,1301,2019_Grotenete,gn-7,VR2W-122340,51.061848,4.787587,18/10/2019 00:37,18/10/2019 01:23,41,12572,9817.88091,0.780932,21557.29903,21357.31227,FALSE,31338.23349,14,19/10/2019 18:31,9980.921215,150844,0.066167174,TRUE
1302,1305793,1302,2019_Grotenete,gn-7,VR2W-122340,51.061848,4.787587,18/10/2019 05:45,18/10/2019 06:08,17,NA,NA,NA,21557.29903,21357.31227,FALSE,31338.23349,14,19/10/2019 18:31,9980.921215,132365,0.075404535,TRUE
1303,1305793,1303,2019_Grotenete,gn-7,VR2W-122340,51.061848,4.787587,18/10/2019 10:05,18/10/2019 10:05,1,NA,NA,NA,21557.29903,21357.31227,TRUE,31338.23349,14,19/10/2019 18:31,9980.921215,116758,0.085483832,TRUE
1304,1305793,1304,2019_Grotenete,gn-6,VR2W-122333,51.078636,4.757592,18/10/2019 19:50,18/10/2019 19:55,5,35136,3296.955011,0.093834,24854.25405,24654.26728,TRUE,31338.23349,14,19/10/2019 18:31,6683.966204,81622,0.081889273,TRUE
1305,1305793,1305,2019_Grotenete,gn-5,VR2W-122332,51.125942,4.718199,19/10/2019 18:31,19/10/2019 18:35,4,81336,6683.966204,0.082177,31538.22025,31338.23349,TRUE,35783.62643,15,22/10/2019 19:46,4445.392939,263716,0.016856743,TRUE
1306,1305793,1306,2019_Grotenete,gn-4,VR2W-122353,51.135075,4.664932,22/10/2019 19:46,22/10/2019 19:53,7,263492,4503.97007,0.017093,36042.19032,35783.62643,TRUE,39887.6149,16,25/10/2019 21:35,4103.98847,265761,0.015442403,TRUE
1307,1305793,1307,2019_Grotenete,gn-3,VR2W-122365,51.130352,4.617316,25/10/2019 21:35,25/10/2019 21:41,7,265356,4186.83712,0.015778,40229.02744,39887.6149,TRUE,44215.90202,18,26/10/2019 20:08,4328.287125,81160,0.0533303,TRUE
1308,1305793,1308,2019_Grotenete,gn-2,VR2W-127721,51.135829,4.5937,26/10/2019 19:08,26/10/2019 19:37,22,77199,2138.410314,0.0277,42367.43775,42026.02521,TRUE,46288.62457,21,27/10/2019 19:35,4262.599357,88039,0.048417171,TRUE
1309,1305793,1309,2019_Grotenete,bn-3,VR2W-124063,51.126391,4.571903,26/10/2019 20:08,26/10/2019 20:35,22,1842,2189.87681,1.188858,44557.31456,44215.90202,FALSE,50582.61415,22,27/10/2019 21:29,6366.712132,91259,0.069765307,TRUE
1310,1305793,1310,2019_Grotenete,bn-3,VR2W-124063,51.126391,4.571903,27/10/2019 03:37,27/10/2019 04:30,11,NA,NA,NA,44557.31456,44215.90202,FALSE,50582.61415,22,27/10/2019 21:29,6366.712132,64297,0.099020361,TRUE
1311,1305793,1311,2019_Grotenete,bn-3,VR2W-124063,51.126391,4.571903,27/10/2019 15:36,27/10/2019 17:11,50,NA,NA,NA,44557.31456,44215.90202,TRUE,50582.61415,22,27/10/2019 21:29,6366.712132,21154,0.300969657,TRUE
1312,1305793,1312,2019_Grotenete,bn-2,VR2W-124078,51.117416,4.549158,27/10/2019 19:35,27/10/2019 19:45,11,8674,2072.722547,0.238958,46630.03711,46288.62457,TRUE,50582.61415,22,27/10/2019 21:29,4293.989585,6833,0.628419374,TRUE
1313,1305793,1313,2019_Grotenete,bn-1,VR2W-122351,51.093001,4.506837,27/10/2019 21:29,27/10/2019 22:10,33,6220,4293.989585,0.690352,50924.0267,50582.61415,TRUE,55176.55966,23,28/10/2019 07:57,4593.945504,37681,0.121916762,TRUE
1314,1305793,1314,2019_Grotenete,bn-Walem,VR2W-122339,51.07183,4.45474,28/10/2019 07:57,28/10/2019 08:09,10,35245,4593.945504,0.130343,55517.9722,55176.55966,TRUE,62601.73428,24,28/10/2019 21:26,7425.174625,48532,0.152995439,TRUE
1315,1305793,1315,2019_Grotenete,ru-1,VR2W-122328,51.082273,4.366215,28/10/2019 21:26,28/10/2019 21:51,16,47809,7425.174625,0.155309,62943.14682,62601.73428,FALSE,72606.86242,37,09/11/2019 18:50,10005.12814,1027441,0.00973791,TRUE
1316,1305793,1316,2019_Grotenete,me-7-2b,VR2W-113524,51.1008,4.330483,28/10/2019 23:05,28/10/2019 23:15,5,4449,3445.459128,0.774435,66388.60595,66047.19341,FALSE,72606.86242,37,09/11/2019 18:50,6559.669007,1021490,0.006421667,TRUE
1317,1305793,1317,2019_Grotenete,me-7-2b,VR2W-113524,51.1008,4.330483,29/10/2019 16:48,29/10/2019 17:00,3,NA,NA,NA,66388.60595,66047.19341,FALSE,72606.86242,37,09/11/2019 18:50,6559.669007,957689,0.006849477,TRUE
1318,1305793,1318,2019_Grotenete,me-7-2b,VR2W-113524,51.1008,4.330483,04/11/2019 15:47,04/11/2019 15:49,2,NA,NA,NA,66388.60595,66047.19341,FALSE,72606.86242,37,09/11/2019 18:50,6559.669007,442958,0.014808783,TRUE
1319,1305793,1319,2019_Grotenete,me-7-2b,VR2W-113524,51.1008,4.330483,05/11/2019 03:50,05/11/2019 04:07,5,NA,NA,NA,66388.60595,66047.19341,FALSE,72606.86242,37,09/11/2019 18:50,6559.669007,399593,0.016415876,TRUE
1320,1305793,1320,2019_Grotenete,me-7-2b,VR2W-113524,51.1008,4.330483,05/11/2019 16:40,05/11/2019 17:14,9,NA,NA,NA,66388.60595,66047.19341,FALSE,72606.86242,37,09/11/2019 18:50,6559.669007,353423,0.018560391,TRUE
1321,1305793,1321,2019_Grotenete,me-7-2b,VR2W-113524,51.1008,4.330483,05/11/2019 22:39,05/11/2019 22:39,1,NA,NA,NA,66388.60595,66047.19341,FALSE,72606.86242,37,09/11/2019 18:50,6559.669007,331846,0.019767208,TRUE
1322,1305793,1322,2019_Grotenete,me-7-2b,VR2W-113524,51.1008,4.330483,06/11/2019 10:39,06/11/2019 11:25,17,NA,NA,NA,66388.60595,66047.19341,FALSE,72606.86242,37,09/11/2019 18:50,6559.669007,288665,0.022724158,TRUE
1323,1305793,1323,2019_Grotenete,me-7-2b,VR2W-113524,51.1008,4.330483,06/11/2019 17:02,06/11/2019 17:05,3,NA,NA,NA,66388.60595,66047.19341,FALSE,72606.86242,37,09/11/2019 18:50,6559.669007,265668,0.024691227,TRUE
1324,1305793,1324,2019_Grotenete,me-7-2b,VR2W-113524,51.1008,4.330483,06/11/2019 23:54,07/11/2019 00:24,8,NA,NA,NA,66388.60595,66047.19341,FALSE,72606.86242,37,09/11/2019 18:50,6559.669007,240963,0.027222723,TRUE
1325,1305793,1325,2019_Grotenete,me-7-2b,VR2W-113524,51.1008,4.330483,07/11/2019 06:44,07/11/2019 06:47,3,NA,NA,NA,66388.60595,66047.19341,FALSE,72606.86242,37,09/11/2019 18:50,6559.669007,216361,0.030318167,TRUE
1326,1305793,1326,2019_Grotenete,me-7-2b,VR2W-113524,51.1008,4.330483,09/11/2019 08:04,09/11/2019 08:42,19,NA,NA,NA,66388.60595,66047.19341,FALSE,72606.86242,37,09/11/2019 18:50,6559.669007,38732,0.169360451,TRUE
1327,1305793,1327,2019_Grotenete,me-7-2b,VR2W-113524,51.1008,4.330483,09/11/2019 15:13,09/11/2019 15:43,15,NA,NA,NA,66388.60595,66047.19341,TRUE,72606.86242,37,09/11/2019 18:50,6559.669007,13043,0.502926398,TRUE
1328,1305793,1328,2019_Grotenete,s-8a,VR2W-127719,51.14222,4.32646,09/11/2019 18:50,09/11/2019 19:01,2,11232,6559.669007,0.584016,72948.27496,72606.86242,FALSE,78314.02374,45,14/11/2019 07:07,5707.161319,389823,0.014640391,TRUE
1329,1305793,1329,2019_Grotenete,s-8a,VR2W-127719,51.14222,4.32646,09/11/2019 21:16,09/11/2019 22:26,3,NA,NA,NA,72948.27496,72606.86242,FALSE,78314.02374,45,14/11/2019 07:07,5707.161319,381051,0.014977421,TRUE
1330,1305793,1330,2019_Grotenete,s-8,VR2W-112295,51.14319,4.33078,10/11/2019 02:25,10/11/2019 03:13,4,14308,300.004368,0.020968,73248.27933,72906.86678,FALSE,78314.02374,45,14/11/2019 07:07,5407.156952,362540,0.014914649,TRUE
1331,1305793,1331,2019_Grotenete,s-8,VR2W-112295,51.14319,4.33078,10/11/2019 07:36,10/11/2019 12:00,27,NA,NA,NA,73248.27933,72906.86678,FALSE,78314.02374,45,14/11/2019 07:07,5407.156952,343873,0.015724285,TRUE
1332,1305793,1332,2019_Grotenete,s-8,VR2W-112295,51.14319,4.33078,10/11/2019 14:10,10/11/2019 15:49,26,NA,NA,NA,73248.27933,72906.86678,FALSE,78314.02374,45,14/11/2019 07:07,5407.156952,320198,0.016886917,TRUE
1333,1305793,1333,2019_Grotenete,s-8,VR2W-112295,51.14319,4.33078,10/11/2019 22:19,10/11/2019 22:19,1,NA,NA,NA,73248.27933,72906.86678,FALSE,NA,NA,NA,NA,NA,NA,TRUE
1334,1305793,1334,2019_Grotenete,s-8a,VR2W-127719,51.14222,4.32646,11/11/2019 02:38,11/11/2019 03:46,59,15539,300.004368,0.019307,73548.2837,72606.86242,FALSE,78314.02374,45,14/11/2019 07:07,5707.161319,275319,0.020729268,TRUE
1335,1305793,1335,2019_Grotenete,s-8a,VR2W-127719,51.14222,4.32646,13/11/2019 10:19,13/11/2019 10:19,1,NA,NA,NA,73548.2837,72606.86242,TRUE,78314.02374,45,14/11/2019 07:07,5707.161319,74857,0.07624085,TRUE
1336,1305793,1336,2019_Grotenete,s-9,VR2W-122319,51.19069,4.32954,14/11/2019 07:07,14/11/2019 08:37,58,74857,5707.161319,0.076241,79255.44501,78314.02374,TRUE,86163.58875,46,20/11/2019 13:47,7849.565013,542376,0.014472552,TRUE
1337,1305793,1337,2019_Grotenete,ak-41,VR2W-126195,51.239128,4.397469,20/11/2019 13:47,20/11/2019 14:13,28,536974,7849.565013,0.014618,87105.01003,86163.58875,TRUE,100575.5524,47,21/11/2019 00:38,14411.96369,39071,0.368866005,TRUE
1338,1305793,1338,2019_Grotenete,s-12,VR2W-127732,51.30305,4.28731,21/11/2019 00:38,21/11/2019 00:54,16,37514,14411.96369,0.384176,101516.9737,100575.5524,TRUE,125171.1861,49,24/11/2019 02:51,24595.63363,267164,0.092061931,TRUE
1339,1305793,1339,2019_Grotenete,s-STD3,VR2W-134898,51.330504,4.270161,21/11/2019 01:47,21/11/2019 02:00,3,3209,3855.62017,1.201502,105372.5939,104431.1726,TRUE,125171.1861,49,24/11/2019 02:51,20740.01346,263011,0.078856069,TRUE
1340,1305793,1340,2019_Grotenete,ws-55,VR2W-127734,51.40221,4.02998,24/11/2019 02:51,24/11/2019 02:52,3,262205,20740.01346,0.079098,126112.6073,125171.1861,FALSE,149520.9065,51,24/11/2019 17:09,24349.72045,51508,0.472736671,TRUE
1341,1305793,1341,2019_Grotenete,ws-53A,VR2W-127731,51.411167,4.029233,24/11/2019 03:02,24/11/2019 03:05,3,588,1041.430808,1.771141,127154.0381,125685.4227,TRUE,149520.9065,51,24/11/2019 17:09,23835.48382,50805,0.469156261,TRUE
1342,1305793,1342,2019_Grotenete,ws-2C,VR2W-122329,51.4169613,3.7188079,24/11/2019 17:09,24/11/2019 17:14,4,50646,24249.72707,0.478808,151403.7652,149520.9065,NA,NA,NA,NA,NA,NA,NA,TRUE
1343,1305793,1343,2019_Grotenete,ws-borssele,VR2AR-546900,51.43161667,3.704916667,24/11/2019 17:28,24/11/2019 17:54,21,849,1972.76954,2.323639,153376.5348,151259.3675,FALSE,NA,NA,NA,NA,NA,NA,TRUE
1344,1305793,1344,2019_Grotenete,ws-11,VR2W-120874,51.41163,3.70746,24/11/2019 22:55,25/11/2019 00:24,71,18023,2241.448278,0.124366,155617.983,150072.3076,NA,NA,NA,NA,NA,NA,NA,FALSE
